﻿时间,SOC(%),电池电流(A),电池电压(mV),堆包电压(V),总容量(mAh),剩余容量(mAh),放电电压(mV),充电电压(mV),充电请求电流(mA),放电请求电流(mA),电芯电压1(mv),电芯电压2(mv),电芯电压3(mv),电芯电压4(mv),电芯电压5(mv),电芯电压6(mv),电芯电压7(mv),电芯电压8(mv),电芯电压9(mv),电芯电压10(mv),电芯电压11(mv),电芯电压12(mv),电芯电压13(mv),电芯电压14(mv),电芯电压15(mv),电芯电压16(mv),最大电芯电压(mv),最大电芯序列,最小电芯电压(mv),最小电芯序列,电芯压差(mv),电芯温度(℃),电芯温度(℃),电芯温度(℃),电芯温度(℃),MOS温度(℃),MOS温度(℃),环境温度(℃),最大温度(℃),最大温度序列,最小温度(℃),最小温度序列,电芯过压告警,电芯欠压告警,总压过压告警,总压欠压告警,充电过温告警,充电欠温告警,放电过温告警,放电欠温告警,环境过温告警,环境欠温告警,MOS过温,充电过流告警,放电过流告警,压差告警,温差告警,电芯过压故障,电芯欠压故障,总压过压故障,总压欠压故障,充电过温故障,充电欠温故障,放电过温故障,放电欠温故障,环境过温故障,环境欠温故障,MOS过温故障,充电过流故障,放电过流故障,压差故障,温差故障,预充故障,禁止充电故障,硬件充电过流故障,硬件放电过流故障,硬件电芯过压故障,充电保护丢失,放电保护丢失
25.04.2022 14:13:43,91,0,53400,53,9190,8420,48000,56000,50000,-100000,3320,3324,3324,3323,3323,3324,3324,3323,3324,3324,3324,3324,3324,3324,3324,3323,3324,2,3320,1,4,21,21,22,22,22,22,31,22,3,21,1,Disable,Disable,Disable,Disable,Disable,Disable,Disable,Disable,Disable,Disable,Disable,Disable,Disable,Disable,Disable,Disable,Disable,Disable,Disable,Disablevvvvvvvv,Disable,Disable,Disable,Disable,Disable,Disable,Disable,Disable,Disable,Disable,Disable,Disable,Disable,Disable,Disable,Disable,Disable,
25.04.2022 14:13:44,91,0,53400,53,9190,8420,48000,56000,50000,-100000,3320,3324,3324,3323,3323,3324,3324,3323,3324,3324,3324,3324,3324,3324,3324,3323,3324,2,3320,1,4,21,21,22,22,22,22,31,22,3,21,1,Disable,Disable,Disable,Disable,Disable,Disable,Disable,Disable,Disable,Disable,Disable,Disable,Disable,Disable,Disable,Disable,Disable,Disable,Disable,Disablevvvvvvvv,Disable,Disable,Disable,Disable,Disable,Disable,Disable,Disable,Disable,Disable,Disable,Disable,Disable,Disable,Disable,Disable,Disable,
25.04.2022 14:13:45,91,0,53400,53,9190,8420,48000,56000,50000,-100000,3320,3324,3324,3323,3323,3324,3324,3323,3324,3324,3324,3324,3324,3324,3324,3323,3324,2,3320,1,4,21,21,22,22,22,22,31,22,3,21,1,Disable,Disable,Disable,Disable,Disable,Disable,Disable,Disable,Disable,Disable,Disable,Disable,Disable,Disable,Disable,Disable,Disable,Disable,Disable,Disablevvvvvvvv,Disable,Disable,Disable,Disable,Disable,Disable,Disable,Disable,Disable,Disable,Disable,Disable,Disable,Disable,Disable,Disable,Disable,
25.04.2022 14:13:46,91,0,53400,53,9190,8420,48000,56000,50000,-100000,3320,3324,3324,3323,3323,3324,3324,3323,3324,3324,3324,3324,3324,3324,3324,3323,3324,2,3320,1,4,21,21,22,22,22,22,31,22,3,21,1,Disable,Disable,Disable,Disable,Disable,Disable,Disable,Disable,Disable,Disable,Disable,Disable,Disable,Disable,Disable,Disable,Disable,Disable,Disable,Disablevvvvvvvv,Disable,Disable,Disable,Disable,Disable,Disable,Disable,Disable,Disable,Disable,Disable,Disable,Disable,Disable,Disable,Disable,Disable,
25.04.2022 14:13:47,91,0,53400,53,9190,8420,48000,56000,50000,-100000,3320,3324,3324,3323,3323,3324,3324,3323,3324,3324,3324,3324,3324,3324,3324,3323,3324,2,3320,1,4,21,21,22,22,22,22,31,22,3,21,1,Disable,Disable,Disable,Disable,Disable,Disable,Disable,Disable,Disable,Disable,Disable,Disable,Disable,Disable,Disable,Disable,Disable,Disable,Disable,Disablevvvvvvvv,Disable,Disable,Disable,Disable,Disable,Disable,Disable,Disable,Disable,Disable,Disable,Disable,Disable,Disable,Disable,Disable,Disable,
25.04.2022 14:13:48,91,0,53400,53,9190,8420,48000,56000,50000,-100000,3320,3324,3324,3323,3323,3324,3324,3323,3324,3324,3324,3324,3324,3324,3324,3323,3324,2,3320,1,4,21,21,22,22,22,22,31,22,3,21,1,Disable,Disable,Disable,Disable,Disable,Disable,Disable,Disable,Disable,Disable,Disable,Disable,Disable,Disable,Disable,Disable,Disable,Disable,Disable,Disablevvvvvvvv,Disable,Disable,Disable,Disable,Disable,Disable,Disable,Disable,Disable,Disable,Disable,Disable,Disable,Disable,Disable,Disable,Disable,
25.04.2022 14:13:49,91,0,53400,53,9190,8420,48000,56000,50000,-100000,3320,3324,3324,3323,3323,3324,3324,3323,3324,3324,3324,3324,3324,3324,3324,3323,3324,2,3320,1,4,21,21,22,22,22,22,31,22,3,21,1,Disable,Disable,Disable,Disable,Disable,Disable,Disable,Disable,Disable,Disable,Disable,Disable,Disable,Disable,Disable,Disable,Disable,Disable,Disable,Disablevvvvvvvv,Disable,Disable,Disable,Disable,Disable,Disable,Disable,Disable,Disable,Disable,Disable,Disable,Disable,Disable,Disable,Disable,Disable,
25.04.2022 14:13:50,91,0,53400,53,9190,8420,48000,56000,50000,-100000,3320,3324,3324,3323,3323,3324,3324,3323,3324,3324,3324,3324,3324,3324,3324,3323,3324,2,3320,1,4,21,21,22,22,22,22,31,22,3,21,1,Disable,Disable,Disable,Disable,Disable,Disable,Disable,Disable,Disable,Disable,Disable,Disable,Disable,Disable,Disable,Disable,Disable,Disable,Disable,Disablevvvvvvvv,Disable,Disable,Disable,Disable,Disable,Disable,Disable,Disable,Disable,Disable,Disable,Disable,Disable,Disable,Disable,Disable,Disable,
25.04.2022 14:13:51,91,0,53400,53,9190,8420,48000,56000,50000,-100000,3320,3324,3324,3323,3323,3324,3324,3323,3324,3324,3324,3324,3324,3324,3324,3323,3324,2,3320,1,4,21,21,22,22,22,22,31,22,3,21,1,Disable,Disable,Disable,Disable,Disable,Disable,Disable,Disable,Disable,Disable,Disable,Disable,Disable,Disable,Disable,Disable,Disable,Disable,Disable,Disablevvvvvvvv,Disable,Disable,Disable,Disable,Disable,Disable,Disable,Disable,Disable,Disable,Disable,Disable,Disable,Disable,Disable,Disable,Disable,
25.04.2022 14:13:52,91,0,53400,53,9190,8420,48000,56000,50000,-100000,3320,3324,3324,3323,3323,3324,3324,3323,3324,3324,3324,3324,3324,3324,3324,3323,3324,2,3320,1,4,21,21,22,22,22,22,31,22,3,21,1,Disable,Disable,Disable,Disable,Disable,Disable,Disable,Disable,Disable,Disable,Disable,Disable,Disable,Disable,Disable,Disable,Disable,Disable,Disable,Disablevvvvvvvv,Disable,Disable,Disable,Disable,Disable,Disable,Disable,Disable,Disable,Disable,Disable,Disable,Disable,Disable,Disable,Disable,Disable,
25.04.2022 14:13:53,91,0,53400,53,9190,8420,48000,56000,50000,-100000,3320,3324,3324,3323,3323,3324,3324,3323,3324,3324,3324,3324,3324,3324,3324,3323,3324,2,3320,1,4,21,21,22,22,22,22,31,22,3,21,1,Disable,Disable,Disable,Disable,Disable,Disable,Disable,Disable,Disable,Disable,Disable,Disable,Disable,Disable,Disable,Disable,Disable,Disable,Disable,Disablevvvvvvvv,Disable,Disable,Disable,Disable,Disable,Disable,Disable,Disable,Disable,Disable,Disable,Disable,Disable,Disable,Disable,Disable,Disable,
25.04.2022 14:13:54,91,0,53400,53,9190,8420,48000,56000,50000,-100000,3320,3324,3324,3323,3323,3324,3324,3323,3324,3324,3324,3324,3324,3324,3324,3323,3324,2,3320,1,4,21,21,22,22,22,22,31,22,3,21,1,Disable,Disable,Disable,Disable,Disable,Disable,Disable,Disable,Disable,Disable,Disable,Disable,Disable,Disable,Disable,Disable,Disable,Disable,Disable,Disablevvvvvvvv,Disable,Disable,Disable,Disable,Disable,Disable,Disable,Disable,Disable,Disable,Disable,Disable,Disable,Disable,Disable,Disable,Disable,
25.04.2022 14:13:56,91,0,53400,53,9190,8420,48000,56000,50000,-100000,3320,3324,3324,3323,3323,3324,3324,3323,3324,3324,3324,3324,3324,3324,3324,3323,3324,2,3320,1,4,21,21,22,22,22,22,31,22,3,21,1,Disable,Disable,Disable,Disable,Disable,Disable,Disable,Disable,Disable,Disable,Disable,Disable,Disable,Disable,Disable,Disable,Disable,Disable,Disable,Disablevvvvvvvv,Disable,Disable,Disable,Disable,Disable,Disable,Disable,Disable,Disable,Disable,Disable,Disable,Disable,Disable,Disable,Disable,Disable,
25.04.2022 14:13:56,91,0,53400,53,9190,8420,48000,56000,50000,-100000,3320,3324,3324,3323,3323,3324,3324,3323,3324,3324,3324,3324,3324,3324,3324,3323,3324,2,3320,1,4,21,21,22,22,22,22,31,22,3,21,1,Disable,Disable,Disable,Disable,Disable,Disable,Disable,Disable,Disable,Disable,Disable,Disable,Disable,Disable,Disable,Disable,Disable,Disable,Disable,Disablevvvvvvvv,Disable,Disable,Disable,Disable,Disable,Disable,Disable,Disable,Disable,Disable,Disable,Disable,Disable,Disable,Disable,Disable,Disable,
25.04.2022 14:13:57,91,0,53400,53,9190,8420,48000,56000,50000,-100000,3320,3324,3324,3323,3323,3324,3324,3323,3324,3324,3324,3324,3324,3324,3324,3323,3324,2,3320,1,4,21,21,22,22,22,22,31,22,3,21,1,Disable,Disable,Disable,Disable,Disable,Disable,Disable,Disable,Disable,Disable,Disable,Disable,Disable,Disable,Disable,Disable,Disable,Disable,Disable,Disablevvvvvvvv,Disable,Disable,Disable,Disable,Disable,Disable,Disable,Disable,Disable,Disable,Disable,Disable,Disable,Disable,Disable,Disable,Disable,
25.04.2022 14:13:58,91,0,53400,53,9190,8420,48000,56000,50000,-100000,3320,3324,3324,3323,3323,3324,3324,3323,3324,3324,3324,3324,3324,3324,3324,3323,3324,2,3320,1,4,21,21,22,22,22,22,31,22,3,21,1,Disable,Disable,Disable,Disable,Disable,Disable,Disable,Disable,Disable,Disable,Disable,Disable,Disable,Disable,Disable,Disable,Disable,Disable,Disable,Disablevvvvvvvv,Disable,Disable,Disable,Disable,Disable,Disable,Disable,Disable,Disable,Disable,Disable,Disable,Disable,Disable,Disable,Disable,Disable,
25.04.2022 14:13:59,91,0,53400,53,9190,8420,48000,56000,50000,-100000,3320,3324,3324,3323,3323,3324,3324,3323,3324,3324,3324,3324,3324,3324,3324,3323,3324,2,3320,1,4,21,21,22,22,22,22,31,22,3,21,1,Disable,Disable,Disable,Disable,Disable,Disable,Disable,Disable,Disable,Disable,Disable,Disable,Disable,Disable,Disable,Disable,Disable,Disable,Disable,Disablevvvvvvvv,Disable,Disable,Disable,Disable,Disable,Disable,Disable,Disable,Disable,Disable,Disable,Disable,Disable,Disable,Disable,Disable,Disable,
25.04.2022 14:14:00,91,0,53400,53,9190,8420,48000,56000,50000,-100000,3320,3324,3324,3323,3323,3324,3324,3323,3324,3324,3324,3324,3324,3324,3324,3323,3324,2,3320,1,4,21,21,22,22,22,22,31,22,3,21,1,Disable,Disable,Disable,Disable,Disable,Disable,Disable,Disable,Disable,Disable,Disable,Disable,Disable,Disable,Disable,Disable,Disable,Disable,Disable,Disablevvvvvvvv,Disable,Disable,Disable,Disable,Disable,Disable,Disable,Disable,Disable,Disable,Disable,Disable,Disable,Disable,Disable,Disable,Disable,
25.04.2022 14:14:01,91,0,53400,53,9190,8420,48000,56000,50000,-100000,3320,3324,3324,3323,3323,3324,3324,3323,3324,3324,3324,3324,3324,3324,3324,3323,3324,2,3320,1,4,21,21,22,22,22,22,31,22,3,21,1,Disable,Disable,Disable,Disable,Disable,Disable,Disable,Disable,Disable,Disable,Disable,Disable,Disable,Disable,Disable,Disable,Disable,Disable,Disable,Disablevvvvvvvv,Disable,Disable,Disable,Disable,Disable,Disable,Disable,Disable,Disable,Disable,Disable,Disable,Disable,Disable,Disable,Disable,Disable,
25.04.2022 14:14:02,91,0,53400,53,9190,8420,48000,56000,50000,-100000,3320,3324,3324,3323,3323,3324,3324,3323,3324,3324,3324,3324,3324,3324,3324,3323,3324,2,3320,1,4,21,21,22,22,22,22,31,22,3,21,1,Disable,Disable,Disable,Disable,Disable,Disable,Disable,Disable,Disable,Disable,Disable,Disable,Disable,Disable,Disable,Disable,Disable,Disable,Disable,Disablevvvvvvvv,Disable,Disable,Disable,Disable,Disable,Disable,Disable,Disable,Disable,Disable,Disable,Disable,Disable,Disable,Disable,Disable,Disable,
25.04.2022 14:14:03,91,0,53400,53,9190,8420,48000,56000,50000,-100000,3320,3324,3324,3323,3323,3324,3324,3323,3324,3324,3324,3324,3324,3324,3324,3323,3324,2,3320,1,4,21,21,22,22,22,22,31,22,3,21,1,Disable,Disable,Disable,Disable,Disable,Disable,Disable,Disable,Disable,Disable,Disable,Disable,Disable,Disable,Disable,Disable,Disable,Disable,Disable,Disablevvvvvvvv,Disable,Disable,Disable,Disable,Disable,Disable,Disable,Disable,Disable,Disable,Disable,Disable,Disable,Disable,Disable,Disable,Disable,
25.04.2022 14:14:05,91,0,53400,53,9190,8420,48000,56000,50000,-100000,3320,3324,3324,3323,3323,3324,3324,3323,3324,3324,3324,3324,3324,3324,3324,3323,3324,2,3320,1,4,21,21,22,22,22,22,31,22,3,21,1,Disable,Disable,Disable,Disable,Disable,Disable,Disable,Disable,Disable,Disable,Disable,Disable,Disable,Disable,Disable,Disable,Disable,Disable,Disable,Disablevvvvvvvv,Disable,Disable,Disable,Disable,Disable,Disable,Disable,Disable,Disable,Disable,Disable,Disable,Disable,Disable,Disable,Disable,Disable,
25.04.2022 14:14:05,91,0,53400,53,9190,8420,48000,56000,50000,-100000,3320,3324,3324,3323,3323,3324,3324,3323,3324,3324,3324,3324,3324,3324,3324,3323,3324,2,3320,1,4,21,21,22,22,22,22,31,22,3,21,1,Disable,Disable,Disable,Disable,Disable,Disable,Disable,Disable,Disable,Disable,Disable,Disable,Disable,Disable,Disable,Disable,Disable,Disable,Disable,Disablevvvvvvvv,Disable,Disable,Disable,Disable,Disable,Disable,Disable,Disable,Disable,Disable,Disable,Disable,Disable,Disable,Disable,Disable,Disable,
25.04.2022 14:14:06,91,0,53400,53,9190,8420,48000,56000,50000,-100000,3320,3324,3324,3323,3323,3324,3324,3323,3324,3324,3324,3324,3324,3324,3324,3323,3324,2,3320,1,4,21,21,22,22,22,22,31,22,3,21,1,Disable,Disable,Disable,Disable,Disable,Disable,Disable,Disable,Disable,Disable,Disable,Disable,Disable,Disable,Disable,Disable,Disable,Disable,Disable,Disablevvvvvvvv,Disable,Disable,Disable,Disable,Disable,Disable,Disable,Disable,Disable,Disable,Disable,Disable,Disable,Disable,Disable,Disable,Disable,
25.04.2022 14:14:07,91,0,53400,53,9190,8420,48000,56000,50000,-100000,3320,3324,3324,3323,3323,3324,3324,3323,3324,3324,3324,3324,3324,3324,3324,3323,3324,2,3320,1,4,21,21,22,22,22,22,31,22,3,21,1,Disable,Disable,Disable,Disable,Disable,Disable,Disable,Disable,Disable,Disable,Disable,Disable,Disable,Disable,Disable,Disable,Disable,Disable,Disable,Disablevvvvvvvv,Disable,Disable,Disable,Disable,Disable,Disable,Disable,Disable,Disable,Disable,Disable,Disable,Disable,Disable,Disable,Disable,Disable,
25.04.2022 14:14:08,91,0,53400,53,9190,8420,48000,56000,50000,-100000,3320,3324,3324,3323,3323,3324,3324,3323,3324,3324,3324,3324,3324,3324,3324,3323,3324,2,3320,1,4,21,21,22,22,22,22,31,22,3,21,1,Disable,Disable,Disable,Disable,Disable,Disable,Disable,Disable,Disable,Disable,Disable,Disable,Disable,Disable,Disable,Disable,Disable,Disable,Disable,Disablevvvvvvvv,Disable,Disable,Disable,Disable,Disable,Disable,Disable,Disable,Disable,Disable,Disable,Disable,Disable,Disable,Disable,Disable,Disable,
25.04.2022 14:14:09,91,0,53400,53,9190,8420,48000,56000,50000,-100000,3320,3324,3324,3323,3323,3324,3324,3323,3324,3324,3324,3324,3324,3324,3324,3323,3324,2,3320,1,4,21,21,22,22,22,22,31,22,3,21,1,Disable,Disable,Disable,Disable,Disable,Disable,Disable,Disable,Disable,Disable,Disable,Disable,Disable,Disable,Disable,Disable,Disable,Disable,Disable,Disablevvvvvvvv,Disable,Disable,Disable,Disable,Disable,Disable,Disable,Disable,Disable,Disable,Disable,Disable,Disable,Disable,Disable,Disable,Disable,
25.04.2022 14:14:10,91,0,53400,53,9190,8420,48000,56000,50000,-100000,3320,3324,3324,3323,3323,3324,3324,3323,3324,3324,3324,3324,3324,3324,3324,3323,3324,2,3320,1,4,21,21,22,22,22,22,31,22,3,21,1,Disable,Disable,Disable,Disable,Disable,Disable,Disable,Disable,Disable,Disable,Disable,Disable,Disable,Disable,Disable,Disable,Disable,Disable,Disable,Disablevvvvvvvv,Disable,Disable,Disable,Disable,Disable,Disable,Disable,Disable,Disable,Disable,Disable,Disable,Disable,Disable,Disable,Disable,Disable,
25.04.2022 14:14:11,91,0,53400,53,9190,8420,48000,56000,50000,-100000,3320,3324,3324,3323,3323,3324,3324,3323,3324,3324,3324,3324,3324,3324,3324,3323,3324,2,3320,1,4,21,21,22,22,22,22,31,22,3,21,1,Disable,Disable,Disable,Disable,Disable,Disable,Disable,Disable,Disable,Disable,Disable,Disable,Disable,Disable,Disable,Disable,Disable,Disable,Disable,Disablevvvvvvvv,Disable,Disable,Disable,Disable,Disable,Disable,Disable,Disable,Disable,Disable,Disable,Disable,Disable,Disable,Disable,Disable,Disable,
25.04.2022 14:14:12,91,0,53400,53,9190,8420,48000,56000,50000,-100000,3320,3324,3324,3323,3323,3324,3324,3323,3324,3324,3324,3324,3324,3324,3324,3323,3324,2,3320,1,4,21,21,22,22,22,22,31,22,3,21,1,Disable,Disable,Disable,Disable,Disable,Disable,Disable,Disable,Disable,Disable,Disable,Disable,Disable,Disable,Disable,Disable,Disable,Disable,Disable,Disablevvvvvvvv,Disable,Disable,Disable,Disable,Disable,Disable,Disable,Disable,Disable,Disable,Disable,Disable,Disable,Disable,Disable,Disable,Disable,
25.04.2022 14:14:13,91,0,53400,53,9190,8420,48000,56000,50000,-100000,3320,3324,3324,3323,3323,3324,3324,3323,3324,3324,3324,3324,3324,3324,3324,3323,3324,2,3320,1,4,21,21,22,22,22,22,31,22,3,21,1,Disable,Disable,Disable,Disable,Disable,Disable,Disable,Disable,Disable,Disable,Disable,Disable,Disable,Disable,Disable,Disable,Disable,Disable,Disable,Disablevvvvvvvv,Disable,Disable,Disable,Disable,Disable,Disable,Disable,Disable,Disable,Disable,Disable,Disable,Disable,Disable,Disable,Disable,Disable,
25.04.2022 14:14:14,91,0,53400,53,9190,8420,48000,56000,50000,-100000,3320,3324,3324,3323,3323,3324,3324,3323,3324,3324,3324,3324,3324,3324,3324,3323,3324,2,3320,1,4,21,21,22,22,22,22,31,22,3,21,1,Disable,Disable,Disable,Disable,Disable,Disable,Disable,Disable,Disable,Disable,Disable,Disable,Disable,Disable,Disable,Disable,Disable,Disable,Disable,Disablevvvvvvvv,Disable,Disable,Disable,Disable,Disable,Disable,Disable,Disable,Disable,Disable,Disable,Disable,Disable,Disable,Disable,Disable,Disable,
25.04.2022 14:14:15,91,0,53400,53,9190,8420,48000,56000,50000,-100000,3320,3324,3324,3323,3323,3324,3324,3323,3324,3324,3324,3324,3324,3324,3324,3323,3324,2,3320,1,4,21,21,22,22,22,22,31,22,3,21,1,Disable,Disable,Disable,Disable,Disable,Disable,Disable,Disable,Disable,Disable,Disable,Disable,Disable,Disable,Disable,Disable,Disable,Disable,Disable,Disablevvvvvvvv,Disable,Disable,Disable,Disable,Disable,Disable,Disable,Disable,Disable,Disable,Disable,Disable,Disable,Disable,Disable,Disable,Disable,
25.04.2022 14:14:16,91,0,53400,53,9190,8420,48000,56000,50000,-100000,3320,3324,3324,3323,3323,3324,3324,3323,3324,3324,3324,3324,3324,3324,3324,3323,3324,2,3320,1,4,21,21,22,22,22,22,31,22,3,21,1,Disable,Disable,Disable,Disable,Disable,Disable,Disable,Disable,Disable,Disable,Disable,Disable,Disable,Disable,Disable,Disable,Disable,Disable,Disable,Disablevvvvvvvv,Disable,Disable,Disable,Disable,Disable,Disable,Disable,Disable,Disable,Disable,Disable,Disable,Disable,Disable,Disable,Disable,Disable,
25.04.2022 14:14:17,91,0,53400,53,9190,8420,48000,56000,50000,-100000,3320,3324,3324,3323,3323,3324,3324,3323,3324,3324,3324,3324,3324,3324,3324,3323,3324,2,3320,1,4,21,21,22,22,22,22,31,22,3,21,1,Disable,Disable,Disable,Disable,Disable,Disable,Disable,Disable,Disable,Disable,Disable,Disable,Disable,Disable,Disable,Disable,Disable,Disable,Disable,Disablevvvvvvvv,Disable,Disable,Disable,Disable,Disable,Disable,Disable,Disable,Disable,Disable,Disable,Disable,Disable,Disable,Disable,Disable,Disable,
25.04.2022 14:14:18,91,0,53400,53,9190,8420,48000,56000,50000,-100000,3320,3324,3324,3323,3323,3324,3324,3323,3324,3324,3324,3324,3324,3324,3324,3323,3324,2,3320,1,4,21,21,22,22,22,22,31,22,3,21,1,Disable,Disable,Disable,Disable,Disable,Disable,Disable,Disable,Disable,Disable,Disable,Disable,Disable,Disable,Disable,Disable,Disable,Disable,Disable,Disablevvvvvvvv,Disable,Disable,Disable,Disable,Disable,Disable,Disable,Disable,Disable,Disable,Disable,Disable,Disable,Disable,Disable,Disable,Disable,
25.04.2022 14:14:19,91,0,53400,53,9190,8420,48000,56000,50000,-100000,3320,3324,3324,3323,3323,3324,3324,3323,3324,3324,3324,3324,3324,3324,3324,3323,3324,2,3320,1,4,21,21,22,22,22,22,31,22,3,21,1,Disable,Disable,Disable,Disable,Disable,Disable,Disable,Disable,Disable,Disable,Disable,Disable,Disable,Disable,Disable,Disable,Disable,Disable,Disable,Disablevvvvvvvv,Disable,Disable,Disable,Disable,Disable,Disable,Disable,Disable,Disable,Disable,Disable,Disable,Disable,Disable,Disable,Disable,Disable,
25.04.2022 14:14:20,91,0,53400,53,9190,8420,48000,56000,50000,-100000,3320,3324,3324,3323,3323,3324,3324,3323,3324,3324,3324,3324,3324,3324,3324,3323,3324,2,3320,1,4,21,21,22,22,22,22,31,22,3,21,1,Disable,Disable,Disable,Disable,Disable,Disable,Disable,Disable,Disable,Disable,Disable,Disable,Disable,Disable,Disable,Disable,Disable,Disable,Disable,Disablevvvvvvvv,Disable,Disable,Disable,Disable,Disable,Disable,Disable,Disable,Disable,Disable,Disable,Disable,Disable,Disable,Disable,Disable,Disable,
25.04.2022 14:14:21,91,0,53400,53,9190,8420,48000,56000,50000,-100000,3320,3324,3324,3323,3323,3324,3324,3323,3324,3324,3324,3324,3324,3324,3324,3323,3324,2,3320,1,4,21,21,22,22,22,22,31,22,3,21,1,Disable,Disable,Disable,Disable,Disable,Disable,Disable,Disable,Disable,Disable,Disable,Disable,Disable,Disable,Disable,Disable,Disable,Disable,Disable,Disablevvvvvvvv,Disable,Disable,Disable,Disable,Disable,Disable,Disable,Disable,Disable,Disable,Disable,Disable,Disable,Disable,Disable,Disable,Disable,
25.04.2022 14:14:22,91,0,53400,53,9190,8420,48000,56000,50000,-100000,3320,3324,3324,3323,3323,3324,3324,3323,3324,3324,3324,3324,3324,3324,3324,3323,3324,2,3320,1,4,21,21,22,22,22,22,31,22,3,21,1,Disable,Disable,Disable,Disable,Disable,Disable,Disable,Disable,Disable,Disable,Disable,Disable,Disable,Disable,Disable,Disable,Disable,Disable,Disable,Disablevvvvvvvv,Disable,Disable,Disable,Disable,Disable,Disable,Disable,Disable,Disable,Disable,Disable,Disable,Disable,Disable,Disable,Disable,Disable,
25.04.2022 14:14:23,91,0,53400,53,9190,8420,48000,56000,50000,-100000,3320,3324,3324,3323,3323,3324,3324,3323,3324,3324,3324,3324,3324,3324,3324,3323,3324,2,3320,1,4,21,21,22,22,22,22,31,22,3,21,1,Disable,Disable,Disable,Disable,Disable,Disable,Disable,Disable,Disable,Disable,Disable,Disable,Disable,Disable,Disable,Disable,Disable,Disable,Disable,Disablevvvvvvvv,Disable,Disable,Disable,Disable,Disable,Disable,Disable,Disable,Disable,Disable,Disable,Disable,Disable,Disable,Disable,Disable,Disable,
25.04.2022 14:14:24,91,0,53400,53,9190,8420,48000,56000,50000,-100000,3320,3324,3324,3323,3323,3324,3324,3323,3324,3324,3324,3324,3324,3324,3324,3323,3324,2,3320,1,4,21,21,22,22,22,22,31,22,3,21,1,Disable,Disable,Disable,Disable,Disable,Disable,Disable,Disable,Disable,Disable,Disable,Disable,Disable,Disable,Disable,Disable,Disable,Disable,Disable,Disablevvvvvvvv,Disable,Disable,Disable,Disable,Disable,Disable,Disable,Disable,Disable,Disable,Disable,Disable,Disable,Disable,Disable,Disable,Disable,
25.04.2022 14:14:25,91,0,53400,53,9190,8420,48000,56000,50000,-100000,3320,3324,3324,3323,3323,3324,3324,3323,3324,3324,3324,3324,3324,3324,3324,3323,3324,2,3320,1,4,21,21,22,22,22,22,31,22,3,21,1,Disable,Disable,Disable,Disable,Disable,Disable,Disable,Disable,Disable,Disable,Disable,Disable,Disable,Disable,Disable,Disable,Disable,Disable,Disable,Disablevvvvvvvv,Disable,Disable,Disable,Disable,Disable,Disable,Disable,Disable,Disable,Disable,Disable,Disable,Disable,Disable,Disable,Disable,Disable,
25.04.2022 14:14:26,91,0,53400,53,9190,8420,48000,56000,50000,-100000,3320,3324,3324,3323,3323,3324,3324,3323,3324,3324,3324,3324,3324,3324,3324,3323,3324,2,3320,1,4,21,21,22,22,22,22,31,22,3,21,1,Disable,Disable,Disable,Disable,Disable,Disable,Disable,Disable,Disable,Disable,Disable,Disable,Disable,Disable,Disable,Disable,Disable,Disable,Disable,Disablevvvvvvvv,Disable,Disable,Disable,Disable,Disable,Disable,Disable,Disable,Disable,Disable,Disable,Disable,Disable,Disable,Disable,Disable,Disable,
25.04.2022 14:14:27,91,0,53400,53,9190,8420,48000,56000,50000,-100000,3320,3324,3324,3323,3323,3324,3324,3323,3324,3324,3324,3324,3324,3324,3324,3323,3324,2,3320,1,4,21,21,22,22,22,22,31,22,3,21,1,Disable,Disable,Disable,Disable,Disable,Disable,Disable,Disable,Disable,Disable,Disable,Disable,Disable,Disable,Disable,Disable,Disable,Disable,Disable,Disablevvvvvvvv,Disable,Disable,Disable,Disable,Disable,Disable,Disable,Disable,Disable,Disable,Disable,Disable,Disable,Disable,Disable,Disable,Disable,
25.04.2022 14:14:28,91,0,53400,53,9190,8420,48000,56000,50000,-100000,3320,3324,3324,3323,3323,3324,3324,3323,3324,3324,3324,3324,3324,3324,3324,3323,3324,2,3320,1,4,21,21,22,22,22,22,31,22,3,21,1,Disable,Disable,Disable,Disable,Disable,Disable,Disable,Disable,Disable,Disable,Disable,Disable,Disable,Disable,Disable,Disable,Disable,Disable,Disable,Disablevvvvvvvv,Disable,Disable,Disable,Disable,Disable,Disable,Disable,Disable,Disable,Disable,Disable,Disable,Disable,Disable,Disable,Disable,Disable,
25.04.2022 14:14:29,91,0,53400,53,9190,8420,48000,56000,50000,-100000,3320,3324,3324,3323,3323,3324,3324,3323,3324,3324,3324,3324,3324,3324,3324,3323,3324,2,3320,1,4,21,21,22,22,22,22,31,22,3,21,1,Disable,Disable,Disable,Disable,Disable,Disable,Disable,Disable,Disable,Disable,Disable,Disable,Disable,Disable,Disable,Disable,Disable,Disable,Disable,Disablevvvvvvvv,Disable,Disable,Disable,Disable,Disable,Disable,Disable,Disable,Disable,Disable,Disable,Disable,Disable,Disable,Disable,Disable,Disable,
25.04.2022 14:14:30,91,0,53400,53,9190,8420,48000,56000,50000,-100000,3320,3324,3324,3323,3323,3324,3324,3323,3324,3324,3324,3324,3324,3324,3324,3323,3324,2,3320,1,4,21,21,22,22,22,22,31,22,3,21,1,Disable,Disable,Disable,Disable,Disable,Disable,Disable,Disable,Disable,Disable,Disable,Disable,Disable,Disable,Disable,Disable,Disable,Disable,Disable,Disablevvvvvvvv,Disable,Disable,Disable,Disable,Disable,Disable,Disable,Disable,Disable,Disable,Disable,Disable,Disable,Disable,Disable,Disable,Disable,
25.04.2022 14:14:31,91,0,53400,53,9190,8420,48000,56000,50000,-100000,3320,3324,3324,3323,3323,3324,3324,3323,3324,3324,3324,3324,3324,3324,3324,3323,3324,2,3320,1,4,21,21,22,22,22,22,31,22,3,21,1,Disable,Disable,Disable,Disable,Disable,Disable,Disable,Disable,Disable,Disable,Disable,Disable,Disable,Disable,Disable,Disable,Disable,Disable,Disable,Disablevvvvvvvv,Disable,Disable,Disable,Disable,Disable,Disable,Disable,Disable,Disable,Disable,Disable,Disable,Disable,Disable,Disable,Disable,Disable,
25.04.2022 14:14:32,91,0,53400,53,9190,8420,48000,56000,50000,-100000,3320,3324,3324,3323,3323,3324,3324,3323,3324,3324,3324,3324,3324,3324,3324,3323,3324,2,3320,1,4,21,21,22,22,22,22,31,22,3,21,1,Disable,Disable,Disable,Disable,Disable,Disable,Disable,Disable,Disable,Disable,Disable,Disable,Disable,Disable,Disable,Disable,Disable,Disable,Disable,Disablevvvvvvvv,Disable,Disable,Disable,Disable,Disable,Disable,Disable,Disable,Disable,Disable,Disable,Disable,Disable,Disable,Disable,Disable,Disable,
25.04.2022 14:14:34,91,0,53400,53,9190,8420,48000,56000,50000,-100000,3320,3324,3324,3323,3323,3324,3324,3323,3324,3324,3324,3324,3324,3324,3324,3323,3324,2,3320,1,4,21,21,22,22,22,22,31,22,3,21,1,Disable,Disable,Disable,Disable,Disable,Disable,Disable,Disable,Disable,Disable,Disable,Disable,Disable,Disable,Disable,Disable,Disable,Disable,Disable,Disablevvvvvvvv,Disable,Disable,Disable,Disable,Disable,Disable,Disable,Disable,Disable,Disable,Disable,Disable,Disable,Disable,Disable,Disable,Disable,
25.04.2022 14:14:34,91,0,53400,53,9190,8420,48000,56000,50000,-100000,3320,3324,3324,3323,3323,3324,3324,3323,3324,3324,3324,3324,3324,3324,3324,3323,3324,2,3320,1,4,21,21,22,22,22,22,31,22,3,21,1,Disable,Disable,Disable,Disable,Disable,Disable,Disable,Disable,Disable,Disable,Disable,Disable,Disable,Disable,Disable,Disable,Disable,Disable,Disable,Disablevvvvvvvv,Disable,Disable,Disable,Disable,Disable,Disable,Disable,Disable,Disable,Disable,Disable,Disable,Disable,Disable,Disable,Disable,Disable,
25.04.2022 14:14:36,91,0,53400,53,9190,8420,48000,56000,50000,-100000,3320,3324,3324,3323,3323,3324,3324,3323,3324,3324,3324,3324,3324,3324,3324,3323,3324,2,3320,1,4,21,21,22,22,22,22,31,22,3,21,1,Disable,Disable,Disable,Disable,Disable,Disable,Disable,Disable,Disable,Disable,Disable,Disable,Disable,Disable,Disable,Disable,Disable,Disable,Disable,Disablevvvvvvvv,Disable,Disable,Disable,Disable,Disable,Disable,Disable,Disable,Disable,Disable,Disable,Disable,Disable,Disable,Disable,Disable,Disable,
25.04.2022 14:14:36,91,0,53400,53,9190,8420,48000,56000,50000,-100000,3320,3324,3324,3323,3323,3324,3324,3323,3324,3324,3324,3324,3324,3324,3324,3323,3324,2,3320,1,4,21,21,22,22,22,22,31,22,3,21,1,Disable,Disable,Disable,Disable,Disable,Disable,Disable,Disable,Disable,Disable,Disable,Disable,Disable,Disable,Disable,Disable,Disable,Disable,Disable,Disablevvvvvvvv,Disable,Disable,Disable,Disable,Disable,Disable,Disable,Disable,Disable,Disable,Disable,Disable,Disable,Disable,Disable,Disable,Disable,
25.04.2022 14:14:37,91,0,53400,53,9190,8420,48000,56000,50000,-100000,3320,3324,3324,3323,3323,3324,3324,3323,3324,3324,3324,3324,3324,3324,3324,3323,3324,2,3320,1,4,21,21,22,22,22,22,31,22,3,21,1,Disable,Disable,Disable,Disable,Disable,Disable,Disable,Disable,Disable,Disable,Disable,Disable,Disable,Disable,Disable,Disable,Disable,Disable,Disable,Disablevvvvvvvv,Disable,Disable,Disable,Disable,Disable,Disable,Disable,Disable,Disable,Disable,Disable,Disable,Disable,Disable,Disable,Disable,Disable,
25.04.2022 14:14:38,91,0,53400,53,9190,8420,48000,56000,50000,-100000,3320,3324,3324,3323,3323,3324,3324,3323,3324,3324,3324,3324,3324,3324,3324,3323,3324,2,3320,1,4,21,21,22,22,22,22,31,22,3,21,1,Disable,Disable,Disable,Disable,Disable,Disable,Disable,Disable,Disable,Disable,Disable,Disable,Disable,Disable,Disable,Disable,Disable,Disable,Disable,Disablevvvvvvvv,Disable,Disable,Disable,Disable,Disable,Disable,Disable,Disable,Disable,Disable,Disable,Disable,Disable,Disable,Disable,Disable,Disable,
25.04.2022 14:14:39,91,0,53400,53,9190,8420,48000,56000,50000,-100000,3320,3324,3324,3323,3323,3324,3324,3323,3324,3324,3324,3324,3324,3324,3324,3323,3324,2,3320,1,4,21,21,22,22,22,22,31,22,3,21,1,Disable,Disable,Disable,Disable,Disable,Disable,Disable,Disable,Disable,Disable,Disable,Disable,Disable,Disable,Disable,Disable,Disable,Disable,Disable,Disablevvvvvvvv,Disable,Disable,Disable,Disable,Disable,Disable,Disable,Disable,Disable,Disable,Disable,Disable,Disable,Disable,Disable,Disable,Disable,
25.04.2022 14:14:40,91,0,53400,53,9190,8420,48000,56000,50000,-100000,3320,3324,3324,3323,3323,3324,3324,3323,3324,3324,3324,3324,3324,3324,3324,3323,3324,2,3320,1,4,21,21,22,22,22,22,31,22,3,21,1,Disable,Disable,Disable,Disable,Disable,Disable,Disable,Disable,Disable,Disable,Disable,Disable,Disable,Disable,Disable,Disable,Disable,Disable,Disable,Disablevvvvvvvv,Disable,Disable,Disable,Disable,Disable,Disable,Disable,Disable,Disable,Disable,Disable,Disable,Disable,Disable,Disable,Disable,Disable,
25.04.2022 14:14:41,91,0,53400,53,9190,8420,48000,56000,50000,-100000,3320,3324,3324,3323,3323,3324,3324,3323,3324,3324,3324,3324,3324,3324,3324,3323,3324,2,3320,1,4,21,21,22,22,22,22,31,22,3,21,1,Disable,Disable,Disable,Disable,Disable,Disable,Disable,Disable,Disable,Disable,Disable,Disable,Disable,Disable,Disable,Disable,Disable,Disable,Disable,Disablevvvvvvvv,Disable,Disable,Disable,Disable,Disable,Disable,Disable,Disable,Disable,Disable,Disable,Disable,Disable,Disable,Disable,Disable,Disable,
