﻿时间,SOC(%),电池电流(A),电池电压(mV),堆包电压(V),总容量(mAh),剩余容量(mAh),放电电压(mV),充电电压(mV),充电请求电流(mA),放电请求电流(mA),电芯电压1(mv),电芯电压2(mv),电芯电压3(mv),电芯电压4(mv),电芯电压5(mv),电芯电压6(mv),电芯电压7(mv),电芯电压8(mv),电芯电压9(mv),电芯电压10(mv),电芯电压11(mv),电芯电压12(mv),电芯电压13(mv),电芯电压14(mv),电芯电压15(mv),电芯电压16(mv),最大电芯电压(mv),最大电芯序列,最小电芯电压(mv),最小电芯序列,电芯压差(mv),电芯温度(℃),电芯温度(℃),电芯温度(℃),电芯温度(℃),MOS温度(℃),MOS温度(℃),环境温度(℃),最大温度(℃),最大温度序列,最小温度(℃),最小温度序列,电芯过压告警,电芯欠压告警,总压过压告警,总压欠压告警,充电过温告警,充电欠温告警,放电过温告警,放电欠温告警,环境过温告警,环境欠温告警,MOS过温,充电过流告警,放电过流告警,压差告警,温差告警,电芯过压故障,电芯欠压故障,总压过压故障,总压欠压故障,充电过温故障,充电欠温故障,放电过温故障,放电欠温故障,环境过温故障,环境欠温故障,MOS过温故障,充电过流故障,放电过流故障,压差故障,温差故障,预充故障,禁止充电故障,硬件充电过流故障,硬件放电过流故障,硬件电芯过压故障,充电保护丢失,放电保护丢失
26.04.2022 9:27:46,91,0,53400,53,9190,8420,48000,56000,50000,-100000,3321,3325,3325,3325,3325,3325,3325,3325,3326,3325,3325,3326,3325,3325,3326,3324,3326,9,3321,1,5,21,21,21,21,22,22,31,21,1,21,1,Disable,Disable,Disable,Disable,Disable,Disable,Disable,Disable,Disable,Disable,Disable,Disable,Disable,Disable,Disable,Disable,Disable,Disable,Disable,Disablevvvvvvvv,Disable,Disable,Disable,Disable,Disable,Disable,Disable,Disable,Disable,Disable,Disable,Disable,Disable,Disable,Disable,Disable,Disable,
26.04.2022 9:27:47,91,0,53400,53,9190,8420,48000,56000,50000,-100000,3321,3325,3325,3325,3325,3325,3325,3325,3326,3325,3325,3326,3325,3325,3326,3324,3326,9,3321,1,5,21,21,21,21,22,22,31,21,1,21,1,Disable,Disable,Disable,Disable,Disable,Disable,Disable,Disable,Disable,Disable,Disable,Disable,Disable,Disable,Disable,Disable,Disable,Disable,Disable,Disablevvvvvvvv,Disable,Disable,Disable,Disable,Disable,Disable,Disable,Disable,Disable,Disable,Disable,Disable,Disable,Disable,Disable,Disable,Disable,
26.04.2022 9:27:48,91,0,53400,53,9190,8420,48000,56000,50000,-100000,3321,3325,3325,3325,3325,3325,3325,3325,3326,3325,3325,3326,3325,3325,3326,3325,3326,9,3321,1,5,21,21,21,21,22,22,31,21,1,21,1,Disable,Disable,Disable,Disable,Disable,Disable,Disable,Disable,Disable,Disable,Disable,Disable,Disable,Disable,Disable,Disable,Disable,Disable,Disable,Disablevvvvvvvv,Disable,Disable,Disable,Disable,Disable,Disable,Disable,Disable,Disable,Disable,Disable,Disable,Disable,Disable,Disable,Disable,Disable,
26.04.2022 9:27:49,91,0,53400,53,9190,8420,48000,56000,50000,-100000,3321,3325,3325,3325,3325,3325,3325,3325,3326,3325,3325,3326,3325,3325,3326,3325,3326,9,3321,1,5,21,21,21,21,22,22,31,21,1,21,1,Disable,Disable,Disable,Disable,Disable,Disable,Disable,Disable,Disable,Disable,Disable,Disable,Disable,Disable,Disable,Disable,Disable,Disable,Disable,Disablevvvvvvvv,Disable,Disable,Disable,Disable,Disable,Disable,Disable,Disable,Disable,Disable,Disable,Disable,Disable,Disable,Disable,Disable,Disable,
26.04.2022 9:27:50,91,0,53400,53,9190,8420,48000,56000,50000,-100000,3321,3325,3325,3325,3325,3325,3325,3325,3326,3325,3325,3326,3325,3325,3326,3325,3326,9,3321,1,5,21,21,21,21,22,22,31,21,1,21,1,Disable,Disable,Disable,Disable,Disable,Disable,Disable,Disable,Disable,Disable,Disable,Disable,Disable,Disable,Disable,Disable,Disable,Disable,Disable,Disablevvvvvvvv,Disable,Disable,Disable,Disable,Disable,Disable,Disable,Disable,Disable,Disable,Disable,Disable,Disable,Disable,Disable,Disable,Disable,
26.04.2022 9:27:51,91,0,53400,53,9190,8420,48000,56000,50000,-100000,3321,3325,3325,3325,3325,3325,3325,3325,3326,3325,3325,3326,3325,3325,3326,3325,3326,9,3321,1,5,21,21,21,21,22,22,31,21,1,21,1,Disable,Disable,Disable,Disable,Disable,Disable,Disable,Disable,Disable,Disable,Disable,Disable,Disable,Disable,Disable,Disable,Disable,Disable,Disable,Disablevvvvvvvv,Disable,Disable,Disable,Disable,Disable,Disable,Disable,Disable,Disable,Disable,Disable,Disable,Disable,Disable,Disable,Disable,Disable,
