﻿时间,SOC(%),电池电流(A),电池电压(mV),堆包电压(V),总容量(mAh),剩余容量(mAh),放电电压(mV),充电电压(mV),充电请求电流(mA),放电请求电流(mA),电芯电压1(mv),电芯电压2(mv),电芯电压3(mv),电芯电压4(mv),电芯电压5(mv),电芯电压6(mv),电芯电压7(mv),电芯电压8(mv),电芯电压9(mv),电芯电压10(mv),电芯电压11(mv),电芯电压12(mv),电芯电压13(mv),电芯电压14(mv),电芯电压15(mv),电芯电压16(mv),最大电芯电压(mv),最大电芯序列,最小电芯电压(mv),最小电芯序列,电芯压差(mv),电芯温度(℃),电芯温度(℃),电芯温度(℃),电芯温度(℃),MOS温度(℃),MOS温度(℃),环境温度(℃),最大温度(℃),最大温度序列,最小温度(℃),最小温度序列,电芯过压告警,电芯欠压告警,总压过压告警,总压欠压告警,充电过温告警,充电欠温告警,放电过温告警,放电欠温告警,环境过温告警,环境欠温告警,MOS过温,充电过流告警,放电过流告警,压差告警,温差告警,电芯过压故障,电芯欠压故障,总压过压故障,总压欠压故障,充电过温故障,充电欠温故障,放电过温故障,放电欠温故障,环境过温故障,环境欠温故障,MOS过温故障,充电过流故障,放电过流故障,压差故障,温差故障,预充故障,禁止充电故障,硬件充电过流故障,硬件放电过流故障,硬件电芯过压故障,充电保护丢失,放电保护丢失
07.06.2022 16:03:39,1,0,49600,49,9290,160,48000,56000,10000,0,3071,3082,3078,3077,3082,3083,3069,3077,3086,3082,3080,3081,3085,3079,3083,3077,3086,9,3069,7,17,22,22,22,23,25,24,32,23,4,22,1,Disable,Disable,Disable,Disable,Disable,Disable,Disable,Disable,Disable,Disable,Disable,Disable,Disable,Disable,Disable,Disable,Disable,Disable,Disable,Disablevvvvvvvv,Disable,Disable,Disable,Disable,Disable,Disable,Disable,Disable,Disable,Disable,Disable,Disable,Disable,Disable,Disable,Disable,Disable,
07.06.2022 16:03:40,1,0,49600,49,9290,160,48000,56000,10000,0,3071,3082,3078,3077,3082,3083,3069,3077,3086,3082,3080,3081,3085,3079,3083,3077,3086,9,3069,7,17,22,22,22,23,25,24,32,23,4,22,1,Disable,Disable,Disable,Disable,Disable,Disable,Disable,Disable,Disable,Disable,Disable,Disable,Disable,Disable,Disable,Disable,Disable,Disable,Disable,Disablevvvvvvvv,Disable,Disable,Disable,Disable,Disable,Disable,Disable,Disable,Disable,Disable,Disable,Disable,Disable,Disable,Disable,Disable,Disable,
07.06.2022 16:03:41,1,0,49600,49,9290,160,48000,56000,10000,0,3071,3082,3078,3077,3082,3083,3069,3077,3086,3082,3080,3081,3085,3079,3083,3077,3086,9,3069,7,17,22,22,22,23,25,24,32,23,4,22,1,Disable,Disable,Disable,Disable,Disable,Disable,Disable,Disable,Disable,Disable,Disable,Disable,Disable,Disable,Disable,Disable,Disable,Disable,Disable,Disablevvvvvvvv,Disable,Disable,Disable,Disable,Disable,Disable,Disable,Disable,Disable,Disable,Disable,Disable,Disable,Disable,Disable,Disable,Disable,
07.06.2022 16:03:42,1,0,49700,49,9290,160,48000,56000,10000,0,3082,3092,3088,3087,3092,3094,3079,3088,3099,3093,3091,3092,3096,3091,3094,3085,3099,9,3079,7,20,22,22,22,23,25,24,32,23,4,22,1,Disable,Disable,Disable,Disable,Disable,Disable,Disable,Disable,Disable,Disable,Disable,Disable,Disable,Disable,Disable,Disable,Disable,Disable,Disable,Disablevvvvvvvv,Disable,Disable,Disable,Disable,Disable,Disable,Disable,Disable,Disable,Disable,Disable,Disable,Disable,Disable,Disable,Disable,Disable,
07.06.2022 16:03:43,1,0,49700,49,9290,160,48000,56000,10000,0,3082,3092,3088,3087,3092,3094,3079,3088,3099,3093,3091,3092,3096,3091,3094,3085,3099,9,3079,7,20,22,22,22,23,25,24,32,23,4,22,1,Disable,Disable,Disable,Disable,Disable,Disable,Disable,Disable,Disable,Disable,Disable,Disable,Disable,Disable,Disable,Disable,Disable,Disable,Disable,Disablevvvvvvvv,Disable,Disable,Disable,Disable,Disable,Disable,Disable,Disable,Disable,Disable,Disable,Disable,Disable,Disable,Disable,Disable,Disable,
07.06.2022 16:03:44,1,0,49700,49,9290,160,48000,56000,10000,0,3082,3092,3088,3087,3092,3094,3079,3088,3099,3093,3091,3092,3096,3091,3094,3085,3099,9,3079,7,20,22,22,22,23,25,24,32,23,4,22,1,Disable,Disable,Disable,Disable,Disable,Disable,Disable,Disable,Disable,Disable,Disable,Disable,Disable,Disable,Disable,Disable,Disable,Disable,Disable,Disablevvvvvvvv,Disable,Disable,Disable,Disable,Disable,Disable,Disable,Disable,Disable,Disable,Disable,Disable,Disable,Disable,Disable,Disable,Disable,
07.06.2022 16:03:45,1,0,49700,49,9290,160,48000,56000,10000,0,3082,3084,3080,3080,3084,3086,3071,3079,3089,3084,3082,3084,3089,3085,3090,3084,3090,15,3071,7,19,22,22,22,23,25,24,32,23,4,22,1,Disable,Disable,Disable,Disable,Disable,Disable,Disable,Disable,Disable,Disable,Disable,Disable,Disable,Disable,Disable,Disable,Disable,Disable,Disable,Disablevvvvvvvv,Disable,Disable,Disable,Disable,Disable,Disable,Disable,Disable,Disable,Disable,Disable,Disable,Disable,Disable,Disable,Disable,Disable,
07.06.2022 16:03:46,1,0,49700,49,9290,160,48000,56000,10000,0,3074,3084,3080,3080,3084,3086,3071,3079,3089,3084,3082,3084,3089,3085,3090,3084,3090,15,3071,7,19,22,22,22,23,25,24,32,23,4,22,1,Disable,Disable,Disable,Disable,Disable,Disable,Disable,Disable,Disable,Disable,Disable,Disable,Disable,Disable,Disable,Disable,Disable,Disable,Disable,Disablevvvvvvvv,Disable,Disable,Disable,Disable,Disable,Disable,Disable,Disable,Disable,Disable,Disable,Disable,Disable,Disable,Disable,Disable,Disable,
07.06.2022 16:03:47,1,0,49700,49,9290,160,48000,56000,10000,0,3074,3084,3080,3080,3084,3086,3071,3079,3089,3084,3082,3084,3089,3085,3090,3084,3090,15,3071,7,19,22,22,22,23,25,24,32,23,4,22,1,Disable,Disable,Disable,Disable,Disable,Disable,Disable,Disable,Disable,Disable,Disable,Disable,Disable,Disable,Disable,Disable,Disable,Disable,Disable,Disablevvvvvvvv,Disable,Disable,Disable,Disable,Disable,Disable,Disable,Disable,Disable,Disable,Disable,Disable,Disable,Disable,Disable,Disable,Disable,
07.06.2022 16:03:48,1,0,49700,49,9290,160,48000,56000,10000,0,3074,3084,3080,3080,3084,3086,3071,3079,3089,3084,3082,3084,3089,3085,3090,3084,3090,15,3071,7,19,22,22,22,23,25,24,32,23,4,22,1,Disable,Disable,Disable,Disable,Disable,Disable,Disable,Disable,Disable,Disable,Disable,Disable,Disable,Disable,Disable,Disable,Disable,Disable,Disable,Disablevvvvvvvv,Disable,Disable,Disable,Disable,Disable,Disable,Disable,Disable,Disable,Disable,Disable,Disable,Disable,Disable,Disable,Disable,Disable,
07.06.2022 16:03:49,1,0,49700,49,9290,160,48000,56000,10000,0,3069,3080,3076,3076,3080,3081,3066,3074,3083,3079,3078,3079,3084,3079,3084,3080,3084,15,3066,7,18,22,22,22,23,25,24,32,23,4,22,1,Disable,Disable,Disable,Disable,Disable,Disable,Disable,Disable,Disable,Disable,Disable,Disable,Disable,Disable,Disable,Disable,Disable,Disable,Disable,Disablevvvvvvvv,Disable,Disable,Disable,Disable,Disable,Disable,Disable,Disable,Disable,Disable,Disable,Disable,Disable,Disable,Disable,Disable,Disable,
07.06.2022 16:03:50,1,0,49700,49,9290,160,48000,56000,10000,0,3069,3080,3076,3076,3080,3081,3066,3074,3083,3079,3078,3079,3084,3079,3084,3080,3084,15,3066,7,18,22,22,22,23,25,24,32,23,4,22,1,Disable,Disable,Disable,Disable,Disable,Disable,Disable,Disable,Disable,Disable,Disable,Disable,Disable,Disable,Disable,Disable,Disable,Disable,Disable,Disablevvvvvvvv,Disable,Disable,Disable,Disable,Disable,Disable,Disable,Disable,Disable,Disable,Disable,Disable,Disable,Disable,Disable,Disable,Disable,
07.06.2022 16:03:51,1,0,49700,49,9290,160,48000,56000,10000,0,3069,3080,3076,3076,3080,3081,3066,3074,3083,3079,3078,3079,3084,3079,3084,3080,3084,15,3066,7,18,22,22,22,23,25,24,32,23,4,22,1,Disable,Disable,Disable,Disable,Disable,Disable,Disable,Disable,Disable,Disable,Disable,Disable,Disable,Disable,Disable,Disable,Disable,Disable,Disable,Disablevvvvvvvv,Disable,Disable,Disable,Disable,Disable,Disable,Disable,Disable,Disable,Disable,Disable,Disable,Disable,Disable,Disable,Disable,Disable,
07.06.2022 16:03:52,1,0,49700,49,9290,160,48000,56000,10000,0,3069,3079,3076,3076,3080,3081,3066,3074,3083,3079,3078,3079,3084,3079,3084,3080,3083,13,3066,7,17,22,22,22,23,25,24,32,23,4,22,1,Disable,Disable,Disable,Disable,Disable,Disable,Disable,Disable,Disable,Disable,Disable,Disable,Disable,Disable,Disable,Disable,Disable,Disable,Disable,Disablevvvvvvvv,Disable,Disable,Disable,Disable,Disable,Disable,Disable,Disable,Disable,Disable,Disable,Disable,Disable,Disable,Disable,Disable,Disable,
07.06.2022 16:03:53,1,0,49700,49,9290,160,48000,56000,10000,0,3069,3079,3075,3075,3079,3081,3066,3074,3082,3079,3077,3079,3083,3078,3082,3078,3083,13,3066,7,17,22,22,22,23,25,24,32,23,4,22,1,Disable,Disable,Disable,Disable,Disable,Disable,Disable,Disable,Disable,Disable,Disable,Disable,Disable,Disable,Disable,Disable,Disable,Disable,Disable,Disablevvvvvvvv,Disable,Disable,Disable,Disable,Disable,Disable,Disable,Disable,Disable,Disable,Disable,Disable,Disable,Disable,Disable,Disable,Disable,
07.06.2022 16:03:54,1,0,49700,49,9290,160,48000,56000,10000,0,3069,3079,3075,3075,3079,3081,3066,3074,3082,3079,3077,3079,3083,3078,3082,3078,3083,13,3066,7,17,22,22,22,23,25,24,32,23,4,22,1,Disable,Disable,Disable,Disable,Disable,Disable,Disable,Disable,Disable,Disable,Disable,Disable,Disable,Disable,Disable,Disable,Disable,Disable,Disable,Disablevvvvvvvv,Disable,Disable,Disable,Disable,Disable,Disable,Disable,Disable,Disable,Disable,Disable,Disable,Disable,Disable,Disable,Disable,Disable,
07.06.2022 16:03:55,1,0,49700,49,9290,160,48000,56000,10000,0,3069,3079,3075,3075,3079,3081,3066,3074,3082,3079,3077,3079,3083,3078,3082,3078,3083,13,3066,7,17,22,22,22,23,25,24,32,23,4,22,1,Disable,Disable,Disable,Disable,Disable,Disable,Disable,Disable,Disable,Disable,Disable,Disable,Disable,Disable,Disable,Disable,Disable,Disable,Disable,Disablevvvvvvvv,Disable,Disable,Disable,Disable,Disable,Disable,Disable,Disable,Disable,Disable,Disable,Disable,Disable,Disable,Disable,Disable,Disable,
07.06.2022 16:03:56,1,0,49700,49,9290,160,48000,56000,10000,0,3069,3079,3075,3075,3079,3081,3066,3074,3082,3079,3077,3079,3083,3078,3082,3078,3083,13,3066,7,17,22,22,22,23,25,24,32,23,4,22,1,Disable,Disable,Disable,Disable,Disable,Disable,Disable,Disable,Disable,Disable,Disable,Disable,Disable,Disable,Disable,Disable,Disable,Disable,Disable,Disablevvvvvvvv,Disable,Disable,Disable,Disable,Disable,Disable,Disable,Disable,Disable,Disable,Disable,Disable,Disable,Disable,Disable,Disable,Disable,
07.06.2022 16:03:57,1,0,49700,49,9290,160,48000,56000,10000,0,3069,3079,3075,3075,3079,3081,3066,3074,3082,3079,3077,3079,3083,3078,3082,3078,3083,13,3066,7,17,22,22,22,23,25,24,32,23,4,22,1,Disable,Disable,Disable,Disable,Disable,Disable,Disable,Disable,Disable,Disable,Disable,Disable,Disable,Disable,Disable,Disable,Disable,Disable,Disable,Disablevvvvvvvv,Disable,Disable,Disable,Disable,Disable,Disable,Disable,Disable,Disable,Disable,Disable,Disable,Disable,Disable,Disable,Disable,Disable,
07.06.2022 16:03:58,1,0,49700,49,9290,160,48000,56000,10000,0,3069,3079,3075,3075,3079,3081,3066,3074,3082,3079,3077,3079,3083,3078,3082,3078,3083,13,3066,7,17,22,22,22,23,25,24,32,23,4,22,1,Disable,Disable,Disable,Disable,Disable,Disable,Disable,Disable,Disable,Disable,Disable,Disable,Disable,Disable,Disable,Disable,Disable,Disable,Disable,Disablevvvvvvvv,Disable,Disable,Disable,Disable,Disable,Disable,Disable,Disable,Disable,Disable,Disable,Disable,Disable,Disable,Disable,Disable,Disable,
07.06.2022 16:03:59,1,0,49700,49,9290,160,48000,56000,10000,0,3069,3079,3075,3075,3079,3081,3066,3074,3082,3079,3077,3079,3083,3078,3082,3078,3083,13,3066,7,17,22,22,22,23,25,24,32,23,4,22,1,Disable,Disable,Disable,Disable,Disable,Disable,Disable,Disable,Disable,Disable,Disable,Disable,Disable,Disable,Disable,Disable,Disable,Disable,Disable,Disablevvvvvvvv,Disable,Disable,Disable,Disable,Disable,Disable,Disable,Disable,Disable,Disable,Disable,Disable,Disable,Disable,Disable,Disable,Disable,
07.06.2022 16:04:00,1,0,49700,49,9290,160,48000,56000,10000,0,3069,3079,3075,3075,3079,3081,3066,3074,3082,3079,3077,3079,3083,3078,3082,3078,3083,13,3066,7,17,22,22,22,23,25,24,32,23,4,22,1,Disable,Disable,Disable,Disable,Disable,Disable,Disable,Disable,Disable,Disable,Disable,Disable,Disable,Disable,Disable,Disable,Disable,Disable,Disable,Disablevvvvvvvv,Disable,Disable,Disable,Disable,Disable,Disable,Disable,Disable,Disable,Disable,Disable,Disable,Disable,Disable,Disable,Disable,Disable,
07.06.2022 16:04:02,1,0,49700,49,9290,160,48000,56000,10000,0,3069,3079,3075,3075,3079,3081,3066,3074,3082,3079,3077,3079,3083,3078,3082,3078,3083,13,3066,7,17,22,22,22,23,25,24,32,23,4,22,1,Disable,Disable,Disable,Disable,Disable,Disable,Disable,Disable,Disable,Disable,Disable,Disable,Disable,Disable,Disable,Disable,Disable,Disable,Disable,Disablevvvvvvvv,Disable,Disable,Disable,Disable,Disable,Disable,Disable,Disable,Disable,Disable,Disable,Disable,Disable,Disable,Disable,Disable,Disable,
07.06.2022 16:04:02,1,0,49700,49,9290,160,48000,56000,10000,0,3069,3079,3075,3075,3079,3081,3066,3074,3082,3079,3077,3079,3083,3078,3082,3078,3083,13,3066,7,17,22,22,22,23,25,24,32,23,4,22,1,Disable,Disable,Disable,Disable,Disable,Disable,Disable,Disable,Disable,Disable,Disable,Disable,Disable,Disable,Disable,Disable,Disable,Disable,Disable,Disablevvvvvvvv,Disable,Disable,Disable,Disable,Disable,Disable,Disable,Disable,Disable,Disable,Disable,Disable,Disable,Disable,Disable,Disable,Disable,
07.06.2022 16:04:03,1,0,49700,49,9290,160,48000,56000,10000,0,3069,3079,3075,3075,3079,3081,3066,3074,3082,3079,3077,3079,3083,3078,3082,3078,3083,13,3066,7,17,22,22,22,23,25,24,32,23,4,22,1,Disable,Disable,Disable,Disable,Disable,Disable,Disable,Disable,Disable,Disable,Disable,Disable,Disable,Disable,Disable,Disable,Disable,Disable,Disable,Disablevvvvvvvv,Disable,Disable,Disable,Disable,Disable,Disable,Disable,Disable,Disable,Disable,Disable,Disable,Disable,Disable,Disable,Disable,Disable,
07.06.2022 16:04:04,1,0,49700,49,9290,160,48000,56000,10000,0,3069,3079,3075,3075,3079,3081,3066,3074,3082,3079,3077,3079,3083,3078,3082,3078,3083,13,3066,7,17,22,22,22,23,25,24,32,23,4,22,1,Disable,Disable,Disable,Disable,Disable,Disable,Disable,Disable,Disable,Disable,Disable,Disable,Disable,Disable,Disable,Disable,Disable,Disable,Disable,Disablevvvvvvvv,Disable,Disable,Disable,Disable,Disable,Disable,Disable,Disable,Disable,Disable,Disable,Disable,Disable,Disable,Disable,Disable,Disable,
07.06.2022 16:04:05,1,0,49700,49,9290,160,48000,56000,10000,0,3069,3079,3075,3075,3079,3081,3066,3074,3082,3079,3077,3079,3083,3078,3082,3078,3083,13,3066,7,17,22,22,22,23,25,24,32,23,4,22,1,Disable,Disable,Disable,Disable,Disable,Disable,Disable,Disable,Disable,Disable,Disable,Disable,Disable,Disable,Disable,Disable,Disable,Disable,Disable,Disablevvvvvvvv,Disable,Disable,Disable,Disable,Disable,Disable,Disable,Disable,Disable,Disable,Disable,Disable,Disable,Disable,Disable,Disable,Disable,
07.06.2022 16:04:06,1,0,49700,49,9290,160,48000,56000,10000,0,3069,3079,3075,3075,3079,3081,3066,3074,3082,3079,3077,3079,3083,3078,3082,3078,3083,13,3066,7,17,22,22,22,23,25,24,32,23,4,22,1,Disable,Disable,Disable,Disable,Disable,Disable,Disable,Disable,Disable,Disable,Disable,Disable,Disable,Disable,Disable,Disable,Disable,Disable,Disable,Disablevvvvvvvv,Disable,Disable,Disable,Disable,Disable,Disable,Disable,Disable,Disable,Disable,Disable,Disable,Disable,Disable,Disable,Disable,Disable,
07.06.2022 16:04:07,1,0,49700,49,9290,160,48000,56000,10000,0,3069,3079,3075,3075,3079,3081,3066,3074,3082,3079,3077,3079,3083,3078,3082,3078,3083,13,3066,7,17,22,22,22,23,25,24,32,23,4,22,1,Disable,Disable,Disable,Disable,Disable,Disable,Disable,Disable,Disable,Disable,Disable,Disable,Disable,Disable,Disable,Disable,Disable,Disable,Disable,Disablevvvvvvvv,Disable,Disable,Disable,Disable,Disable,Disable,Disable,Disable,Disable,Disable,Disable,Disable,Disable,Disable,Disable,Disable,Disable,
07.06.2022 16:04:08,1,0,49700,49,9290,160,48000,56000,10000,0,3069,3079,3075,3075,3079,3081,3066,3074,3082,3079,3077,3079,3083,3078,3082,3078,3083,13,3066,7,17,22,22,22,23,25,24,32,23,4,22,1,Disable,Disable,Disable,Disable,Disable,Disable,Disable,Disable,Disable,Disable,Disable,Disable,Disable,Disable,Disable,Disable,Disable,Disable,Disable,Disablevvvvvvvv,Disable,Disable,Disable,Disable,Disable,Disable,Disable,Disable,Disable,Disable,Disable,Disable,Disable,Disable,Disable,Disable,Disable,
07.06.2022 16:04:09,1,0,49700,49,9290,160,48000,56000,10000,0,3069,3079,3075,3075,3079,3081,3066,3074,3082,3079,3077,3079,3083,3078,3082,3078,3083,13,3066,7,17,22,22,22,23,25,24,32,23,4,22,1,Disable,Disable,Disable,Disable,Disable,Disable,Disable,Disable,Disable,Disable,Disable,Disable,Disable,Disable,Disable,Disable,Disable,Disable,Disable,Disablevvvvvvvv,Disable,Disable,Disable,Disable,Disable,Disable,Disable,Disable,Disable,Disable,Disable,Disable,Disable,Disable,Disable,Disable,Disable,
07.06.2022 16:04:10,1,0,49700,49,9290,160,48000,56000,10000,0,3069,3079,3075,3075,3079,3081,3066,3074,3082,3079,3077,3079,3083,3078,3082,3078,3083,13,3066,7,17,22,22,22,23,25,24,32,23,4,22,1,Disable,Disable,Disable,Disable,Disable,Disable,Disable,Disable,Disable,Disable,Disable,Disable,Disable,Disable,Disable,Disable,Disable,Disable,Disable,Disablevvvvvvvv,Disable,Disable,Disable,Disable,Disable,Disable,Disable,Disable,Disable,Disable,Disable,Disable,Disable,Disable,Disable,Disable,Disable,
07.06.2022 16:04:11,1,0,49700,49,9290,160,48000,56000,10000,0,3069,3079,3075,3075,3079,3081,3066,3074,3082,3079,3077,3079,3083,3078,3082,3078,3083,13,3066,7,17,22,22,22,23,25,24,32,23,4,22,1,Disable,Disable,Disable,Disable,Disable,Disable,Disable,Disable,Disable,Disable,Disable,Disable,Disable,Disable,Disable,Disable,Disable,Disable,Disable,Disablevvvvvvvv,Disable,Disable,Disable,Disable,Disable,Disable,Disable,Disable,Disable,Disable,Disable,Disable,Disable,Disable,Disable,Disable,Disable,
07.06.2022 16:04:12,1,0,49700,49,9290,160,48000,56000,10000,0,3069,3079,3075,3075,3079,3081,3066,3074,3082,3079,3077,3079,3083,3078,3082,3078,3083,13,3066,7,17,22,22,22,23,25,24,32,23,4,22,1,Disable,Disable,Disable,Disable,Disable,Disable,Disable,Disable,Disable,Disable,Disable,Disable,Disable,Disable,Disable,Disable,Disable,Disable,Disable,Disablevvvvvvvv,Disable,Disable,Disable,Disable,Disable,Disable,Disable,Disable,Disable,Disable,Disable,Disable,Disable,Disable,Disable,Disable,Disable,
07.06.2022 16:04:13,1,0,49700,49,9290,160,48000,56000,10000,0,3069,3079,3075,3075,3079,3081,3066,3074,3082,3079,3077,3079,3083,3078,3082,3078,3083,13,3066,7,17,22,22,22,23,25,24,32,23,4,22,1,Disable,Disable,Disable,Disable,Disable,Disable,Disable,Disable,Disable,Disable,Disable,Disable,Disable,Disable,Disable,Disable,Disable,Disable,Disable,Disablevvvvvvvv,Disable,Disable,Disable,Disable,Disable,Disable,Disable,Disable,Disable,Disable,Disable,Disable,Disable,Disable,Disable,Disable,Disable,
07.06.2022 16:04:14,1,0,49700,49,9290,160,48000,56000,10000,0,3069,3079,3075,3075,3079,3081,3066,3074,3082,3079,3077,3079,3083,3078,3082,3078,3083,13,3066,7,17,22,22,22,23,25,24,32,23,4,22,1,Disable,Disable,Disable,Disable,Disable,Disable,Disable,Disable,Disable,Disable,Disable,Disable,Disable,Disable,Disable,Disable,Disable,Disable,Disable,Disablevvvvvvvv,Disable,Disable,Disable,Disable,Disable,Disable,Disable,Disable,Disable,Disable,Disable,Disable,Disable,Disable,Disable,Disable,Disable,
07.06.2022 16:04:15,1,0,49700,49,9290,160,48000,56000,10000,0,3069,3079,3075,3075,3079,3081,3066,3074,3082,3079,3077,3079,3083,3078,3082,3078,3083,13,3066,7,17,22,22,22,23,25,24,32,23,4,22,1,Disable,Disable,Disable,Disable,Disable,Disable,Disable,Disable,Disable,Disable,Disable,Disable,Disable,Disable,Disable,Disable,Disable,Disable,Disable,Disablevvvvvvvv,Disable,Disable,Disable,Disable,Disable,Disable,Disable,Disable,Disable,Disable,Disable,Disable,Disable,Disable,Disable,Disable,Disable,
07.06.2022 16:04:16,1,0,49700,49,9290,160,48000,56000,10000,0,3069,3079,3075,3075,3079,3081,3066,3074,3082,3079,3077,3079,3083,3078,3082,3078,3083,13,3066,7,17,22,22,22,23,25,24,32,23,4,22,1,Disable,Disable,Disable,Disable,Disable,Disable,Disable,Disable,Disable,Disable,Disable,Disable,Disable,Disable,Disable,Disable,Disable,Disable,Disable,Disablevvvvvvvv,Disable,Disable,Disable,Disable,Disable,Disable,Disable,Disable,Disable,Disable,Disable,Disable,Disable,Disable,Disable,Disable,Disable,
07.06.2022 16:04:17,1,0,49700,49,9290,160,48000,56000,10000,0,3069,3079,3075,3075,3079,3081,3066,3074,3082,3079,3077,3079,3083,3078,3082,3078,3083,13,3066,7,17,22,22,22,23,25,24,32,23,4,22,1,Disable,Disable,Disable,Disable,Disable,Disable,Disable,Disable,Disable,Disable,Disable,Disable,Disable,Disable,Disable,Disable,Disable,Disable,Disable,Disablevvvvvvvv,Disable,Disable,Disable,Disable,Disable,Disable,Disable,Disable,Disable,Disable,Disable,Disable,Disable,Disable,Disable,Disable,Disable,
07.06.2022 16:04:18,1,0,49700,49,9290,160,48000,56000,10000,0,3069,3079,3075,3075,3079,3081,3066,3074,3082,3079,3077,3079,3083,3078,3082,3078,3083,13,3066,7,17,22,22,22,23,25,24,32,23,4,22,1,Disable,Disable,Disable,Disable,Disable,Disable,Disable,Disable,Disable,Disable,Disable,Disable,Disable,Disable,Disable,Disable,Disable,Disable,Disable,Disablevvvvvvvv,Disable,Disable,Disable,Disable,Disable,Disable,Disable,Disable,Disable,Disable,Disable,Disable,Disable,Disable,Disable,Disable,Disable,
07.06.2022 16:04:19,1,0,49700,49,9290,160,48000,56000,10000,0,3069,3079,3075,3075,3079,3081,3066,3074,3082,3079,3077,3079,3083,3078,3082,3078,3083,13,3066,7,17,22,22,22,23,25,24,32,23,4,22,1,Disable,Disable,Disable,Disable,Disable,Disable,Disable,Disable,Disable,Disable,Disable,Disable,Disable,Disable,Disable,Disable,Disable,Disable,Disable,Disablevvvvvvvv,Disable,Disable,Disable,Disable,Disable,Disable,Disable,Disable,Disable,Disable,Disable,Disable,Disable,Disable,Disable,Disable,Disable,
07.06.2022 16:04:20,1,0,49700,49,9290,160,48000,56000,10000,0,3069,3079,3075,3075,3079,3081,3066,3074,3082,3079,3077,3079,3083,3078,3082,3078,3083,13,3066,7,17,22,22,22,23,25,24,32,23,4,22,1,Disable,Disable,Disable,Disable,Disable,Disable,Disable,Disable,Disable,Disable,Disable,Disable,Disable,Disable,Disable,Disable,Disable,Disable,Disable,Disablevvvvvvvv,Disable,Disable,Disable,Disable,Disable,Disable,Disable,Disable,Disable,Disable,Disable,Disable,Disable,Disable,Disable,Disable,Disable,
07.06.2022 16:04:21,1,0,49700,49,9290,160,48000,56000,10000,0,3069,3079,3075,3075,3079,3081,3066,3074,3082,3079,3077,3079,3083,3078,3082,3078,3083,13,3066,7,17,22,22,22,23,25,24,32,23,4,22,1,Disable,Disable,Disable,Disable,Disable,Disable,Disable,Disable,Disable,Disable,Disable,Disable,Disable,Disable,Disable,Disable,Disable,Disable,Disable,Disablevvvvvvvv,Disable,Disable,Disable,Disable,Disable,Disable,Disable,Disable,Disable,Disable,Disable,Disable,Disable,Disable,Disable,Disable,Disable,
07.06.2022 16:04:27,1,0,49700,49,9290,160,48000,56000,10000,0,3069,3079,3075,3075,3079,3081,3066,3074,3082,3079,3077,3079,3083,3078,3082,3078,3083,13,3066,7,17,22,22,22,23,25,24,32,23,4,22,1,Disable,Disable,Disable,Disable,Disable,Disable,Disable,Disable,Disable,Disable,Disable,Disable,Disable,Disable,Disable,Disable,Disable,Disable,Disable,Disablevvvvvvvv,Disable,Disable,Disable,Disable,Disable,Disable,Disable,Disable,Disable,Disable,Disable,Disable,Disable,Disable,Disable,Disable,Disable,
