﻿时间,SOC(%),电池电流(A),电池电压(mV),堆包电压(V),总容量(mAh),剩余容量(mAh),放电电压(mV),充电电压(mV),充电请求电流(mA),放电请求电流(mA),电芯电压1(mv),电芯电压2(mv),电芯电压3(mv),电芯电压4(mv),电芯电压5(mv),电芯电压6(mv),电芯电压7(mv),电芯电压8(mv),电芯电压9(mv),电芯电压10(mv),电芯电压11(mv),电芯电压12(mv),电芯电压13(mv),电芯电压14(mv),电芯电压15(mv),电芯电压16(mv),最大电芯电压(mv),最大电芯序列,最小电芯电压(mv),最小电芯序列,电芯压差(mv),电芯温度(℃),电芯温度(℃),电芯温度(℃),电芯温度(℃),MOS温度(℃),MOS温度(℃),环境温度(℃),最大温度(℃),最大温度序列,最小温度(℃),最小温度序列,电芯过压告警,电芯欠压告警,总压过压告警,总压欠压告警,充电过温告警,充电欠温告警,放电过温告警,放电欠温告警,环境过温告警,环境欠温告警,MOS过温,充电过流告警,放电过流告警,压差告警,温差告警,电芯过压故障,电芯欠压故障,总压过压故障,总压欠压故障,充电过温故障,充电欠温故障,放电过温故障,放电欠温故障,环境过温故障,环境欠温故障,MOS过温故障,充电过流故障,放电过流故障,压差故障,温差故障,预充故障,禁止充电故障,硬件充电过流故障,硬件放电过流故障,硬件电芯过压故障,充电保护丢失,放电保护丢失
08.06.2022 8:02:30,0,0,0,0,0,0,0,0,0,0,0,0,0,0,0,0,0,0,0,0,0,0,0,0,0,0,0,0,0,0,0,0,0,0,0,0,0,0,-2731,0,-2731,0,Disable,Disable,Disable,Disable,Disable,Disable,Disable,Disable,Disable,Disable,Disable,Disable,Disable,Disable,Disable,Disable,Disable,Disable,Disable,Disablevvvvvvvv,Disable,Disable,Disable,Disable,Disable,Disable,Disable,Disable,Disable,Disable,Disable,Disable,Disable,Disable,Disable,Disable,Disable,
08.06.2022 8:02:31,0,0,0,0,0,0,0,0,0,0,0,0,0,0,0,0,0,0,0,0,0,0,0,0,0,0,0,0,0,0,0,0,0,0,0,0,0,0,-2731,0,-2731,0,Disable,Disable,Disable,Disable,Disable,Disable,Disable,Disable,Disable,Disable,Disable,Disable,Disable,Disable,Disable,Disable,Disable,Disable,Disable,Disablevvvvvvvv,Disable,Disable,Disable,Disable,Disable,Disable,Disable,Disable,Disable,Disable,Disable,Disable,Disable,Disable,Disable,Disable,Disable,
08.06.2022 8:02:32,0,0,0,0,0,0,0,0,0,0,0,0,0,0,0,0,0,0,0,0,0,0,0,0,0,0,0,0,0,0,0,0,0,0,0,0,0,0,-2731,0,-2731,0,Disable,Disable,Disable,Disable,Disable,Disable,Disable,Disable,Disable,Disable,Disable,Disable,Disable,Disable,Disable,Disable,Disable,Disable,Disable,Disablevvvvvvvv,Disable,Disable,Disable,Disable,Disable,Disable,Disable,Disable,Disable,Disable,Disable,Disable,Disable,Disable,Disable,Disable,Disable,
08.06.2022 8:02:33,0,0,0,0,0,0,0,0,0,0,0,0,0,0,0,0,0,0,0,0,0,0,0,0,0,0,0,0,0,0,0,0,0,0,0,0,0,0,-2731,0,-2731,0,Disable,Disable,Disable,Disable,Disable,Disable,Disable,Disable,Disable,Disable,Disable,Disable,Disable,Disable,Disable,Disable,Disable,Disable,Disable,Disablevvvvvvvv,Disable,Disable,Disable,Disable,Disable,Disable,Disable,Disable,Disable,Disable,Disable,Disable,Disable,Disable,Disable,Disable,Disable,
08.06.2022 8:02:34,0,0,0,0,0,0,0,0,0,0,0,0,0,0,0,0,0,0,0,0,0,0,0,0,0,0,0,0,0,0,0,0,0,0,0,0,0,0,-2731,0,-2731,0,Disable,Disable,Disable,Disable,Disable,Disable,Disable,Disable,Disable,Disable,Disable,Disable,Disable,Disable,Disable,Disable,Disable,Disable,Disable,Disablevvvvvvvv,Disable,Disable,Disable,Disable,Disable,Disable,Disable,Disable,Disable,Disable,Disable,Disable,Disable,Disable,Disable,Disable,Disable,
08.06.2022 8:02:35,0,0,0,0,0,0,0,0,0,0,0,0,0,0,0,0,0,0,0,0,0,0,0,0,0,0,0,0,0,0,0,0,0,0,0,0,0,0,-2731,0,-2731,0,Disable,Disable,Disable,Disable,Disable,Disable,Disable,Disable,Disable,Disable,Disable,Disable,Disable,Disable,Disable,Disable,Disable,Disable,Disable,Disablevvvvvvvv,Disable,Disable,Disable,Disable,Disable,Disable,Disable,Disable,Disable,Disable,Disable,Disable,Disable,Disable,Disable,Disable,Disable,
08.06.2022 8:02:36,0,0,0,0,0,0,0,0,0,0,0,0,0,0,0,0,0,0,0,0,0,0,0,0,0,0,0,0,0,0,0,0,0,0,0,0,0,0,-2731,0,-2731,0,Disable,Disable,Disable,Disable,Disable,Disable,Disable,Disable,Disable,Disable,Disable,Disable,Disable,Disable,Disable,Disable,Disable,Disable,Disable,Disablevvvvvvvv,Disable,Disable,Disable,Disable,Disable,Disable,Disable,Disable,Disable,Disable,Disable,Disable,Disable,Disable,Disable,Disable,Disable,
08.06.2022 8:02:37,0,0,0,0,0,0,0,0,0,0,0,0,0,0,0,0,0,0,0,0,0,0,0,0,0,0,0,0,0,0,0,0,0,0,0,0,0,0,-2731,0,-2731,0,Disable,Disable,Disable,Disable,Disable,Disable,Disable,Disable,Disable,Disable,Disable,Disable,Disable,Disable,Disable,Disable,Disable,Disable,Disable,Disablevvvvvvvv,Disable,Disable,Disable,Disable,Disable,Disable,Disable,Disable,Disable,Disable,Disable,Disable,Disable,Disable,Disable,Disable,Disable,
08.06.2022 8:02:38,0,0,0,0,0,0,0,0,0,0,0,0,0,0,0,0,0,0,0,0,0,0,0,0,0,0,0,0,0,0,0,0,0,0,0,0,0,0,-2731,0,-2731,0,Disable,Disable,Disable,Disable,Disable,Disable,Disable,Disable,Disable,Disable,Disable,Disable,Disable,Disable,Disable,Disable,Disable,Disable,Disable,Disablevvvvvvvv,Disable,Disable,Disable,Disable,Disable,Disable,Disable,Disable,Disable,Disable,Disable,Disable,Disable,Disable,Disable,Disable,Disable,
08.06.2022 8:02:39,0,0,0,0,0,0,0,0,0,0,0,0,0,0,0,0,0,0,0,0,0,0,0,0,0,0,0,0,0,0,0,0,0,0,0,0,0,0,-2731,0,-2731,0,Disable,Disable,Disable,Disable,Disable,Disable,Disable,Disable,Disable,Disable,Disable,Disable,Disable,Disable,Disable,Disable,Disable,Disable,Disable,Disablevvvvvvvv,Disable,Disable,Disable,Disable,Disable,Disable,Disable,Disable,Disable,Disable,Disable,Disable,Disable,Disable,Disable,Disable,Disable,
08.06.2022 8:02:40,0,0,0,0,0,0,0,0,0,0,0,0,0,0,0,0,0,0,0,0,0,0,0,0,0,0,0,0,0,0,0,0,0,0,0,0,0,0,-2731,0,-2731,0,Disable,Disable,Disable,Disable,Disable,Disable,Disable,Disable,Disable,Disable,Disable,Disable,Disable,Disable,Disable,Disable,Disable,Disable,Disable,Disablevvvvvvvv,Disable,Disable,Disable,Disable,Disable,Disable,Disable,Disable,Disable,Disable,Disable,Disable,Disable,Disable,Disable,Disable,Disable,
08.06.2022 8:02:41,0,0,0,0,0,0,0,0,0,0,0,0,0,0,0,0,0,0,0,0,0,0,0,0,0,0,0,0,0,0,0,0,0,0,0,0,0,0,-2731,0,-2731,0,Disable,Disable,Disable,Disable,Disable,Disable,Disable,Disable,Disable,Disable,Disable,Disable,Disable,Disable,Disable,Disable,Disable,Disable,Disable,Disablevvvvvvvv,Disable,Disable,Disable,Disable,Disable,Disable,Disable,Disable,Disable,Disable,Disable,Disable,Disable,Disable,Disable,Disable,Disable,
08.06.2022 8:02:42,0,0,0,0,0,0,0,0,0,0,0,0,0,0,0,0,0,0,0,0,0,0,0,0,0,0,0,0,0,0,0,0,0,0,0,0,0,0,-2731,0,-2731,0,Disable,Disable,Disable,Disable,Disable,Disable,Disable,Disable,Disable,Disable,Disable,Disable,Disable,Disable,Disable,Disable,Disable,Disable,Disable,Disablevvvvvvvv,Disable,Disable,Disable,Disable,Disable,Disable,Disable,Disable,Disable,Disable,Disable,Disable,Disable,Disable,Disable,Disable,Disable,
08.06.2022 8:02:43,0,0,0,0,0,0,0,0,0,0,0,0,0,0,0,0,0,0,0,0,0,0,0,0,0,0,0,0,0,0,0,0,0,0,0,0,0,0,-2731,0,-2731,0,Disable,Disable,Disable,Disable,Disable,Disable,Disable,Disable,Disable,Disable,Disable,Disable,Disable,Disable,Disable,Disable,Disable,Disable,Disable,Disablevvvvvvvv,Disable,Disable,Disable,Disable,Disable,Disable,Disable,Disable,Disable,Disable,Disable,Disable,Disable,Disable,Disable,Disable,Disable,
08.06.2022 8:02:44,0,0,0,0,0,0,0,0,0,0,0,0,0,0,0,0,0,0,0,0,0,0,0,0,0,0,0,0,0,0,0,0,0,0,0,0,0,0,-2731,0,-2731,0,Disable,Disable,Disable,Disable,Disable,Disable,Disable,Disable,Disable,Disable,Disable,Disable,Disable,Disable,Disable,Disable,Disable,Disable,Disable,Disablevvvvvvvv,Disable,Disable,Disable,Disable,Disable,Disable,Disable,Disable,Disable,Disable,Disable,Disable,Disable,Disable,Disable,Disable,Disable,
08.06.2022 8:02:45,0,0,0,0,0,0,0,0,0,0,0,0,0,0,0,0,0,0,0,0,0,0,0,0,0,0,0,0,0,0,0,0,0,0,0,0,0,0,-2731,0,-2731,0,Disable,Disable,Disable,Disable,Disable,Disable,Disable,Disable,Disable,Disable,Disable,Disable,Disable,Disable,Disable,Disable,Disable,Disable,Disable,Disablevvvvvvvv,Disable,Disable,Disable,Disable,Disable,Disable,Disable,Disable,Disable,Disable,Disable,Disable,Disable,Disable,Disable,Disable,Disable,
08.06.2022 8:02:46,0,0,0,0,0,0,0,0,0,0,0,0,0,0,0,0,0,0,0,0,0,0,0,0,0,0,0,0,0,0,0,0,0,0,0,0,0,0,-2731,0,-2731,0,Disable,Disable,Disable,Disable,Disable,Disable,Disable,Disable,Disable,Disable,Disable,Disable,Disable,Disable,Disable,Disable,Disable,Disable,Disable,Disablevvvvvvvv,Disable,Disable,Disable,Disable,Disable,Disable,Disable,Disable,Disable,Disable,Disable,Disable,Disable,Disable,Disable,Disable,Disable,
08.06.2022 8:02:47,0,0,0,0,0,0,0,0,0,0,0,0,0,0,0,0,0,0,0,0,0,0,0,0,0,0,0,0,0,0,0,0,0,0,0,0,0,0,-2731,0,-2731,0,Disable,Disable,Disable,Disable,Disable,Disable,Disable,Disable,Disable,Disable,Disable,Disable,Disable,Disable,Disable,Disable,Disable,Disable,Disable,Disablevvvvvvvv,Disable,Disable,Disable,Disable,Disable,Disable,Disable,Disable,Disable,Disable,Disable,Disable,Disable,Disable,Disable,Disable,Disable,
08.06.2022 8:02:48,0,0,0,0,0,0,0,0,0,0,0,0,0,0,0,0,0,0,0,0,0,0,0,0,0,0,0,0,0,0,0,0,0,0,0,0,0,0,-2731,0,-2731,0,Disable,Disable,Disable,Disable,Disable,Disable,Disable,Disable,Disable,Disable,Disable,Disable,Disable,Disable,Disable,Disable,Disable,Disable,Disable,Disablevvvvvvvv,Disable,Disable,Disable,Disable,Disable,Disable,Disable,Disable,Disable,Disable,Disable,Disable,Disable,Disable,Disable,Disable,Disable,
08.06.2022 8:02:49,0,0,0,0,0,0,0,0,0,0,0,0,0,0,0,0,0,0,0,0,0,0,0,0,0,0,0,0,0,0,0,0,0,0,0,0,0,0,-2731,0,-2731,0,Disable,Disable,Disable,Disable,Disable,Disable,Disable,Disable,Disable,Disable,Disable,Disable,Disable,Disable,Disable,Disable,Disable,Disable,Disable,Disablevvvvvvvv,Disable,Disable,Disable,Disable,Disable,Disable,Disable,Disable,Disable,Disable,Disable,Disable,Disable,Disable,Disable,Disable,Disable,
08.06.2022 8:02:50,0,0,0,0,0,0,0,0,0,0,0,0,0,0,0,0,0,0,0,0,0,0,0,0,0,0,0,0,0,0,0,0,0,0,0,0,0,0,-2731,0,-2731,0,Disable,Disable,Disable,Disable,Disable,Disable,Disable,Disable,Disable,Disable,Disable,Disable,Disable,Disable,Disable,Disable,Disable,Disable,Disable,Disablevvvvvvvv,Disable,Disable,Disable,Disable,Disable,Disable,Disable,Disable,Disable,Disable,Disable,Disable,Disable,Disable,Disable,Disable,Disable,
08.06.2022 8:02:51,0,0,0,0,0,0,0,0,0,0,0,0,0,0,0,0,0,0,0,0,0,0,0,0,0,0,0,0,0,0,0,0,0,0,0,0,0,0,-2731,0,-2731,0,Disable,Disable,Disable,Disable,Disable,Disable,Disable,Disable,Disable,Disable,Disable,Disable,Disable,Disable,Disable,Disable,Disable,Disable,Disable,Disablevvvvvvvv,Disable,Disable,Disable,Disable,Disable,Disable,Disable,Disable,Disable,Disable,Disable,Disable,Disable,Disable,Disable,Disable,Disable,
08.06.2022 8:02:52,0,0,0,0,0,0,0,0,0,0,0,0,0,0,0,0,0,0,0,0,0,0,0,0,0,0,0,0,0,0,0,0,0,0,0,0,0,0,-2731,0,-2731,0,Disable,Disable,Disable,Disable,Disable,Disable,Disable,Disable,Disable,Disable,Disable,Disable,Disable,Disable,Disable,Disable,Disable,Disable,Disable,Disablevvvvvvvv,Disable,Disable,Disable,Disable,Disable,Disable,Disable,Disable,Disable,Disable,Disable,Disable,Disable,Disable,Disable,Disable,Disable,
08.06.2022 8:02:53,0,0,0,0,0,0,0,0,0,0,0,0,0,0,0,0,0,0,0,0,0,0,0,0,0,0,0,0,0,0,0,0,0,0,0,0,0,0,-2731,0,-2731,0,Disable,Disable,Disable,Disable,Disable,Disable,Disable,Disable,Disable,Disable,Disable,Disable,Disable,Disable,Disable,Disable,Disable,Disable,Disable,Disablevvvvvvvv,Disable,Disable,Disable,Disable,Disable,Disable,Disable,Disable,Disable,Disable,Disable,Disable,Disable,Disable,Disable,Disable,Disable,
08.06.2022 8:02:54,0,0,0,0,0,0,0,0,0,0,0,0,0,0,0,0,0,0,0,0,0,0,0,0,0,0,0,0,0,0,0,0,0,0,0,0,0,0,-2731,0,-2731,0,Disable,Disable,Disable,Disable,Disable,Disable,Disable,Disable,Disable,Disable,Disable,Disable,Disable,Disable,Disable,Disable,Disable,Disable,Disable,Disablevvvvvvvv,Disable,Disable,Disable,Disable,Disable,Disable,Disable,Disable,Disable,Disable,Disable,Disable,Disable,Disable,Disable,Disable,Disable,
08.06.2022 8:02:55,0,0,0,0,0,0,0,0,0,0,0,0,0,0,0,0,0,0,0,0,0,0,0,0,0,0,0,0,0,0,0,0,0,0,0,0,0,0,-2731,0,-2731,0,Disable,Disable,Disable,Disable,Disable,Disable,Disable,Disable,Disable,Disable,Disable,Disable,Disable,Disable,Disable,Disable,Disable,Disable,Disable,Disablevvvvvvvv,Disable,Disable,Disable,Disable,Disable,Disable,Disable,Disable,Disable,Disable,Disable,Disable,Disable,Disable,Disable,Disable,Disable,
08.06.2022 8:02:56,0,0,0,0,0,0,0,0,0,0,0,0,0,0,0,0,0,0,0,0,0,0,0,0,0,0,0,0,0,0,0,0,0,0,0,0,0,0,-2731,0,-2731,0,Disable,Disable,Disable,Disable,Disable,Disable,Disable,Disable,Disable,Disable,Disable,Disable,Disable,Disable,Disable,Disable,Disable,Disable,Disable,Disablevvvvvvvv,Disable,Disable,Disable,Disable,Disable,Disable,Disable,Disable,Disable,Disable,Disable,Disable,Disable,Disable,Disable,Disable,Disable,
08.06.2022 8:02:57,0,0,0,0,0,0,0,0,0,0,0,0,0,0,0,0,0,0,0,0,0,0,0,0,0,0,0,0,0,0,0,0,0,0,0,0,0,0,-2731,0,-2731,0,Disable,Disable,Disable,Disable,Disable,Disable,Disable,Disable,Disable,Disable,Disable,Disable,Disable,Disable,Disable,Disable,Disable,Disable,Disable,Disablevvvvvvvv,Disable,Disable,Disable,Disable,Disable,Disable,Disable,Disable,Disable,Disable,Disable,Disable,Disable,Disable,Disable,Disable,Disable,
