﻿时间,SOC(%),电池电流(A),电池电压(mV),堆包电压(V),总容量(mAh),剩余容量(mAh),放电电压(mV),充电电压(mV),充电请求电流(mA),放电请求电流(mA),电芯电压1(mv),电芯电压2(mv),电芯电压3(mv),电芯电压4(mv),电芯电压5(mv),电芯电压6(mv),电芯电压7(mv),电芯电压8(mv),电芯电压9(mv),电芯电压10(mv),电芯电压11(mv),电芯电压12(mv),电芯电压13(mv),电芯电压14(mv),电芯电压15(mv),电芯电压16(mv),最大电芯电压(mv),最大电芯序列,最小电芯电压(mv),最小电芯序列,电芯压差(mv),电芯温度(℃),电芯温度(℃),电芯温度(℃),电芯温度(℃),MOS温度(℃),MOS温度(℃),环境温度(℃),最大温度(℃),最大温度序列,最小温度(℃),最小温度序列,电芯过压告警,电芯欠压告警,总压过压告警,总压欠压告警,充电过温告警,充电欠温告警,放电过温告警,放电欠温告警,环境过温告警,环境欠温告警,MOS过温,充电过流告警,放电过流告警,压差告警,温差告警,电芯过压故障,电芯欠压故障,总压过压故障,总压欠压故障,充电过温故障,充电欠温故障,放电过温故障,放电欠温故障,环境过温故障,环境欠温故障,MOS过温故障,充电过流故障,放电过流故障,压差故障,温差故障,预充故障,禁止充电故障,硬件充电过流故障,硬件放电过流故障,硬件电芯过压故障,充电保护丢失,放电保护丢失
14.06.2022 12:50:03,95,30,55200,54,9790,9310,49600,56000,25000,-100000,3417,3422,3420,3419,3421,3422,3416,3417,3428,3420,3420,3420,3420,3424,3421,3426,3428,9,3416,7,12,32,30,32,31,28,27,35,32,1,30,2,Disable,Disable,Disable,Disable,Disable,Disable,Disable,Disable,Disable,Disable,Disable,Disable,Disable,Disable,Disable,Disable,Disable,Disable,Disable,Disablevvvvvvvv,Disable,Disable,Disable,Disable,Disable,Disable,Disable,Disable,Disable,Disable,Disable,Disable,Disable,Disable,Disable,Disable,Disable,
14.06.2022 12:50:04,95,30,55200,54,9790,9310,49600,56000,25000,-100000,3417,3422,3420,3419,3421,3422,3416,3417,3428,3420,3420,3420,3420,3424,3421,3426,3428,9,3416,7,12,32,30,32,31,28,27,35,32,1,30,2,Disable,Disable,Disable,Disable,Disable,Disable,Disable,Disable,Disable,Disable,Disable,Disable,Disable,Disable,Disable,Disable,Disable,Disable,Disable,Disablevvvvvvvv,Disable,Disable,Disable,Disable,Disable,Disable,Disable,Disable,Disable,Disable,Disable,Disable,Disable,Disable,Disable,Disable,Disable,
14.06.2022 12:50:05,95,29,55300,55,9790,9310,49600,56000,25000,-100000,3439,3444,3441,3440,3442,3443,3436,3440,3458,3444,3443,3442,3445,3451,3447,3446,3458,9,3436,7,22,32,30,32,31,28,27,35,32,1,30,2,Disable,Disable,Disable,Disable,Disable,Disable,Disable,Disable,Disable,Disable,Disable,Disable,Disable,Disable,Disable,Disable,Disable,Disable,Disable,Disablevvvvvvvv,Disable,Disable,Disable,Disable,Disable,Disable,Disable,Disable,Disable,Disable,Disable,Disable,Disable,Disable,Disable,Disable,Disable,
14.06.2022 12:50:06,95,29,55300,55,9790,9310,49600,56000,25000,-100000,3439,3444,3441,3440,3442,3443,3436,3440,3458,3444,3443,3442,3445,3451,3447,3446,3458,9,3436,7,22,32,30,32,31,28,27,35,32,1,30,2,Disable,Disable,Disable,Disable,Disable,Disable,Disable,Disable,Disable,Disable,Disable,Disable,Disable,Disable,Disable,Disable,Disable,Disable,Disable,Disablevvvvvvvv,Disable,Disable,Disable,Disable,Disable,Disable,Disable,Disable,Disable,Disable,Disable,Disable,Disable,Disable,Disable,Disable,Disable,
14.06.2022 12:50:07,95,29,55300,55,9790,9310,49600,56000,25000,-100000,3439,3444,3441,3440,3442,3443,3436,3440,3458,3444,3443,3442,3445,3451,3447,3446,3458,9,3436,7,22,32,30,32,31,28,27,35,32,1,30,2,Disable,Disable,Disable,Disable,Disable,Disable,Disable,Disable,Disable,Disable,Disable,Disable,Disable,Disable,Disable,Disable,Disable,Disable,Disable,Disablevvvvvvvv,Disable,Disable,Disable,Disable,Disable,Disable,Disable,Disable,Disable,Disable,Disable,Disable,Disable,Disable,Disable,Disable,Disable,
14.06.2022 12:50:08,95,29,55300,55,9790,9310,49600,56000,25000,-100000,3439,3444,3441,3440,3442,3443,3436,3440,3458,3444,3443,3442,3445,3451,3447,3446,3458,9,3436,7,22,32,30,32,31,28,27,35,32,1,30,2,Disable,Disable,Disable,Disable,Disable,Disable,Disable,Disable,Disable,Disable,Disable,Disable,Disable,Disable,Disable,Disable,Disable,Disable,Disable,Disablevvvvvvvv,Disable,Disable,Disable,Disable,Disable,Disable,Disable,Disable,Disable,Disable,Disable,Disable,Disable,Disable,Disable,Disable,Disable,
14.06.2022 12:50:09,95,29,55200,55,9790,9310,49600,56000,25000,-100000,3441,3446,3444,3442,3444,3445,3440,3444,3459,3447,3446,3444,3446,3450,3443,3441,3459,9,3440,7,19,32,30,32,31,28,27,35,32,1,30,2,Disable,Disable,Disable,Disable,Disable,Disable,Disable,Disable,Disable,Disable,Disable,Disable,Disable,Disable,Disable,Disable,Disable,Disable,Disable,Disablevvvvvvvv,Disable,Disable,Disable,Disable,Disable,Disable,Disable,Disable,Disable,Disable,Disable,Disable,Disable,Disable,Disable,Disable,Disable,
14.06.2022 12:50:10,95,29,55200,55,9790,9310,49600,56000,25000,-100000,3441,3446,3444,3442,3444,3445,3440,3444,3459,3447,3446,3444,3446,3450,3443,3441,3459,9,3440,7,19,32,30,32,31,28,27,35,32,1,30,2,Disable,Disable,Disable,Disable,Disable,Disable,Disable,Disable,Disable,Disable,Disable,Disable,Disable,Disable,Disable,Disable,Disable,Disable,Disable,Disablevvvvvvvv,Disable,Disable,Disable,Disable,Disable,Disable,Disable,Disable,Disable,Disable,Disable,Disable,Disable,Disable,Disable,Disable,Disable,
14.06.2022 12:50:11,95,29,55200,55,9790,9310,49600,56000,25000,-100000,3441,3446,3444,3442,3444,3445,3440,3444,3459,3447,3446,3444,3446,3450,3443,3441,3459,9,3440,7,19,32,30,32,31,28,27,35,32,1,30,2,Disable,Disable,Disable,Disable,Disable,Disable,Disable,Disable,Disable,Disable,Disable,Disable,Disable,Disable,Disable,Disable,Disable,Disable,Disable,Disablevvvvvvvv,Disable,Disable,Disable,Disable,Disable,Disable,Disable,Disable,Disable,Disable,Disable,Disable,Disable,Disable,Disable,Disable,Disable,
14.06.2022 12:50:12,95,30,55300,55,9790,9310,49600,56000,25000,-100000,3442,3447,3445,3444,3446,3447,3441,3445,3461,3449,3447,3446,3448,3452,3446,3443,3461,9,3441,7,20,32,30,32,31,28,27,35,32,1,30,2,Disable,Disable,Disable,Disable,Disable,Disable,Disable,Disable,Disable,Disable,Disable,Disable,Disable,Disable,Disable,Disable,Disable,Disable,Disable,Disablevvvvvvvv,Disable,Disable,Disable,Disable,Disable,Disable,Disable,Disable,Disable,Disable,Disable,Disable,Disable,Disable,Disable,Disable,Disable,
14.06.2022 12:50:13,95,30,55300,55,9790,9310,49600,56000,25000,-100000,3442,3447,3445,3444,3446,3447,3441,3445,3461,3449,3447,3446,3448,3452,3446,3443,3461,9,3441,7,20,32,30,32,31,28,27,35,32,1,30,2,Disable,Disable,Disable,Disable,Disable,Disable,Disable,Disable,Disable,Disable,Disable,Disable,Disable,Disable,Disable,Disable,Disable,Disable,Disable,Disablevvvvvvvv,Disable,Disable,Disable,Disable,Disable,Disable,Disable,Disable,Disable,Disable,Disable,Disable,Disable,Disable,Disable,Disable,Disable,
14.06.2022 12:50:14,95,30,55300,55,9790,9310,49600,56000,25000,-100000,3442,3447,3445,3444,3446,3447,3441,3445,3461,3449,3447,3446,3448,3452,3446,3443,3461,9,3441,7,20,32,30,32,31,28,27,35,32,1,30,2,Disable,Disable,Disable,Disable,Disable,Disable,Disable,Disable,Disable,Disable,Disable,Disable,Disable,Disable,Disable,Disable,Disable,Disable,Disable,Disablevvvvvvvv,Disable,Disable,Disable,Disable,Disable,Disable,Disable,Disable,Disable,Disable,Disable,Disable,Disable,Disable,Disable,Disable,Disable,
14.06.2022 12:50:15,95,29,55300,55,9790,9310,49600,56000,25000,-100000,3443,3448,3445,3444,3446,3447,3441,3445,3462,3449,3448,3446,3448,3453,3448,3445,3462,9,3441,7,21,32,30,32,31,28,27,35,32,1,30,2,Disable,Disable,Disable,Disable,Disable,Disable,Disable,Disable,Disable,Disable,Disable,Disable,Disable,Disable,Disable,Disable,Disable,Disable,Disable,Disablevvvvvvvv,Disable,Disable,Disable,Disable,Disable,Disable,Disable,Disable,Disable,Disable,Disable,Disable,Disable,Disable,Disable,Disable,Disable,
14.06.2022 12:50:16,95,29,55300,55,9790,9310,49600,56000,25000,-100000,3443,3448,3445,3444,3446,3447,3441,3445,3462,3449,3448,3446,3448,3453,3448,3445,3462,9,3441,7,21,32,30,32,31,28,27,35,32,1,30,2,Disable,Disable,Disable,Disable,Disable,Disable,Disable,Disable,Disable,Disable,Disable,Disable,Disable,Disable,Disable,Disable,Disable,Disable,Disable,Disablevvvvvvvv,Disable,Disable,Disable,Disable,Disable,Disable,Disable,Disable,Disable,Disable,Disable,Disable,Disable,Disable,Disable,Disable,Disable,
14.06.2022 12:50:17,95,29,55300,55,9790,9310,49600,56000,25000,-100000,3443,3448,3445,3444,3446,3447,3441,3445,3462,3449,3448,3446,3448,3453,3448,3445,3462,9,3441,7,21,32,30,32,31,28,27,35,32,1,30,2,Disable,Disable,Disable,Disable,Disable,Disable,Disable,Disable,Disable,Disable,Disable,Disable,Disable,Disable,Disable,Disable,Disable,Disable,Disable,Disablevvvvvvvv,Disable,Disable,Disable,Disable,Disable,Disable,Disable,Disable,Disable,Disable,Disable,Disable,Disable,Disable,Disable,Disable,Disable,
14.06.2022 12:50:18,95,29,55300,55,9790,9310,49600,56000,25000,-100000,3443,3448,3445,3444,3446,3447,3441,3445,3462,3449,3448,3446,3448,3453,3448,3445,3462,9,3441,7,21,32,30,32,31,28,27,35,32,1,30,2,Disable,Disable,Disable,Disable,Disable,Disable,Disable,Disable,Disable,Disable,Disable,Disable,Disable,Disable,Disable,Disable,Disable,Disable,Disable,Disablevvvvvvvv,Disable,Disable,Disable,Disable,Disable,Disable,Disable,Disable,Disable,Disable,Disable,Disable,Disable,Disable,Disable,Disable,Disable,
14.06.2022 12:50:19,95,29,55300,55,9790,9310,49600,56000,25000,-100000,3441,3446,3444,3442,3444,3445,3438,3443,3460,3447,3445,3444,3447,3453,3448,3446,3460,9,3438,7,22,32,30,32,31,28,27,35,32,1,30,2,Disable,Disable,Disable,Disable,Disable,Disable,Disable,Disable,Disable,Disable,Disable,Disable,Disable,Disable,Disable,Disable,Disable,Disable,Disable,Disablevvvvvvvv,Disable,Disable,Disable,Disable,Disable,Disable,Disable,Disable,Disable,Disable,Disable,Disable,Disable,Disable,Disable,Disable,Disable,
14.06.2022 12:50:20,95,29,55300,55,9790,9310,49600,56000,25000,-100000,3441,3446,3444,3442,3444,3445,3438,3443,3460,3447,3445,3444,3447,3453,3448,3446,3460,9,3438,7,22,32,30,32,31,28,27,35,32,1,30,2,Disable,Disable,Disable,Disable,Disable,Disable,Disable,Disable,Disable,Disable,Disable,Disable,Disable,Disable,Disable,Disable,Disable,Disable,Disable,Disablevvvvvvvv,Disable,Disable,Disable,Disable,Disable,Disable,Disable,Disable,Disable,Disable,Disable,Disable,Disable,Disable,Disable,Disable,Disable,
14.06.2022 12:50:21,95,29,55300,55,9790,9310,49600,56000,25000,-100000,3441,3446,3444,3442,3444,3445,3438,3443,3460,3447,3445,3444,3447,3453,3448,3446,3460,9,3438,7,22,32,30,32,31,28,27,35,32,1,30,2,Disable,Disable,Disable,Disable,Disable,Disable,Disable,Disable,Disable,Disable,Disable,Disable,Disable,Disable,Disable,Disable,Disable,Disable,Disable,Disablevvvvvvvv,Disable,Disable,Disable,Disable,Disable,Disable,Disable,Disable,Disable,Disable,Disable,Disable,Disable,Disable,Disable,Disable,Disable,
14.06.2022 12:50:22,95,29,55300,55,9790,9310,49600,56000,25000,-100000,3434,3440,3437,3435,3437,3438,3431,3435,3452,3439,3438,3438,3440,3447,3444,3445,3452,9,3431,7,21,32,30,32,31,28,27,35,32,1,30,2,Disable,Disable,Disable,Disable,Disable,Disable,Disable,Disable,Disable,Disable,Disable,Disable,Disable,Disable,Disable,Disable,Disable,Disable,Disable,Disablevvvvvvvv,Disable,Disable,Disable,Disable,Disable,Disable,Disable,Disable,Disable,Disable,Disable,Disable,Disable,Disable,Disable,Disable,Disable,
14.06.2022 12:50:23,95,29,55300,55,9790,9310,49600,56000,25000,-100000,3434,3440,3437,3435,3437,3438,3431,3435,3452,3439,3438,3438,3440,3447,3444,3445,3452,9,3431,7,21,32,30,32,31,28,27,35,32,1,30,2,Disable,Disable,Disable,Disable,Disable,Disable,Disable,Disable,Disable,Disable,Disable,Disable,Disable,Disable,Disable,Disable,Disable,Disable,Disable,Disablevvvvvvvv,Disable,Disable,Disable,Disable,Disable,Disable,Disable,Disable,Disable,Disable,Disable,Disable,Disable,Disable,Disable,Disable,Disable,
14.06.2022 12:50:24,95,29,55300,55,9790,9310,49600,56000,25000,-100000,3434,3440,3437,3435,3437,3438,3431,3435,3452,3439,3438,3438,3440,3447,3444,3445,3452,9,3431,7,21,32,30,32,31,28,27,35,32,1,30,2,Disable,Disable,Disable,Disable,Disable,Disable,Disable,Disable,Disable,Disable,Disable,Disable,Disable,Disable,Disable,Disable,Disable,Disable,Disable,Disablevvvvvvvv,Disable,Disable,Disable,Disable,Disable,Disable,Disable,Disable,Disable,Disable,Disable,Disable,Disable,Disable,Disable,Disable,Disable,
14.06.2022 12:50:25,95,29,55200,54,9790,9310,49600,56000,25000,-100000,3421,3427,3424,3423,3425,3425,3418,3420,3436,3424,3424,3425,3427,3434,3433,3438,3438,16,3418,7,20,32,30,32,31,28,27,35,32,1,30,2,Disable,Disable,Disable,Disable,Disable,Disable,Disable,Disable,Disable,Disable,Disable,Disable,Disable,Disable,Disable,Disable,Disable,Disable,Disable,Disablevvvvvvvv,Disable,Disable,Disable,Disable,Disable,Disable,Disable,Disable,Disable,Disable,Disable,Disable,Disable,Disable,Disable,Disable,Disable,
14.06.2022 12:50:26,95,29,55200,54,9790,9310,49600,56000,25000,-100000,3421,3427,3424,3423,3425,3425,3418,3420,3436,3424,3424,3425,3427,3434,3433,3438,3438,16,3418,7,20,32,30,32,31,28,27,35,32,1,30,2,Disable,Disable,Disable,Disable,Disable,Disable,Disable,Disable,Disable,Disable,Disable,Disable,Disable,Disable,Disable,Disable,Disable,Disable,Disable,Disablevvvvvvvv,Disable,Disable,Disable,Disable,Disable,Disable,Disable,Disable,Disable,Disable,Disable,Disable,Disable,Disable,Disable,Disable,Disable,
14.06.2022 12:50:27,95,29,55200,54,9790,9310,49600,56000,25000,-100000,3421,3427,3424,3423,3425,3425,3418,3420,3436,3424,3424,3425,3427,3434,3433,3438,3438,16,3418,7,20,32,30,32,31,28,27,35,32,1,30,2,Disable,Disable,Disable,Disable,Disable,Disable,Disable,Disable,Disable,Disable,Disable,Disable,Disable,Disable,Disable,Disable,Disable,Disable,Disable,Disablevvvvvvvv,Disable,Disable,Disable,Disable,Disable,Disable,Disable,Disable,Disable,Disable,Disable,Disable,Disable,Disable,Disable,Disable,Disable,
14.06.2022 12:50:28,95,29,55200,54,9790,9310,49600,56000,25000,-100000,3421,3427,3424,3423,3425,3425,3418,3420,3436,3424,3424,3425,3427,3434,3433,3438,3438,16,3418,7,20,32,30,32,31,28,27,35,32,1,30,2,Disable,Disable,Disable,Disable,Disable,Disable,Disable,Disable,Disable,Disable,Disable,Disable,Disable,Disable,Disable,Disable,Disable,Disable,Disable,Disablevvvvvvvv,Disable,Disable,Disable,Disable,Disable,Disable,Disable,Disable,Disable,Disable,Disable,Disable,Disable,Disable,Disable,Disable,Disable,
14.06.2022 12:50:29,95,30,55300,54,9790,9310,49600,56000,25000,-100000,3412,3418,3415,3414,3416,3417,3410,3410,3423,3414,3414,3415,3416,3422,3421,3429,3429,16,3410,7,19,32,30,32,31,28,27,35,32,1,30,2,Disable,Disable,Disable,Disable,Disable,Disable,Disable,Disable,Disable,Disable,Disable,Disable,Disable,Disable,Disable,Disable,Disable,Disable,Disable,Disablevvvvvvvv,Disable,Disable,Disable,Disable,Disable,Disable,Disable,Disable,Disable,Disable,Disable,Disable,Disable,Disable,Disable,Disable,Disable,
14.06.2022 12:50:30,95,30,55300,54,9790,9310,49600,56000,25000,-100000,3412,3418,3415,3414,3416,3417,3410,3410,3423,3414,3414,3415,3416,3422,3421,3429,3429,16,3410,7,19,32,30,32,31,28,27,35,32,1,30,2,Disable,Disable,Disable,Disable,Disable,Disable,Disable,Disable,Disable,Disable,Disable,Disable,Disable,Disable,Disable,Disable,Disable,Disable,Disable,Disablevvvvvvvv,Disable,Disable,Disable,Disable,Disable,Disable,Disable,Disable,Disable,Disable,Disable,Disable,Disable,Disable,Disable,Disable,Disable,
14.06.2022 12:50:31,95,30,55300,54,9790,9310,49600,56000,25000,-100000,3412,3418,3415,3414,3416,3417,3410,3410,3423,3414,3414,3415,3416,3422,3421,3429,3429,16,3410,7,19,32,30,32,31,28,27,35,32,1,30,2,Disable,Disable,Disable,Disable,Disable,Disable,Disable,Disable,Disable,Disable,Disable,Disable,Disable,Disable,Disable,Disable,Disable,Disable,Disable,Disablevvvvvvvv,Disable,Disable,Disable,Disable,Disable,Disable,Disable,Disable,Disable,Disable,Disable,Disable,Disable,Disable,Disable,Disable,Disable,
14.06.2022 12:50:32,95,30,55300,54,9790,9310,49600,56000,25000,-100000,3418,3423,3420,3419,3422,3423,3416,3417,3429,3421,3421,3421,3421,3425,3422,3427,3429,9,3416,7,13,32,30,32,31,28,27,36,32,1,30,2,Disable,Disable,Disable,Disable,Disable,Disable,Disable,Disable,Disable,Disable,Disable,Disable,Disable,Disable,Disable,Disable,Disable,Disable,Disable,Disablevvvvvvvv,Disable,Disable,Disable,Disable,Disable,Disable,Disable,Disable,Disable,Disable,Disable,Disable,Disable,Disable,Disable,Disable,Disable,
14.06.2022 12:50:33,95,30,55300,54,9790,9310,49600,56000,25000,-100000,3418,3423,3420,3419,3422,3423,3416,3417,3429,3421,3421,3421,3421,3425,3422,3427,3429,9,3416,7,13,32,30,32,31,28,27,36,32,1,30,2,Disable,Disable,Disable,Disable,Disable,Disable,Disable,Disable,Disable,Disable,Disable,Disable,Disable,Disable,Disable,Disable,Disable,Disable,Disable,Disablevvvvvvvv,Disable,Disable,Disable,Disable,Disable,Disable,Disable,Disable,Disable,Disable,Disable,Disable,Disable,Disable,Disable,Disable,Disable,
14.06.2022 12:50:34,95,30,55300,54,9790,9310,49600,56000,25000,-100000,3418,3423,3420,3419,3422,3423,3416,3417,3429,3421,3421,3421,3421,3425,3422,3427,3429,9,3416,7,13,32,30,32,31,28,27,36,32,1,30,2,Disable,Disable,Disable,Disable,Disable,Disable,Disable,Disable,Disable,Disable,Disable,Disable,Disable,Disable,Disable,Disable,Disable,Disable,Disable,Disablevvvvvvvv,Disable,Disable,Disable,Disable,Disable,Disable,Disable,Disable,Disable,Disable,Disable,Disable,Disable,Disable,Disable,Disable,Disable,
14.06.2022 12:50:35,95,30,55300,54,9790,9310,49600,56000,25000,-100000,3418,3423,3420,3419,3422,3423,3416,3417,3429,3421,3421,3421,3421,3425,3422,3427,3429,9,3416,7,13,32,30,32,31,28,27,36,32,1,30,2,Disable,Disable,Disable,Disable,Disable,Disable,Disable,Disable,Disable,Disable,Disable,Disable,Disable,Disable,Disable,Disable,Disable,Disable,Disable,Disablevvvvvvvv,Disable,Disable,Disable,Disable,Disable,Disable,Disable,Disable,Disable,Disable,Disable,Disable,Disable,Disable,Disable,Disable,Disable,
14.06.2022 12:50:36,95,29,55300,55,9790,9310,49600,56000,25000,-100000,3434,3439,3437,3435,3437,3439,3433,3436,3449,3439,3438,3437,3437,3441,3435,3435,3449,9,3433,7,16,32,30,32,31,28,27,36,32,1,30,2,Disable,Disable,Disable,Disable,Disable,Disable,Disable,Disable,Disable,Disable,Disable,Disable,Disable,Disable,Disable,Disable,Disable,Disable,Disable,Disablevvvvvvvv,Disable,Disable,Disable,Disable,Disable,Disable,Disable,Disable,Disable,Disable,Disable,Disable,Disable,Disable,Disable,Disable,Disable,
14.06.2022 12:50:37,95,29,55300,55,9790,9310,49600,56000,25000,-100000,3434,3439,3437,3435,3437,3439,3433,3436,3449,3439,3438,3437,3437,3441,3435,3435,3449,9,3433,7,16,32,30,32,31,28,27,36,32,1,30,2,Disable,Disable,Disable,Disable,Disable,Disable,Disable,Disable,Disable,Disable,Disable,Disable,Disable,Disable,Disable,Disable,Disable,Disable,Disable,Disablevvvvvvvv,Disable,Disable,Disable,Disable,Disable,Disable,Disable,Disable,Disable,Disable,Disable,Disable,Disable,Disable,Disable,Disable,Disable,
14.06.2022 12:50:38,95,29,55300,55,9790,9310,49600,56000,25000,-100000,3434,3439,3437,3435,3437,3439,3433,3436,3449,3439,3438,3437,3437,3441,3435,3435,3449,9,3433,7,16,32,30,32,31,28,27,36,32,1,30,2,Disable,Disable,Disable,Disable,Disable,Disable,Disable,Disable,Disable,Disable,Disable,Disable,Disable,Disable,Disable,Disable,Disable,Disable,Disable,Disablevvvvvvvv,Disable,Disable,Disable,Disable,Disable,Disable,Disable,Disable,Disable,Disable,Disable,Disable,Disable,Disable,Disable,Disable,Disable,
14.06.2022 12:50:39,95,29,55300,55,9790,9310,49600,56000,25000,-100000,3442,3447,3445,3443,3445,3446,3440,3444,3461,3448,3447,3445,3448,3453,3448,3446,3461,9,3440,7,21,32,30,32,31,28,27,36,32,1,30,2,Disable,Disable,Disable,Disable,Disable,Disable,Disable,Disable,Disable,Disable,Disable,Disable,Disable,Disable,Disable,Disable,Disable,Disable,Disable,Disablevvvvvvvv,Disable,Disable,Disable,Disable,Disable,Disable,Disable,Disable,Disable,Disable,Disable,Disable,Disable,Disable,Disable,Disable,Disable,
14.06.2022 12:50:40,95,29,55300,55,9790,9310,49600,56000,25000,-100000,3442,3447,3445,3443,3445,3446,3440,3444,3461,3448,3447,3445,3448,3453,3448,3446,3461,9,3440,7,21,32,30,32,31,28,27,36,32,1,30,2,Disable,Disable,Disable,Disable,Disable,Disable,Disable,Disable,Disable,Disable,Disable,Disable,Disable,Disable,Disable,Disable,Disable,Disable,Disable,Disablevvvvvvvv,Disable,Disable,Disable,Disable,Disable,Disable,Disable,Disable,Disable,Disable,Disable,Disable,Disable,Disable,Disable,Disable,Disable,
14.06.2022 12:50:41,95,29,55300,55,9790,9310,49600,56000,25000,-100000,3442,3447,3445,3443,3445,3446,3440,3444,3461,3448,3447,3445,3448,3453,3448,3446,3461,9,3440,7,21,32,30,32,31,28,27,36,32,1,30,2,Disable,Disable,Disable,Disable,Disable,Disable,Disable,Disable,Disable,Disable,Disable,Disable,Disable,Disable,Disable,Disable,Disable,Disable,Disable,Disablevvvvvvvv,Disable,Disable,Disable,Disable,Disable,Disable,Disable,Disable,Disable,Disable,Disable,Disable,Disable,Disable,Disable,Disable,Disable,
14.06.2022 12:50:42,95,29,55300,54,9790,9310,49600,56000,25000,-100000,3430,3435,3433,3431,3433,3434,3427,3430,3447,3434,3433,3433,3436,3442,3440,3443,3447,9,3427,7,20,32,30,32,31,28,27,36,32,1,30,2,Disable,Disable,Disable,Disable,Disable,Disable,Disable,Disable,Disable,Disable,Disable,Disable,Disable,Disable,Disable,Disable,Disable,Disable,Disable,Disablevvvvvvvv,Disable,Disable,Disable,Disable,Disable,Disable,Disable,Disable,Disable,Disable,Disable,Disable,Disable,Disable,Disable,Disable,Disable,
14.06.2022 12:50:43,95,29,55300,54,9790,9310,49600,56000,25000,-100000,3430,3435,3433,3431,3433,3434,3427,3430,3447,3434,3433,3433,3436,3442,3440,3443,3447,9,3427,7,20,32,30,32,31,28,27,36,32,1,30,2,Disable,Disable,Disable,Disable,Disable,Disable,Disable,Disable,Disable,Disable,Disable,Disable,Disable,Disable,Disable,Disable,Disable,Disable,Disable,Disablevvvvvvvv,Disable,Disable,Disable,Disable,Disable,Disable,Disable,Disable,Disable,Disable,Disable,Disable,Disable,Disable,Disable,Disable,Disable,
14.06.2022 12:50:44,95,29,55300,54,9790,9310,49600,56000,25000,-100000,3430,3435,3433,3431,3433,3434,3427,3430,3447,3434,3433,3433,3436,3442,3440,3443,3447,9,3427,7,20,32,30,32,31,28,27,36,32,1,30,2,Disable,Disable,Disable,Disable,Disable,Disable,Disable,Disable,Disable,Disable,Disable,Disable,Disable,Disable,Disable,Disable,Disable,Disable,Disable,Disablevvvvvvvv,Disable,Disable,Disable,Disable,Disable,Disable,Disable,Disable,Disable,Disable,Disable,Disable,Disable,Disable,Disable,Disable,Disable,
14.06.2022 12:50:45,95,29,55300,54,9790,9310,49600,56000,25000,-100000,3430,3435,3433,3431,3433,3434,3427,3430,3447,3434,3433,3433,3436,3442,3440,3443,3447,9,3427,7,20,32,30,32,31,28,27,36,32,1,30,2,Disable,Disable,Disable,Disable,Disable,Disable,Disable,Disable,Disable,Disable,Disable,Disable,Disable,Disable,Disable,Disable,Disable,Disable,Disable,Disablevvvvvvvv,Disable,Disable,Disable,Disable,Disable,Disable,Disable,Disable,Disable,Disable,Disable,Disable,Disable,Disable,Disable,Disable,Disable,
14.06.2022 12:50:46,95,29,55300,54,9790,9310,49600,56000,25000,-100000,3413,3419,3416,3415,3417,3418,3410,3411,3424,3415,3415,3416,3417,3423,3423,3430,3430,16,3410,7,20,32,30,32,31,28,28,36,32,1,30,2,Disable,Disable,Disable,Disable,Disable,Disable,Disable,Disable,Disable,Disable,Disable,Disable,Disable,Disable,Disable,Disable,Disable,Disable,Disable,Disablevvvvvvvv,Disable,Disable,Disable,Disable,Disable,Disable,Disable,Disable,Disable,Disable,Disable,Disable,Disable,Disable,Disable,Disable,Disable,
14.06.2022 12:50:47,95,29,55300,54,9790,9310,49600,56000,25000,-100000,3413,3419,3416,3415,3417,3418,3410,3411,3424,3415,3415,3416,3417,3423,3423,3430,3430,16,3410,7,20,32,30,32,31,28,28,36,32,1,30,2,Disable,Disable,Disable,Disable,Disable,Disable,Disable,Disable,Disable,Disable,Disable,Disable,Disable,Disable,Disable,Disable,Disable,Disable,Disable,Disablevvvvvvvv,Disable,Disable,Disable,Disable,Disable,Disable,Disable,Disable,Disable,Disable,Disable,Disable,Disable,Disable,Disable,Disable,Disable,
14.06.2022 12:50:48,95,29,55300,54,9790,9310,49600,56000,25000,-100000,3413,3419,3416,3415,3417,3418,3410,3411,3424,3415,3415,3416,3417,3423,3423,3430,3430,16,3410,7,20,32,30,32,31,28,28,36,32,1,30,2,Disable,Disable,Disable,Disable,Disable,Disable,Disable,Disable,Disable,Disable,Disable,Disable,Disable,Disable,Disable,Disable,Disable,Disable,Disable,Disablevvvvvvvv,Disable,Disable,Disable,Disable,Disable,Disable,Disable,Disable,Disable,Disable,Disable,Disable,Disable,Disable,Disable,Disable,Disable,
14.06.2022 12:50:49,95,29,55300,54,9790,9310,49600,56000,25000,-100000,3418,3423,3421,3420,3422,3423,3416,3418,3429,3421,3421,3421,3421,3425,3422,3427,3429,9,3416,7,13,32,30,32,31,28,28,36,32,1,30,2,Disable,Disable,Disable,Disable,Disable,Disable,Disable,Disable,Disable,Disable,Disable,Disable,Disable,Disable,Disable,Disable,Disable,Disable,Disable,Disablevvvvvvvv,Disable,Disable,Disable,Disable,Disable,Disable,Disable,Disable,Disable,Disable,Disable,Disable,Disable,Disable,Disable,Disable,Disable,
14.06.2022 12:50:50,95,29,55300,54,9790,9310,49600,56000,25000,-100000,3418,3423,3421,3420,3422,3423,3416,3418,3429,3421,3421,3421,3421,3425,3422,3427,3429,9,3416,7,13,32,30,32,31,28,28,36,32,1,30,2,Disable,Disable,Disable,Disable,Disable,Disable,Disable,Disable,Disable,Disable,Disable,Disable,Disable,Disable,Disable,Disable,Disable,Disable,Disable,Disablevvvvvvvv,Disable,Disable,Disable,Disable,Disable,Disable,Disable,Disable,Disable,Disable,Disable,Disable,Disable,Disable,Disable,Disable,Disable,
14.06.2022 12:50:51,95,29,55300,54,9790,9310,49600,56000,25000,-100000,3418,3423,3421,3420,3422,3423,3416,3418,3429,3421,3421,3421,3421,3425,3422,3427,3429,9,3416,7,13,32,30,32,31,28,28,36,32,1,30,2,Disable,Disable,Disable,Disable,Disable,Disable,Disable,Disable,Disable,Disable,Disable,Disable,Disable,Disable,Disable,Disable,Disable,Disable,Disable,Disablevvvvvvvv,Disable,Disable,Disable,Disable,Disable,Disable,Disable,Disable,Disable,Disable,Disable,Disable,Disable,Disable,Disable,Disable,Disable,
14.06.2022 12:50:52,95,29,55300,55,9790,9310,49600,56000,25000,-100000,3436,3441,3439,3437,3440,3441,3435,3438,3452,3442,3441,3439,3440,3443,3437,3436,3452,9,3435,7,17,32,30,32,31,28,28,36,32,1,30,2,Disable,Disable,Disable,Disable,Disable,Disable,Disable,Disable,Disable,Disable,Disable,Disable,Disable,Disable,Disable,Disable,Disable,Disable,Disable,Disablevvvvvvvv,Disable,Disable,Disable,Disable,Disable,Disable,Disable,Disable,Disable,Disable,Disable,Disable,Disable,Disable,Disable,Disable,Disable,
14.06.2022 12:50:53,95,29,55300,55,9790,9310,49600,56000,25000,-100000,3436,3441,3439,3437,3440,3441,3435,3438,3452,3442,3441,3439,3440,3443,3437,3436,3452,9,3435,7,17,32,30,32,31,28,28,36,32,1,30,2,Disable,Disable,Disable,Disable,Disable,Disable,Disable,Disable,Disable,Disable,Disable,Disable,Disable,Disable,Disable,Disable,Disable,Disable,Disable,Disablevvvvvvvv,Disable,Disable,Disable,Disable,Disable,Disable,Disable,Disable,Disable,Disable,Disable,Disable,Disable,Disable,Disable,Disable,Disable,
14.06.2022 12:50:54,95,29,55300,55,9790,9310,49600,56000,25000,-100000,3436,3441,3439,3437,3440,3441,3435,3438,3452,3442,3441,3439,3440,3443,3437,3436,3452,9,3435,7,17,32,30,32,31,28,28,36,32,1,30,2,Disable,Disable,Disable,Disable,Disable,Disable,Disable,Disable,Disable,Disable,Disable,Disable,Disable,Disable,Disable,Disable,Disable,Disable,Disable,Disablevvvvvvvv,Disable,Disable,Disable,Disable,Disable,Disable,Disable,Disable,Disable,Disable,Disable,Disable,Disable,Disable,Disable,Disable,Disable,
14.06.2022 12:50:55,95,29,55300,55,9790,9310,49600,56000,25000,-100000,3436,3441,3439,3437,3440,3441,3435,3438,3452,3442,3441,3439,3440,3443,3437,3436,3452,9,3435,7,17,32,30,32,31,28,28,36,32,1,30,2,Disable,Disable,Disable,Disable,Disable,Disable,Disable,Disable,Disable,Disable,Disable,Disable,Disable,Disable,Disable,Disable,Disable,Disable,Disable,Disablevvvvvvvv,Disable,Disable,Disable,Disable,Disable,Disable,Disable,Disable,Disable,Disable,Disable,Disable,Disable,Disable,Disable,Disable,Disable,
14.06.2022 12:50:56,95,29,55300,55,9790,9310,49600,56000,25000,-100000,3443,3448,3446,3444,3446,3447,3441,3445,3462,3449,3448,3446,3448,3453,3447,3445,3462,9,3441,7,21,32,31,32,31,28,28,36,32,1,31,2,Disable,Disable,Disable,Disable,Disable,Disable,Disable,Disable,Disable,Disable,Disable,Disable,Disable,Disable,Disable,Disable,Disable,Disable,Disable,Disablevvvvvvvv,Disable,Disable,Disable,Disable,Disable,Disable,Disable,Disable,Disable,Disable,Disable,Disable,Disable,Disable,Disable,Disable,Disable,
14.06.2022 12:50:57,95,29,55300,55,9790,9310,49600,56000,25000,-100000,3443,3448,3446,3444,3446,3447,3441,3445,3462,3449,3448,3446,3448,3453,3447,3445,3462,9,3441,7,21,32,31,32,31,28,28,36,32,1,31,2,Disable,Disable,Disable,Disable,Disable,Disable,Disable,Disable,Disable,Disable,Disable,Disable,Disable,Disable,Disable,Disable,Disable,Disable,Disable,Disablevvvvvvvv,Disable,Disable,Disable,Disable,Disable,Disable,Disable,Disable,Disable,Disable,Disable,Disable,Disable,Disable,Disable,Disable,Disable,
14.06.2022 12:50:58,95,29,55300,55,9790,9310,49600,56000,25000,-100000,3443,3448,3446,3444,3446,3447,3441,3445,3462,3449,3448,3446,3448,3453,3447,3445,3462,9,3441,7,21,32,31,32,31,28,28,36,32,1,31,2,Disable,Disable,Disable,Disable,Disable,Disable,Disable,Disable,Disable,Disable,Disable,Disable,Disable,Disable,Disable,Disable,Disable,Disable,Disable,Disablevvvvvvvv,Disable,Disable,Disable,Disable,Disable,Disable,Disable,Disable,Disable,Disable,Disable,Disable,Disable,Disable,Disable,Disable,Disable,
14.06.2022 12:50:59,95,29,55300,55,9790,9310,49600,56000,25000,-100000,3440,3445,3443,3441,3443,3444,3437,3441,3459,3445,3444,3443,3446,3452,3448,3447,3459,9,3437,7,22,32,31,32,31,28,28,36,32,1,31,2,Disable,Disable,Disable,Disable,Disable,Disable,Disable,Disable,Disable,Disable,Disable,Disable,Disable,Disable,Disable,Disable,Disable,Disable,Disable,Disablevvvvvvvv,Disable,Disable,Disable,Disable,Disable,Disable,Disable,Disable,Disable,Disable,Disable,Disable,Disable,Disable,Disable,Disable,Disable,
14.06.2022 12:51:00,95,29,55300,55,9790,9310,49600,56000,25000,-100000,3440,3445,3443,3441,3443,3444,3437,3441,3459,3445,3444,3443,3446,3452,3448,3447,3459,9,3437,7,22,32,31,32,31,28,28,36,32,1,31,2,Disable,Disable,Disable,Disable,Disable,Disable,Disable,Disable,Disable,Disable,Disable,Disable,Disable,Disable,Disable,Disable,Disable,Disable,Disable,Disablevvvvvvvv,Disable,Disable,Disable,Disable,Disable,Disable,Disable,Disable,Disable,Disable,Disable,Disable,Disable,Disable,Disable,Disable,Disable,
14.06.2022 12:51:01,95,29,55300,55,9790,9310,49600,56000,25000,-100000,3440,3445,3443,3441,3443,3444,3437,3441,3459,3445,3444,3443,3446,3452,3448,3447,3459,9,3437,7,22,32,31,32,31,28,28,36,32,1,31,2,Disable,Disable,Disable,Disable,Disable,Disable,Disable,Disable,Disable,Disable,Disable,Disable,Disable,Disable,Disable,Disable,Disable,Disable,Disable,Disablevvvvvvvv,Disable,Disable,Disable,Disable,Disable,Disable,Disable,Disable,Disable,Disable,Disable,Disable,Disable,Disable,Disable,Disable,Disable,
14.06.2022 12:51:02,95,29,55300,54,9790,9310,49600,56000,25000,-100000,3428,3433,3431,3429,3431,3432,3425,3427,3444,3432,3431,3431,3434,3441,3439,3442,3444,9,3425,7,19,32,31,32,31,28,28,36,32,1,31,2,Disable,Disable,Disable,Disable,Disable,Disable,Disable,Disable,Disable,Disable,Disable,Disable,Disable,Disable,Disable,Disable,Disable,Disable,Disable,Disablevvvvvvvv,Disable,Disable,Disable,Disable,Disable,Disable,Disable,Disable,Disable,Disable,Disable,Disable,Disable,Disable,Disable,Disable,Disable,
14.06.2022 12:51:03,95,29,55300,54,9790,9310,49600,56000,25000,-100000,3428,3433,3431,3429,3431,3432,3425,3427,3444,3432,3431,3431,3434,3441,3439,3442,3444,9,3425,7,19,32,31,32,31,28,28,36,32,1,31,2,Disable,Disable,Disable,Disable,Disable,Disable,Disable,Disable,Disable,Disable,Disable,Disable,Disable,Disable,Disable,Disable,Disable,Disable,Disable,Disablevvvvvvvv,Disable,Disable,Disable,Disable,Disable,Disable,Disable,Disable,Disable,Disable,Disable,Disable,Disable,Disable,Disable,Disable,Disable,
14.06.2022 12:51:04,95,29,55300,54,9790,9310,49600,56000,25000,-100000,3428,3433,3431,3429,3431,3432,3425,3427,3444,3432,3431,3431,3434,3441,3439,3442,3444,9,3425,7,19,32,31,32,31,28,28,36,32,1,31,2,Disable,Disable,Disable,Disable,Disable,Disable,Disable,Disable,Disable,Disable,Disable,Disable,Disable,Disable,Disable,Disable,Disable,Disable,Disable,Disablevvvvvvvv,Disable,Disable,Disable,Disable,Disable,Disable,Disable,Disable,Disable,Disable,Disable,Disable,Disable,Disable,Disable,Disable,Disable,
14.06.2022 12:51:05,95,29,55300,54,9790,9310,49600,56000,25000,-100000,3428,3433,3431,3429,3431,3432,3425,3427,3444,3432,3431,3431,3434,3441,3439,3442,3444,9,3425,7,19,32,31,32,31,28,28,36,32,1,31,2,Disable,Disable,Disable,Disable,Disable,Disable,Disable,Disable,Disable,Disable,Disable,Disable,Disable,Disable,Disable,Disable,Disable,Disable,Disable,Disablevvvvvvvv,Disable,Disable,Disable,Disable,Disable,Disable,Disable,Disable,Disable,Disable,Disable,Disable,Disable,Disable,Disable,Disable,Disable,
14.06.2022 12:51:06,95,29,55300,54,9790,9310,49600,56000,25000,-100000,3415,3421,3418,3417,3419,3420,3412,3414,3428,3418,3418,3419,3420,3427,3426,3433,3433,16,3412,7,21,32,31,32,31,28,28,36,32,1,31,2,Disable,Disable,Disable,Disable,Disable,Disable,Disable,Disable,Disable,Disable,Disable,Disable,Disable,Disable,Disable,Disable,Disable,Disable,Disable,Disablevvvvvvvv,Disable,Disable,Disable,Disable,Disable,Disable,Disable,Disable,Disable,Disable,Disable,Disable,Disable,Disable,Disable,Disable,Disable,
14.06.2022 12:51:07,95,29,55300,54,9790,9310,49600,56000,25000,-100000,3415,3421,3418,3417,3419,3420,3412,3414,3428,3418,3418,3419,3420,3427,3426,3433,3433,16,3412,7,21,32,31,32,31,28,28,36,32,1,31,2,Disable,Disable,Disable,Disable,Disable,Disable,Disable,Disable,Disable,Disable,Disable,Disable,Disable,Disable,Disable,Disable,Disable,Disable,Disable,Disablevvvvvvvv,Disable,Disable,Disable,Disable,Disable,Disable,Disable,Disable,Disable,Disable,Disable,Disable,Disable,Disable,Disable,Disable,Disable,
14.06.2022 12:51:08,95,29,55300,54,9790,9310,49600,56000,25000,-100000,3415,3421,3418,3417,3419,3420,3412,3414,3428,3418,3418,3419,3420,3427,3426,3433,3433,16,3412,7,21,32,31,32,31,28,28,36,32,1,31,2,Disable,Disable,Disable,Disable,Disable,Disable,Disable,Disable,Disable,Disable,Disable,Disable,Disable,Disable,Disable,Disable,Disable,Disable,Disable,Disablevvvvvvvv,Disable,Disable,Disable,Disable,Disable,Disable,Disable,Disable,Disable,Disable,Disable,Disable,Disable,Disable,Disable,Disable,Disable,
14.06.2022 12:51:09,95,29,55300,54,9790,9310,49600,56000,25000,-100000,3430,3436,3433,3432,3434,3434,3427,3430,3447,3435,3434,3434,3436,3443,3441,3444,3447,9,3427,7,20,32,31,32,31,28,28,36,32,1,31,2,Disable,Disable,Disable,Disable,Disable,Disable,Disable,Disable,Disable,Disable,Disable,Disable,Disable,Disable,Disable,Disable,Disable,Disable,Disable,Disablevvvvvvvv,Disable,Disable,Disable,Disable,Disable,Disable,Disable,Disable,Disable,Disable,Disable,Disable,Disable,Disable,Disable,Disable,Disable,
14.06.2022 12:51:10,95,29,55300,54,9790,9310,49600,56000,25000,-100000,3430,3436,3433,3432,3434,3434,3427,3430,3447,3435,3434,3434,3436,3443,3441,3444,3447,9,3427,7,20,32,31,32,31,28,28,36,32,1,31,2,Disable,Disable,Disable,Disable,Disable,Disable,Disable,Disable,Disable,Disable,Disable,Disable,Disable,Disable,Disable,Disable,Disable,Disable,Disable,Disablevvvvvvvv,Disable,Disable,Disable,Disable,Disable,Disable,Disable,Disable,Disable,Disable,Disable,Disable,Disable,Disable,Disable,Disable,Disable,
14.06.2022 12:51:11,95,29,55300,54,9790,9310,49600,56000,25000,-100000,3430,3436,3433,3432,3434,3434,3427,3430,3447,3435,3434,3434,3436,3443,3441,3444,3447,9,3427,7,20,32,31,32,31,28,28,36,32,1,31,2,Disable,Disable,Disable,Disable,Disable,Disable,Disable,Disable,Disable,Disable,Disable,Disable,Disable,Disable,Disable,Disable,Disable,Disable,Disable,Disablevvvvvvvv,Disable,Disable,Disable,Disable,Disable,Disable,Disable,Disable,Disable,Disable,Disable,Disable,Disable,Disable,Disable,Disable,Disable,
14.06.2022 12:51:12,95,29,55300,54,9790,9310,49600,56000,25000,-100000,3430,3436,3433,3432,3434,3434,3427,3430,3447,3435,3434,3434,3436,3443,3441,3444,3447,9,3427,7,20,32,31,32,31,28,28,36,32,1,31,2,Disable,Disable,Disable,Disable,Disable,Disable,Disable,Disable,Disable,Disable,Disable,Disable,Disable,Disable,Disable,Disable,Disable,Disable,Disable,Disablevvvvvvvv,Disable,Disable,Disable,Disable,Disable,Disable,Disable,Disable,Disable,Disable,Disable,Disable,Disable,Disable,Disable,Disable,Disable,
14.06.2022 12:51:13,95,29,55300,54,9790,9310,49600,56000,25000,-100000,3418,3424,3421,3419,3422,3422,3415,3416,3431,3421,3420,3421,3423,3430,3430,3436,3436,16,3415,7,21,32,31,32,31,28,28,36,32,1,31,2,Disable,Disable,Disable,Disable,Disable,Disable,Disable,Disable,Disable,Disable,Disable,Disable,Disable,Disable,Disable,Disable,Disable,Disable,Disable,Disablevvvvvvvv,Disable,Disable,Disable,Disable,Disable,Disable,Disable,Disable,Disable,Disable,Disable,Disable,Disable,Disable,Disable,Disable,Disable,
14.06.2022 12:51:14,95,29,55300,54,9790,9310,49600,56000,25000,-100000,3418,3424,3421,3419,3422,3422,3415,3416,3431,3421,3420,3421,3423,3430,3430,3436,3436,16,3415,7,21,32,31,32,31,28,28,36,32,1,31,2,Disable,Disable,Disable,Disable,Disable,Disable,Disable,Disable,Disable,Disable,Disable,Disable,Disable,Disable,Disable,Disable,Disable,Disable,Disable,Disablevvvvvvvv,Disable,Disable,Disable,Disable,Disable,Disable,Disable,Disable,Disable,Disable,Disable,Disable,Disable,Disable,Disable,Disable,Disable,
14.06.2022 12:51:15,95,29,55300,54,9790,9310,49600,56000,25000,-100000,3418,3424,3421,3419,3422,3422,3415,3416,3431,3421,3420,3421,3423,3430,3430,3436,3436,16,3415,7,21,32,31,32,31,28,28,36,32,1,31,2,Disable,Disable,Disable,Disable,Disable,Disable,Disable,Disable,Disable,Disable,Disable,Disable,Disable,Disable,Disable,Disable,Disable,Disable,Disable,Disablevvvvvvvv,Disable,Disable,Disable,Disable,Disable,Disable,Disable,Disable,Disable,Disable,Disable,Disable,Disable,Disable,Disable,Disable,Disable,
14.06.2022 12:51:16,95,30,55300,54,9790,9310,49600,56000,25000,-100000,3413,3419,3416,3415,3417,3418,3411,3411,3424,3415,3416,3416,3417,3423,3422,3430,3430,16,3411,7,19,32,31,32,31,28,28,36,32,1,31,2,Disable,Disable,Disable,Disable,Disable,Disable,Disable,Disable,Disable,Disable,Disable,Disable,Disable,Disable,Disable,Disable,Disable,Disable,Disable,Disablevvvvvvvv,Disable,Disable,Disable,Disable,Disable,Disable,Disable,Disable,Disable,Disable,Disable,Disable,Disable,Disable,Disable,Disable,Disable,
14.06.2022 12:51:17,95,30,55300,54,9790,9310,49600,56000,25000,-100000,3413,3419,3416,3415,3417,3418,3411,3411,3424,3415,3416,3416,3417,3423,3422,3430,3430,16,3411,7,19,32,31,32,31,28,28,36,32,1,31,2,Disable,Disable,Disable,Disable,Disable,Disable,Disable,Disable,Disable,Disable,Disable,Disable,Disable,Disable,Disable,Disable,Disable,Disable,Disable,Disablevvvvvvvv,Disable,Disable,Disable,Disable,Disable,Disable,Disable,Disable,Disable,Disable,Disable,Disable,Disable,Disable,Disable,Disable,Disable,
14.06.2022 12:51:18,95,30,55300,54,9790,9310,49600,56000,25000,-100000,3413,3419,3416,3415,3417,3418,3411,3411,3424,3415,3416,3416,3417,3423,3422,3430,3430,16,3411,7,19,32,31,32,31,28,28,36,32,1,31,2,Disable,Disable,Disable,Disable,Disable,Disable,Disable,Disable,Disable,Disable,Disable,Disable,Disable,Disable,Disable,Disable,Disable,Disable,Disable,Disablevvvvvvvv,Disable,Disable,Disable,Disable,Disable,Disable,Disable,Disable,Disable,Disable,Disable,Disable,Disable,Disable,Disable,Disable,Disable,
14.06.2022 12:51:19,95,30,55300,54,9790,9310,49600,56000,25000,-100000,3416,3422,3419,3418,3420,3421,3414,3415,3427,3419,3419,3419,3419,3424,3422,3428,3428,16,3414,7,14,32,31,32,31,28,28,36,32,1,31,2,Disable,Disable,Disable,Disable,Disable,Disable,Disable,Disable,Disable,Disable,Disable,Disable,Disable,Disable,Disable,Disable,Disable,Disable,Disable,Disablevvvvvvvv,Disable,Disable,Disable,Disable,Disable,Disable,Disable,Disable,Disable,Disable,Disable,Disable,Disable,Disable,Disable,Disable,Disable,
14.06.2022 12:51:20,95,30,55300,54,9790,9310,49600,56000,25000,-100000,3416,3422,3419,3418,3420,3421,3414,3415,3427,3419,3419,3419,3419,3424,3422,3428,3428,16,3414,7,14,32,31,32,31,28,28,36,32,1,31,2,Disable,Disable,Disable,Disable,Disable,Disable,Disable,Disable,Disable,Disable,Disable,Disable,Disable,Disable,Disable,Disable,Disable,Disable,Disable,Disablevvvvvvvv,Disable,Disable,Disable,Disable,Disable,Disable,Disable,Disable,Disable,Disable,Disable,Disable,Disable,Disable,Disable,Disable,Disable,
14.06.2022 12:51:21,95,30,55300,54,9790,9310,49600,56000,25000,-100000,3416,3422,3419,3418,3420,3421,3414,3415,3427,3419,3419,3419,3419,3424,3422,3428,3428,16,3414,7,14,32,31,32,31,28,28,36,32,1,31,2,Disable,Disable,Disable,Disable,Disable,Disable,Disable,Disable,Disable,Disable,Disable,Disable,Disable,Disable,Disable,Disable,Disable,Disable,Disable,Disablevvvvvvvv,Disable,Disable,Disable,Disable,Disable,Disable,Disable,Disable,Disable,Disable,Disable,Disable,Disable,Disable,Disable,Disable,Disable,
14.06.2022 12:51:22,95,30,55300,54,9790,9310,49600,56000,25000,-100000,3416,3422,3419,3418,3420,3421,3414,3415,3427,3419,3419,3419,3419,3424,3422,3428,3428,16,3414,7,14,32,31,32,31,28,28,36,32,1,31,2,Disable,Disable,Disable,Disable,Disable,Disable,Disable,Disable,Disable,Disable,Disable,Disable,Disable,Disable,Disable,Disable,Disable,Disable,Disable,Disablevvvvvvvv,Disable,Disable,Disable,Disable,Disable,Disable,Disable,Disable,Disable,Disable,Disable,Disable,Disable,Disable,Disable,Disable,Disable,
14.06.2022 12:51:23,95,30,55300,54,9790,9310,49600,56000,25000,-100000,3428,3433,3431,3429,3432,3433,3427,3429,3442,3432,3432,3431,3431,3435,3430,3432,3442,9,3427,7,15,32,31,32,31,28,28,36,32,1,31,2,Disable,Disable,Disable,Disable,Disable,Disable,Disable,Disable,Disable,Disable,Disable,Disable,Disable,Disable,Disable,Disable,Disable,Disable,Disable,Disablevvvvvvvv,Disable,Disable,Disable,Disable,Disable,Disable,Disable,Disable,Disable,Disable,Disable,Disable,Disable,Disable,Disable,Disable,Disable,
14.06.2022 12:51:24,95,30,55300,54,9790,9310,49600,56000,25000,-100000,3428,3433,3431,3429,3432,3433,3427,3429,3442,3432,3432,3431,3431,3435,3430,3432,3442,9,3427,7,15,32,31,32,31,28,28,36,32,1,31,2,Disable,Disable,Disable,Disable,Disable,Disable,Disable,Disable,Disable,Disable,Disable,Disable,Disable,Disable,Disable,Disable,Disable,Disable,Disable,Disablevvvvvvvv,Disable,Disable,Disable,Disable,Disable,Disable,Disable,Disable,Disable,Disable,Disable,Disable,Disable,Disable,Disable,Disable,Disable,
14.06.2022 12:51:25,95,30,55300,54,9790,9310,49600,56000,25000,-100000,3428,3433,3431,3429,3432,3433,3427,3429,3442,3432,3432,3431,3431,3435,3430,3432,3442,9,3427,7,15,32,31,32,31,28,28,36,32,1,31,2,Disable,Disable,Disable,Disable,Disable,Disable,Disable,Disable,Disable,Disable,Disable,Disable,Disable,Disable,Disable,Disable,Disable,Disable,Disable,Disablevvvvvvvv,Disable,Disable,Disable,Disable,Disable,Disable,Disable,Disable,Disable,Disable,Disable,Disable,Disable,Disable,Disable,Disable,Disable,
14.06.2022 12:51:26,95,30,55300,55,9790,9310,49600,56000,25000,-100000,3437,3442,3440,3438,3440,3442,3436,3439,3453,3443,3442,3440,3441,3445,3438,3438,3453,9,3436,7,17,32,31,32,31,28,28,36,32,1,31,2,Disable,Disable,Disable,Disable,Disable,Disable,Disable,Disable,Disable,Disable,Disable,Disable,Disable,Disable,Disable,Disable,Disable,Disable,Disable,Disablevvvvvvvv,Disable,Disable,Disable,Disable,Disable,Disable,Disable,Disable,Disable,Disable,Disable,Disable,Disable,Disable,Disable,Disable,Disable,
14.06.2022 12:51:27,95,30,55300,55,9790,9310,49600,56000,25000,-100000,3437,3442,3440,3438,3440,3442,3436,3439,3453,3443,3442,3440,3441,3445,3438,3438,3453,9,3436,7,17,32,31,32,31,28,28,36,32,1,31,2,Disable,Disable,Disable,Disable,Disable,Disable,Disable,Disable,Disable,Disable,Disable,Disable,Disable,Disable,Disable,Disable,Disable,Disable,Disable,Disablevvvvvvvv,Disable,Disable,Disable,Disable,Disable,Disable,Disable,Disable,Disable,Disable,Disable,Disable,Disable,Disable,Disable,Disable,Disable,
14.06.2022 12:51:28,95,30,55300,55,9790,9310,49600,56000,25000,-100000,3437,3442,3440,3438,3440,3442,3436,3439,3453,3443,3442,3440,3441,3445,3438,3438,3453,9,3436,7,17,32,31,32,31,28,28,36,32,1,31,2,Disable,Disable,Disable,Disable,Disable,Disable,Disable,Disable,Disable,Disable,Disable,Disable,Disable,Disable,Disable,Disable,Disable,Disable,Disable,Disablevvvvvvvv,Disable,Disable,Disable,Disable,Disable,Disable,Disable,Disable,Disable,Disable,Disable,Disable,Disable,Disable,Disable,Disable,Disable,
14.06.2022 12:51:29,95,30,55300,55,9790,9310,49600,56000,25000,-100000,3444,3449,3447,3445,3447,3449,3442,3447,3463,3450,3449,3447,3449,3454,3447,3445,3463,9,3442,7,21,32,31,32,31,28,28,36,32,1,31,2,Disable,Disable,Disable,Disable,Disable,Disable,Disable,Disable,Disable,Disable,Disable,Disable,Disable,Disable,Disable,Disable,Disable,Disable,Disable,Disablevvvvvvvv,Disable,Disable,Disable,Disable,Disable,Disable,Disable,Disable,Disable,Disable,Disable,Disable,Disable,Disable,Disable,Disable,Disable,
14.06.2022 12:51:30,95,30,55300,55,9790,9310,49600,56000,25000,-100000,3444,3449,3447,3445,3447,3449,3442,3447,3463,3450,3449,3447,3449,3454,3447,3445,3463,9,3442,7,21,32,31,32,31,28,28,36,32,1,31,2,Disable,Disable,Disable,Disable,Disable,Disable,Disable,Disable,Disable,Disable,Disable,Disable,Disable,Disable,Disable,Disable,Disable,Disable,Disable,Disablevvvvvvvv,Disable,Disable,Disable,Disable,Disable,Disable,Disable,Disable,Disable,Disable,Disable,Disable,Disable,Disable,Disable,Disable,Disable,
14.06.2022 12:51:31,95,30,55300,55,9790,9310,49600,56000,25000,-100000,3444,3449,3447,3445,3447,3449,3442,3447,3463,3450,3449,3447,3449,3454,3447,3445,3463,9,3442,7,21,32,31,32,31,28,28,36,32,1,31,2,Disable,Disable,Disable,Disable,Disable,Disable,Disable,Disable,Disable,Disable,Disable,Disable,Disable,Disable,Disable,Disable,Disable,Disable,Disable,Disablevvvvvvvv,Disable,Disable,Disable,Disable,Disable,Disable,Disable,Disable,Disable,Disable,Disable,Disable,Disable,Disable,Disable,Disable,Disable,
14.06.2022 12:51:32,95,30,55300,55,9790,9310,49600,56000,25000,-100000,3444,3449,3447,3445,3447,3449,3442,3447,3463,3450,3449,3447,3449,3454,3447,3445,3463,9,3442,7,21,32,31,32,31,28,28,36,32,1,31,2,Disable,Disable,Disable,Disable,Disable,Disable,Disable,Disable,Disable,Disable,Disable,Disable,Disable,Disable,Disable,Disable,Disable,Disable,Disable,Disablevvvvvvvv,Disable,Disable,Disable,Disable,Disable,Disable,Disable,Disable,Disable,Disable,Disable,Disable,Disable,Disable,Disable,Disable,Disable,
14.06.2022 12:51:33,95,30,55300,55,9790,9310,49600,56000,25000,-100000,3445,3450,3448,3446,3448,3449,3443,3447,3465,3451,3450,3449,3451,3456,3451,3449,3465,9,3443,7,22,32,31,32,31,28,28,36,32,1,31,2,Disable,Disable,Disable,Disable,Disable,Disable,Disable,Disable,Disable,Disable,Disable,Disable,Disable,Disable,Disable,Disable,Disable,Disable,Disable,Disablevvvvvvvv,Disable,Disable,Disable,Disable,Disable,Disable,Disable,Disable,Disable,Disable,Disable,Disable,Disable,Disable,Disable,Disable,Disable,
14.06.2022 12:51:34,95,30,55300,55,9790,9310,49600,56000,25000,-100000,3445,3450,3448,3446,3448,3449,3443,3447,3465,3451,3450,3449,3451,3456,3451,3449,3465,9,3443,7,22,32,31,32,31,28,28,36,32,1,31,2,Disable,Disable,Disable,Disable,Disable,Disable,Disable,Disable,Disable,Disable,Disable,Disable,Disable,Disable,Disable,Disable,Disable,Disable,Disable,Disablevvvvvvvv,Disable,Disable,Disable,Disable,Disable,Disable,Disable,Disable,Disable,Disable,Disable,Disable,Disable,Disable,Disable,Disable,Disable,
14.06.2022 12:51:35,95,30,55300,55,9790,9310,49600,56000,25000,-100000,3445,3450,3448,3446,3448,3449,3443,3447,3465,3451,3450,3449,3451,3456,3451,3449,3465,9,3443,7,22,32,31,32,31,28,28,36,32,1,31,2,Disable,Disable,Disable,Disable,Disable,Disable,Disable,Disable,Disable,Disable,Disable,Disable,Disable,Disable,Disable,Disable,Disable,Disable,Disable,Disablevvvvvvvv,Disable,Disable,Disable,Disable,Disable,Disable,Disable,Disable,Disable,Disable,Disable,Disable,Disable,Disable,Disable,Disable,Disable,
14.06.2022 12:51:36,95,30,55300,55,9790,9310,49600,56000,25000,-100000,3440,3445,3442,3441,3443,3444,3437,3441,3458,3445,3444,3443,3446,3452,3448,3449,3458,9,3437,7,21,32,31,32,31,28,28,36,32,1,31,2,Disable,Disable,Disable,Disable,Disable,Disable,Disable,Disable,Disable,Disable,Disable,Disable,Disable,Disable,Disable,Disable,Disable,Disable,Disable,Disablevvvvvvvv,Disable,Disable,Disable,Disable,Disable,Disable,Disable,Disable,Disable,Disable,Disable,Disable,Disable,Disable,Disable,Disable,Disable,
14.06.2022 12:51:37,95,30,55300,55,9790,9310,49600,56000,25000,-100000,3440,3445,3442,3441,3443,3444,3437,3441,3458,3445,3444,3443,3446,3452,3448,3449,3458,9,3437,7,21,32,31,32,31,28,28,36,32,1,31,2,Disable,Disable,Disable,Disable,Disable,Disable,Disable,Disable,Disable,Disable,Disable,Disable,Disable,Disable,Disable,Disable,Disable,Disable,Disable,Disablevvvvvvvv,Disable,Disable,Disable,Disable,Disable,Disable,Disable,Disable,Disable,Disable,Disable,Disable,Disable,Disable,Disable,Disable,Disable,
14.06.2022 12:51:38,95,30,55300,55,9790,9310,49600,56000,25000,-100000,3440,3445,3442,3441,3443,3444,3437,3441,3458,3445,3444,3443,3446,3452,3448,3449,3458,9,3437,7,21,32,31,32,31,28,28,36,32,1,31,2,Disable,Disable,Disable,Disable,Disable,Disable,Disable,Disable,Disable,Disable,Disable,Disable,Disable,Disable,Disable,Disable,Disable,Disable,Disable,Disablevvvvvvvv,Disable,Disable,Disable,Disable,Disable,Disable,Disable,Disable,Disable,Disable,Disable,Disable,Disable,Disable,Disable,Disable,Disable,
14.06.2022 12:51:39,95,30,55300,55,9790,9310,49600,56000,25000,-100000,3440,3445,3442,3441,3443,3444,3437,3441,3458,3445,3444,3443,3446,3452,3448,3449,3458,9,3437,7,20,32,31,32,31,28,28,36,32,1,31,2,Disable,Disable,Disable,Disable,Disable,Disable,Disable,Disable,Disable,Disable,Disable,Disable,Disable,Disable,Disable,Disable,Disable,Disable,Disable,Disablevvvvvvvv,Disable,Disable,Disable,Disable,Disable,Disable,Disable,Disable,Disable,Disable,Disable,Disable,Disable,Disable,Disable,Disable,Disable,
14.06.2022 12:51:40,95,30,55300,54,9790,9310,49600,56000,25000,-100000,3428,3433,3431,3429,3431,3432,3424,3427,3444,3431,3431,3431,3433,3441,3440,3443,3444,9,3424,7,20,32,31,32,31,28,28,36,32,1,31,2,Disable,Disable,Disable,Disable,Disable,Disable,Disable,Disable,Disable,Disable,Disable,Disable,Disable,Disable,Disable,Disable,Disable,Disable,Disable,Disablevvvvvvvv,Disable,Disable,Disable,Disable,Disable,Disable,Disable,Disable,Disable,Disable,Disable,Disable,Disable,Disable,Disable,Disable,Disable,
14.06.2022 12:51:41,95,30,55300,54,9790,9310,49600,56000,25000,-100000,3428,3433,3431,3429,3431,3432,3424,3427,3444,3431,3431,3431,3433,3441,3440,3443,3444,9,3424,7,20,32,31,32,31,28,28,36,32,1,31,2,Disable,Disable,Disable,Disable,Disable,Disable,Disable,Disable,Disable,Disable,Disable,Disable,Disable,Disable,Disable,Disable,Disable,Disable,Disable,Disablevvvvvvvv,Disable,Disable,Disable,Disable,Disable,Disable,Disable,Disable,Disable,Disable,Disable,Disable,Disable,Disable,Disable,Disable,Disable,
14.06.2022 12:51:42,95,30,55300,54,9790,9310,49600,56000,25000,-100000,3428,3433,3431,3429,3431,3432,3424,3427,3444,3431,3431,3431,3433,3441,3440,3443,3444,9,3424,7,20,32,31,32,31,28,28,36,32,1,31,2,Disable,Disable,Disable,Disable,Disable,Disable,Disable,Disable,Disable,Disable,Disable,Disable,Disable,Disable,Disable,Disable,Disable,Disable,Disable,Disablevvvvvvvv,Disable,Disable,Disable,Disable,Disable,Disable,Disable,Disable,Disable,Disable,Disable,Disable,Disable,Disable,Disable,Disable,Disable,
14.06.2022 12:51:43,95,30,55300,54,9790,9310,49600,56000,25000,-100000,3418,3424,3421,3419,3422,3422,3415,3416,3430,3420,3420,3421,3422,3429,3429,3436,3436,16,3415,7,21,32,31,32,31,28,28,36,32,1,31,2,Disable,Disable,Disable,Disable,Disable,Disable,Disable,Disable,Disable,Disable,Disable,Disable,Disable,Disable,Disable,Disable,Disable,Disable,Disable,Disablevvvvvvvv,Disable,Disable,Disable,Disable,Disable,Disable,Disable,Disable,Disable,Disable,Disable,Disable,Disable,Disable,Disable,Disable,Disable,
14.06.2022 12:51:44,95,30,55300,54,9790,9310,49600,56000,25000,-100000,3418,3424,3421,3419,3422,3422,3415,3416,3430,3420,3420,3421,3422,3429,3429,3436,3436,16,3415,7,21,32,31,32,31,28,28,36,32,1,31,2,Disable,Disable,Disable,Disable,Disable,Disable,Disable,Disable,Disable,Disable,Disable,Disable,Disable,Disable,Disable,Disable,Disable,Disable,Disable,Disablevvvvvvvv,Disable,Disable,Disable,Disable,Disable,Disable,Disable,Disable,Disable,Disable,Disable,Disable,Disable,Disable,Disable,Disable,Disable,
14.06.2022 12:51:45,95,30,55300,54,9790,9310,49600,56000,25000,-100000,3418,3424,3421,3419,3422,3422,3415,3416,3430,3420,3420,3421,3422,3429,3429,3436,3436,16,3415,7,21,32,31,32,31,28,28,36,32,1,31,2,Disable,Disable,Disable,Disable,Disable,Disable,Disable,Disable,Disable,Disable,Disable,Disable,Disable,Disable,Disable,Disable,Disable,Disable,Disable,Disablevvvvvvvv,Disable,Disable,Disable,Disable,Disable,Disable,Disable,Disable,Disable,Disable,Disable,Disable,Disable,Disable,Disable,Disable,Disable,
14.06.2022 12:51:46,95,28,55300,54,9790,9310,49600,56000,25000,-100000,3414,3420,3417,3416,3418,3419,3411,3412,3425,3416,3417,3417,3418,3424,3423,3431,3431,16,3411,7,20,32,31,32,31,28,28,36,32,1,31,2,Disable,Disable,Disable,Disable,Disable,Disable,Disable,Disable,Disable,Disable,Disable,Disable,Disable,Disable,Disable,Disable,Disable,Disable,Disable,Disablevvvvvvvv,Disable,Disable,Disable,Disable,Disable,Disable,Disable,Disable,Disable,Disable,Disable,Disable,Disable,Disable,Disable,Disable,Disable,
14.06.2022 12:51:47,95,28,55300,54,9790,9310,49600,56000,25000,-100000,3414,3420,3417,3416,3418,3419,3411,3412,3425,3416,3417,3417,3418,3424,3423,3431,3431,16,3411,7,20,32,31,32,31,28,28,36,32,1,31,2,Disable,Disable,Disable,Disable,Disable,Disable,Disable,Disable,Disable,Disable,Disable,Disable,Disable,Disable,Disable,Disable,Disable,Disable,Disable,Disablevvvvvvvv,Disable,Disable,Disable,Disable,Disable,Disable,Disable,Disable,Disable,Disable,Disable,Disable,Disable,Disable,Disable,Disable,Disable,
14.06.2022 12:51:48,95,28,55300,54,9790,9310,49600,56000,25000,-100000,3414,3420,3417,3416,3418,3419,3411,3412,3425,3416,3417,3417,3418,3424,3423,3431,3431,16,3411,7,20,32,31,32,31,28,28,36,32,1,31,2,Disable,Disable,Disable,Disable,Disable,Disable,Disable,Disable,Disable,Disable,Disable,Disable,Disable,Disable,Disable,Disable,Disable,Disable,Disable,Disablevvvvvvvv,Disable,Disable,Disable,Disable,Disable,Disable,Disable,Disable,Disable,Disable,Disable,Disable,Disable,Disable,Disable,Disable,Disable,
14.06.2022 12:51:49,95,28,55300,54,9790,9310,49600,56000,25000,-100000,3414,3420,3417,3416,3418,3419,3411,3412,3425,3416,3417,3417,3418,3424,3423,3431,3431,16,3411,7,20,32,31,32,31,28,28,36,32,1,31,2,Disable,Disable,Disable,Disable,Disable,Disable,Disable,Disable,Disable,Disable,Disable,Disable,Disable,Disable,Disable,Disable,Disable,Disable,Disable,Disablevvvvvvvv,Disable,Disable,Disable,Disable,Disable,Disable,Disable,Disable,Disable,Disable,Disable,Disable,Disable,Disable,Disable,Disable,Disable,
14.06.2022 12:51:50,95,30,55300,54,9790,9310,49600,56000,25000,-100000,3417,3423,3420,3419,3421,3422,3415,3416,3428,3420,3420,3420,3420,3425,3423,3429,3429,16,3415,7,14,32,31,32,31,28,28,36,32,1,31,2,Disable,Disable,Disable,Disable,Disable,Disable,Disable,Disable,Disable,Disable,Disable,Disable,Disable,Disable,Disable,Disable,Disable,Disable,Disable,Disablevvvvvvvv,Disable,Disable,Disable,Disable,Disable,Disable,Disable,Disable,Disable,Disable,Disable,Disable,Disable,Disable,Disable,Disable,Disable,
14.06.2022 12:51:52,95,30,55300,54,9790,9310,49600,56000,25000,-100000,3417,3423,3420,3419,3421,3422,3415,3416,3428,3420,3420,3420,3420,3425,3423,3429,3429,16,3415,7,14,32,31,32,31,28,28,36,32,1,31,2,Disable,Disable,Disable,Disable,Disable,Disable,Disable,Disable,Disable,Disable,Disable,Disable,Disable,Disable,Disable,Disable,Disable,Disable,Disable,Disablevvvvvvvv,Disable,Disable,Disable,Disable,Disable,Disable,Disable,Disable,Disable,Disable,Disable,Disable,Disable,Disable,Disable,Disable,Disable,
14.06.2022 12:51:52,95,30,55300,54,9790,9310,49600,56000,25000,-100000,3417,3423,3420,3419,3421,3422,3415,3416,3428,3420,3420,3420,3420,3425,3423,3429,3429,16,3415,7,14,32,31,32,31,28,28,36,32,1,31,2,Disable,Disable,Disable,Disable,Disable,Disable,Disable,Disable,Disable,Disable,Disable,Disable,Disable,Disable,Disable,Disable,Disable,Disable,Disable,Disablevvvvvvvv,Disable,Disable,Disable,Disable,Disable,Disable,Disable,Disable,Disable,Disable,Disable,Disable,Disable,Disable,Disable,Disable,Disable,
14.06.2022 12:51:53,95,30,55400,54,9790,9310,49600,56000,25000,-100000,3428,3433,3431,3430,3432,3433,3427,3429,3442,3432,3432,3431,3431,3435,3430,3433,3442,9,3427,7,15,32,31,32,31,28,28,36,32,1,31,2,Disable,Disable,Disable,Disable,Disable,Disable,Disable,Disable,Disable,Disable,Disable,Disable,Disable,Disable,Disable,Disable,Disable,Disable,Disable,Disablevvvvvvvv,Disable,Disable,Disable,Disable,Disable,Disable,Disable,Disable,Disable,Disable,Disable,Disable,Disable,Disable,Disable,Disable,Disable,
14.06.2022 12:51:55,95,30,55400,54,9790,9310,49600,56000,25000,-100000,3428,3433,3431,3430,3432,3433,3427,3429,3442,3432,3432,3431,3431,3435,3430,3433,3442,9,3427,7,15,32,31,32,31,28,28,36,32,1,31,2,Disable,Disable,Disable,Disable,Disable,Disable,Disable,Disable,Disable,Disable,Disable,Disable,Disable,Disable,Disable,Disable,Disable,Disable,Disable,Disablevvvvvvvv,Disable,Disable,Disable,Disable,Disable,Disable,Disable,Disable,Disable,Disable,Disable,Disable,Disable,Disable,Disable,Disable,Disable,
14.06.2022 12:51:56,95,30,55400,54,9790,9310,49600,56000,25000,-100000,3428,3433,3431,3430,3432,3433,3427,3429,3442,3432,3432,3431,3431,3435,3430,3433,3442,9,3427,7,15,32,31,32,31,28,28,36,32,1,31,2,Disable,Disable,Disable,Disable,Disable,Disable,Disable,Disable,Disable,Disable,Disable,Disable,Disable,Disable,Disable,Disable,Disable,Disable,Disable,Disablevvvvvvvv,Disable,Disable,Disable,Disable,Disable,Disable,Disable,Disable,Disable,Disable,Disable,Disable,Disable,Disable,Disable,Disable,Disable,
14.06.2022 12:51:57,95,30,55300,55,9790,9310,49600,56000,25000,-100000,3440,3445,3443,3442,3444,3445,3439,3443,3457,3446,3445,3444,3445,3448,3442,3441,3457,9,3439,7,18,32,31,32,31,28,28,36,32,1,31,2,Disable,Disable,Disable,Disable,Disable,Disable,Disable,Disable,Disable,Disable,Disable,Disable,Disable,Disable,Disable,Disable,Disable,Disable,Disable,Disablevvvvvvvv,Disable,Disable,Disable,Disable,Disable,Disable,Disable,Disable,Disable,Disable,Disable,Disable,Disable,Disable,Disable,Disable,Disable,
14.06.2022 12:51:58,95,30,55300,55,9790,9310,49600,56000,25000,-100000,3440,3445,3443,3442,3444,3445,3439,3443,3457,3446,3445,3444,3445,3448,3442,3441,3457,9,3439,7,18,32,31,32,31,28,28,36,32,1,31,2,Disable,Disable,Disable,Disable,Disable,Disable,Disable,Disable,Disable,Disable,Disable,Disable,Disable,Disable,Disable,Disable,Disable,Disable,Disable,Disablevvvvvvvv,Disable,Disable,Disable,Disable,Disable,Disable,Disable,Disable,Disable,Disable,Disable,Disable,Disable,Disable,Disable,Disable,Disable,
14.06.2022 12:51:59,95,30,55300,55,9790,9310,49600,56000,25000,-100000,3440,3445,3443,3442,3444,3445,3439,3443,3457,3446,3445,3444,3445,3448,3442,3441,3457,9,3439,7,18,32,31,32,31,28,28,36,32,1,31,2,Disable,Disable,Disable,Disable,Disable,Disable,Disable,Disable,Disable,Disable,Disable,Disable,Disable,Disable,Disable,Disable,Disable,Disable,Disable,Disablevvvvvvvv,Disable,Disable,Disable,Disable,Disable,Disable,Disable,Disable,Disable,Disable,Disable,Disable,Disable,Disable,Disable,Disable,Disable,
14.06.2022 12:52:00,95,30,55300,55,9790,9310,49600,56000,25000,-100000,3440,3445,3443,3442,3444,3445,3439,3443,3457,3446,3445,3444,3445,3448,3442,3441,3457,9,3439,7,18,32,31,32,31,28,28,36,32,1,31,2,Disable,Disable,Disable,Disable,Disable,Disable,Disable,Disable,Disable,Disable,Disable,Disable,Disable,Disable,Disable,Disable,Disable,Disable,Disable,Disablevvvvvvvv,Disable,Disable,Disable,Disable,Disable,Disable,Disable,Disable,Disable,Disable,Disable,Disable,Disable,Disable,Disable,Disable,Disable,
14.06.2022 12:52:01,95,30,55300,55,9790,9310,49600,56000,25000,-100000,3446,3451,3449,3447,3449,3450,3444,3449,3465,3452,3451,3450,3452,3456,3450,3448,3465,9,3444,7,21,32,31,32,31,28,28,36,32,1,31,2,Disable,Disable,Disable,Disable,Disable,Disable,Disable,Disable,Disable,Disable,Disable,Disable,Disable,Disable,Disable,Disable,Disable,Disable,Disable,Disablevvvvvvvv,Disable,Disable,Disable,Disable,Disable,Disable,Disable,Disable,Disable,Disable,Disable,Disable,Disable,Disable,Disable,Disable,Disable,
14.06.2022 12:52:02,95,30,55300,55,9790,9310,49600,56000,25000,-100000,3446,3451,3449,3447,3449,3450,3444,3449,3465,3452,3451,3450,3452,3456,3450,3448,3465,9,3444,7,21,32,31,32,31,28,28,36,32,1,31,2,Disable,Disable,Disable,Disable,Disable,Disable,Disable,Disable,Disable,Disable,Disable,Disable,Disable,Disable,Disable,Disable,Disable,Disable,Disable,Disablevvvvvvvv,Disable,Disable,Disable,Disable,Disable,Disable,Disable,Disable,Disable,Disable,Disable,Disable,Disable,Disable,Disable,Disable,Disable,
14.06.2022 12:52:03,95,30,55300,55,9790,9310,49600,56000,25000,-100000,3446,3451,3449,3447,3449,3450,3444,3449,3465,3452,3451,3450,3452,3456,3450,3448,3465,9,3444,7,21,32,31,32,31,28,28,36,32,1,31,2,Disable,Disable,Disable,Disable,Disable,Disable,Disable,Disable,Disable,Disable,Disable,Disable,Disable,Disable,Disable,Disable,Disable,Disable,Disable,Disablevvvvvvvv,Disable,Disable,Disable,Disable,Disable,Disable,Disable,Disable,Disable,Disable,Disable,Disable,Disable,Disable,Disable,Disable,Disable,
14.06.2022 12:52:04,95,30,55300,55,9790,9310,49600,56000,25000,-100000,3445,3450,3447,3446,3448,3449,3442,3446,3464,3451,3449,3448,3451,3457,3452,3450,3464,9,3442,7,22,32,31,32,31,28,28,36,32,1,31,2,Disable,Disable,Disable,Disable,Disable,Disable,Disable,Disable,Disable,Disable,Disable,Disable,Disable,Disable,Disable,Disable,Disable,Disable,Disable,Disablevvvvvvvv,Disable,Disable,Disable,Disable,Disable,Disable,Disable,Disable,Disable,Disable,Disable,Disable,Disable,Disable,Disable,Disable,Disable,
14.06.2022 12:52:05,95,30,55300,55,9790,9310,49600,56000,25000,-100000,3445,3450,3447,3446,3448,3449,3442,3446,3464,3451,3449,3448,3451,3457,3452,3450,3464,9,3442,7,22,32,31,32,31,28,28,36,32,1,31,2,Disable,Disable,Disable,Disable,Disable,Disable,Disable,Disable,Disable,Disable,Disable,Disable,Disable,Disable,Disable,Disable,Disable,Disable,Disable,Disablevvvvvvvv,Disable,Disable,Disable,Disable,Disable,Disable,Disable,Disable,Disable,Disable,Disable,Disable,Disable,Disable,Disable,Disable,Disable,
14.06.2022 12:52:06,95,30,55300,55,9790,9310,49600,56000,25000,-100000,3445,3450,3447,3446,3448,3449,3442,3446,3464,3451,3449,3448,3451,3457,3452,3450,3464,9,3442,7,22,32,31,32,31,28,28,36,32,1,31,2,Disable,Disable,Disable,Disable,Disable,Disable,Disable,Disable,Disable,Disable,Disable,Disable,Disable,Disable,Disable,Disable,Disable,Disable,Disable,Disablevvvvvvvv,Disable,Disable,Disable,Disable,Disable,Disable,Disable,Disable,Disable,Disable,Disable,Disable,Disable,Disable,Disable,Disable,Disable,
14.06.2022 12:52:07,95,30,55300,55,9790,9310,49600,56000,25000,-100000,3445,3450,3447,3446,3448,3449,3442,3446,3464,3451,3449,3448,3451,3457,3452,3450,3464,9,3442,7,22,32,31,32,31,28,28,36,32,1,31,2,Disable,Disable,Disable,Disable,Disable,Disable,Disable,Disable,Disable,Disable,Disable,Disable,Disable,Disable,Disable,Disable,Disable,Disable,Disable,Disablevvvvvvvv,Disable,Disable,Disable,Disable,Disable,Disable,Disable,Disable,Disable,Disable,Disable,Disable,Disable,Disable,Disable,Disable,Disable,
14.06.2022 12:52:08,95,30,55300,55,9790,9310,49600,56000,25000,-100000,3445,3450,3447,3446,3448,3449,3442,3446,3464,3451,3449,3448,3451,3457,3452,3450,3464,9,3442,7,22,32,31,32,31,28,28,36,32,1,31,2,Disable,Disable,Disable,Disable,Disable,Disable,Disable,Disable,Disable,Disable,Disable,Disable,Disable,Disable,Disable,Disable,Disable,Disable,Disable,Disablevvvvvvvv,Disable,Disable,Disable,Disable,Disable,Disable,Disable,Disable,Disable,Disable,Disable,Disable,Disable,Disable,Disable,Disable,Disable,
14.06.2022 12:52:09,95,30,55300,55,9790,9310,49600,56000,25000,-100000,3445,3450,3447,3446,3448,3449,3442,3446,3464,3451,3449,3448,3451,3457,3452,3450,3464,9,3442,7,22,32,31,32,31,28,28,36,32,1,31,2,Disable,Disable,Disable,Disable,Disable,Disable,Disable,Disable,Disable,Disable,Disable,Disable,Disable,Disable,Disable,Disable,Disable,Disable,Disable,Disablevvvvvvvv,Disable,Disable,Disable,Disable,Disable,Disable,Disable,Disable,Disable,Disable,Disable,Disable,Disable,Disable,Disable,Disable,Disable,
14.06.2022 12:52:10,95,30,55300,55,9790,9310,49600,56000,25000,-100000,3445,3450,3447,3446,3448,3449,3442,3446,3464,3451,3449,3448,3451,3457,3452,3450,3464,9,3442,7,22,32,31,32,31,28,28,36,32,1,31,2,Disable,Disable,Disable,Disable,Disable,Disable,Disable,Disable,Disable,Disable,Disable,Disable,Disable,Disable,Disable,Disable,Disable,Disable,Disable,Disablevvvvvvvv,Disable,Disable,Disable,Disable,Disable,Disable,Disable,Disable,Disable,Disable,Disable,Disable,Disable,Disable,Disable,Disable,Disable,
14.06.2022 12:52:11,95,28,55300,55,9790,9310,49600,56000,25000,-100000,3444,3449,3447,3445,3447,3448,3442,3446,3464,3450,3449,3448,3450,3456,3451,3450,3464,9,3442,7,22,32,31,32,31,28,28,36,32,1,31,2,Disable,Disable,Disable,Disable,Disable,Disable,Disable,Disable,Disable,Disable,Disable,Disable,Disable,Disable,Disable,Disable,Disable,Disable,Disable,Disablevvvvvvvv,Disable,Disable,Disable,Disable,Disable,Disable,Disable,Disable,Disable,Disable,Disable,Disable,Disable,Disable,Disable,Disable,Disable,
14.06.2022 12:52:12,95,28,55300,55,9790,9310,49600,56000,25000,-100000,3444,3449,3447,3445,3447,3448,3442,3446,3464,3450,3449,3448,3450,3456,3451,3450,3464,9,3442,7,22,32,31,32,31,28,28,36,32,1,31,2,Disable,Disable,Disable,Disable,Disable,Disable,Disable,Disable,Disable,Disable,Disable,Disable,Disable,Disable,Disable,Disable,Disable,Disable,Disable,Disablevvvvvvvv,Disable,Disable,Disable,Disable,Disable,Disable,Disable,Disable,Disable,Disable,Disable,Disable,Disable,Disable,Disable,Disable,Disable,
14.06.2022 12:52:13,95,28,55300,55,9790,9310,49600,56000,25000,-100000,3444,3449,3447,3445,3447,3448,3442,3446,3464,3450,3449,3448,3450,3456,3451,3450,3464,9,3442,7,22,32,31,32,31,28,28,36,32,1,31,2,Disable,Disable,Disable,Disable,Disable,Disable,Disable,Disable,Disable,Disable,Disable,Disable,Disable,Disable,Disable,Disable,Disable,Disable,Disable,Disablevvvvvvvv,Disable,Disable,Disable,Disable,Disable,Disable,Disable,Disable,Disable,Disable,Disable,Disable,Disable,Disable,Disable,Disable,Disable,
14.06.2022 12:52:14,95,29,55300,55,9790,9310,49600,56000,25000,-100000,3436,3441,3439,3437,3439,3440,3433,3436,3454,3441,3440,3440,3442,3449,3446,3448,3454,9,3433,7,21,32,31,32,31,28,28,36,32,1,31,2,Disable,Disable,Disable,Disable,Disable,Disable,Disable,Disable,Disable,Disable,Disable,Disable,Disable,Disable,Disable,Disable,Disable,Disable,Disable,Disablevvvvvvvv,Disable,Disable,Disable,Disable,Disable,Disable,Disable,Disable,Disable,Disable,Disable,Disable,Disable,Disable,Disable,Disable,Disable,
14.06.2022 12:52:15,95,29,55300,55,9790,9310,49600,56000,25000,-100000,3436,3441,3439,3437,3439,3440,3433,3436,3454,3441,3440,3440,3442,3449,3446,3448,3454,9,3433,7,21,32,31,32,31,28,28,36,32,1,31,2,Disable,Disable,Disable,Disable,Disable,Disable,Disable,Disable,Disable,Disable,Disable,Disable,Disable,Disable,Disable,Disable,Disable,Disable,Disable,Disablevvvvvvvv,Disable,Disable,Disable,Disable,Disable,Disable,Disable,Disable,Disable,Disable,Disable,Disable,Disable,Disable,Disable,Disable,Disable,
14.06.2022 12:52:16,95,29,55300,55,9790,9310,49600,56000,25000,-100000,3436,3441,3439,3437,3439,3440,3433,3436,3454,3441,3440,3440,3442,3449,3446,3448,3454,9,3433,7,21,32,31,32,31,28,28,36,32,1,31,2,Disable,Disable,Disable,Disable,Disable,Disable,Disable,Disable,Disable,Disable,Disable,Disable,Disable,Disable,Disable,Disable,Disable,Disable,Disable,Disablevvvvvvvv,Disable,Disable,Disable,Disable,Disable,Disable,Disable,Disable,Disable,Disable,Disable,Disable,Disable,Disable,Disable,Disable,Disable,
14.06.2022 12:52:17,95,29,55300,55,9790,9310,49600,56000,25000,-100000,3436,3430,3427,3426,3428,3428,3421,3423,3439,3427,3427,3428,3430,3437,3436,3441,3454,9,3433,7,21,32,31,32,31,28,28,36,32,1,31,2,Disable,Disable,Disable,Disable,Disable,Disable,Disable,Disable,Disable,Disable,Disable,Disable,Disable,Disable,Disable,Disable,Disable,Disable,Disable,Disablevvvvvvvv,Disable,Disable,Disable,Disable,Disable,Disable,Disable,Disable,Disable,Disable,Disable,Disable,Disable,Disable,Disable,Disable,Disable,
14.06.2022 12:52:18,95,29,55300,54,9790,9310,49600,56000,25000,-100000,3424,3430,3427,3426,3428,3428,3421,3423,3439,3427,3427,3428,3430,3437,3436,3441,3441,16,3421,7,20,32,31,32,31,28,28,36,32,1,31,2,Disable,Disable,Disable,Disable,Disable,Disable,Disable,Disable,Disable,Disable,Disable,Disable,Disable,Disable,Disable,Disable,Disable,Disable,Disable,Disablevvvvvvvv,Disable,Disable,Disable,Disable,Disable,Disable,Disable,Disable,Disable,Disable,Disable,Disable,Disable,Disable,Disable,Disable,Disable,
14.06.2022 12:52:19,95,29,55300,54,9790,9310,49600,56000,25000,-100000,3424,3430,3427,3426,3428,3428,3421,3423,3439,3427,3427,3428,3430,3437,3436,3441,3441,16,3421,7,20,32,31,32,31,28,28,36,32,1,31,2,Disable,Disable,Disable,Disable,Disable,Disable,Disable,Disable,Disable,Disable,Disable,Disable,Disable,Disable,Disable,Disable,Disable,Disable,Disable,Disablevvvvvvvv,Disable,Disable,Disable,Disable,Disable,Disable,Disable,Disable,Disable,Disable,Disable,Disable,Disable,Disable,Disable,Disable,Disable,
14.06.2022 12:52:20,95,29,55300,54,9790,9310,49600,56000,25000,-100000,3424,3430,3427,3426,3428,3428,3421,3423,3439,3427,3427,3428,3430,3437,3436,3441,3441,16,3421,7,20,32,31,32,31,28,28,36,32,1,31,2,Disable,Disable,Disable,Disable,Disable,Disable,Disable,Disable,Disable,Disable,Disable,Disable,Disable,Disable,Disable,Disable,Disable,Disable,Disable,Disablevvvvvvvv,Disable,Disable,Disable,Disable,Disable,Disable,Disable,Disable,Disable,Disable,Disable,Disable,Disable,Disable,Disable,Disable,Disable,
14.06.2022 12:52:21,95,29,55300,54,9790,9310,49600,56000,25000,-100000,3417,3423,3420,3418,3421,3421,3414,3415,3429,3419,3419,3420,3421,3428,3427,3435,3435,16,3414,7,21,32,31,32,31,28,28,36,32,1,31,2,Disable,Disable,Disable,Disable,Disable,Disable,Disable,Disable,Disable,Disable,Disable,Disable,Disable,Disable,Disable,Disable,Disable,Disable,Disable,Disablevvvvvvvv,Disable,Disable,Disable,Disable,Disable,Disable,Disable,Disable,Disable,Disable,Disable,Disable,Disable,Disable,Disable,Disable,Disable,
14.06.2022 12:52:22,95,29,55300,54,9790,9310,49600,56000,25000,-100000,3417,3423,3420,3418,3421,3421,3414,3415,3429,3419,3419,3420,3421,3428,3427,3435,3435,16,3414,7,21,32,31,32,31,28,28,36,32,1,31,2,Disable,Disable,Disable,Disable,Disable,Disable,Disable,Disable,Disable,Disable,Disable,Disable,Disable,Disable,Disable,Disable,Disable,Disable,Disable,Disablevvvvvvvv,Disable,Disable,Disable,Disable,Disable,Disable,Disable,Disable,Disable,Disable,Disable,Disable,Disable,Disable,Disable,Disable,Disable,
14.06.2022 12:52:23,95,29,55300,54,9790,9310,49600,56000,25000,-100000,3417,3423,3420,3418,3421,3421,3414,3415,3429,3419,3419,3420,3421,3428,3427,3435,3435,16,3414,7,21,32,31,32,31,28,28,36,32,1,31,2,Disable,Disable,Disable,Disable,Disable,Disable,Disable,Disable,Disable,Disable,Disable,Disable,Disable,Disable,Disable,Disable,Disable,Disable,Disable,Disablevvvvvvvv,Disable,Disable,Disable,Disable,Disable,Disable,Disable,Disable,Disable,Disable,Disable,Disable,Disable,Disable,Disable,Disable,Disable,
14.06.2022 12:52:24,95,29,55300,54,9790,9310,49600,56000,25000,-100000,3415,3421,3418,3417,3419,3420,3413,3414,3426,3418,3418,3419,3419,3424,3423,3431,3431,16,3413,7,18,32,31,32,31,28,28,36,32,1,31,2,Disable,Disable,Disable,Disable,Disable,Disable,Disable,Disable,Disable,Disable,Disable,Disable,Disable,Disable,Disable,Disable,Disable,Disable,Disable,Disablevvvvvvvv,Disable,Disable,Disable,Disable,Disable,Disable,Disable,Disable,Disable,Disable,Disable,Disable,Disable,Disable,Disable,Disable,Disable,
14.06.2022 12:52:25,95,29,55300,54,9790,9310,49600,56000,25000,-100000,3415,3421,3418,3417,3419,3420,3413,3414,3426,3418,3418,3419,3419,3424,3423,3431,3431,16,3413,7,18,32,31,32,31,28,28,36,32,1,31,2,Disable,Disable,Disable,Disable,Disable,Disable,Disable,Disable,Disable,Disable,Disable,Disable,Disable,Disable,Disable,Disable,Disable,Disable,Disable,Disablevvvvvvvv,Disable,Disable,Disable,Disable,Disable,Disable,Disable,Disable,Disable,Disable,Disable,Disable,Disable,Disable,Disable,Disable,Disable,
14.06.2022 12:52:26,95,29,55300,54,9790,9310,49600,56000,25000,-100000,3415,3421,3418,3417,3419,3420,3413,3414,3426,3418,3418,3419,3419,3424,3423,3431,3431,16,3413,7,18,32,31,32,31,28,28,36,32,1,31,2,Disable,Disable,Disable,Disable,Disable,Disable,Disable,Disable,Disable,Disable,Disable,Disable,Disable,Disable,Disable,Disable,Disable,Disable,Disable,Disablevvvvvvvv,Disable,Disable,Disable,Disable,Disable,Disable,Disable,Disable,Disable,Disable,Disable,Disable,Disable,Disable,Disable,Disable,Disable,
14.06.2022 12:52:27,95,29,55300,54,9790,9310,49600,56000,25000,-100000,3415,3421,3418,3417,3419,3420,3413,3414,3426,3418,3418,3419,3419,3424,3423,3431,3431,16,3413,7,18,32,31,32,31,28,28,36,32,1,31,2,Disable,Disable,Disable,Disable,Disable,Disable,Disable,Disable,Disable,Disable,Disable,Disable,Disable,Disable,Disable,Disable,Disable,Disable,Disable,Disablevvvvvvvv,Disable,Disable,Disable,Disable,Disable,Disable,Disable,Disable,Disable,Disable,Disable,Disable,Disable,Disable,Disable,Disable,Disable,
14.06.2022 12:52:28,95,30,55400,54,9790,9310,49600,56000,25000,-100000,3419,3424,3422,3420,3423,3424,3417,3418,3430,3422,3422,3422,3422,3427,3424,3430,3430,9,3417,7,13,32,31,32,31,28,28,36,32,1,31,2,Disable,Disable,Disable,Disable,Disable,Disable,Disable,Disable,Disable,Disable,Disable,Disable,Disable,Disable,Disable,Disable,Disable,Disable,Disable,Disablevvvvvvvv,Disable,Disable,Disable,Disable,Disable,Disable,Disable,Disable,Disable,Disable,Disable,Disable,Disable,Disable,Disable,Disable,Disable,
14.06.2022 12:52:29,95,30,55400,54,9790,9310,49600,56000,25000,-100000,3419,3424,3422,3420,3423,3424,3417,3418,3430,3422,3422,3422,3422,3427,3424,3430,3430,9,3417,7,13,32,31,32,31,28,28,36,32,1,31,2,Disable,Disable,Disable,Disable,Disable,Disable,Disable,Disable,Disable,Disable,Disable,Disable,Disable,Disable,Disable,Disable,Disable,Disable,Disable,Disablevvvvvvvv,Disable,Disable,Disable,Disable,Disable,Disable,Disable,Disable,Disable,Disable,Disable,Disable,Disable,Disable,Disable,Disable,Disable,
14.06.2022 12:52:30,95,30,55400,54,9790,9310,49600,56000,25000,-100000,3419,3424,3422,3420,3423,3424,3417,3418,3430,3422,3422,3422,3422,3427,3424,3430,3430,9,3417,7,13,32,31,32,31,28,28,36,32,1,31,2,Disable,Disable,Disable,Disable,Disable,Disable,Disable,Disable,Disable,Disable,Disable,Disable,Disable,Disable,Disable,Disable,Disable,Disable,Disable,Disablevvvvvvvv,Disable,Disable,Disable,Disable,Disable,Disable,Disable,Disable,Disable,Disable,Disable,Disable,Disable,Disable,Disable,Disable,Disable,
14.06.2022 12:52:31,95,29,55300,54,9790,9310,49600,56000,25000,-100000,3427,3432,3429,3428,3431,3432,3425,3427,3440,3431,3431,3430,3430,3434,3429,3433,3440,9,3425,7,15,32,31,32,31,28,28,36,32,1,31,2,Disable,Disable,Disable,Disable,Disable,Disable,Disable,Disable,Disable,Disable,Disable,Disable,Disable,Disable,Disable,Disable,Disable,Disable,Disable,Disablevvvvvvvv,Disable,Disable,Disable,Disable,Disable,Disable,Disable,Disable,Disable,Disable,Disable,Disable,Disable,Disable,Disable,Disable,Disable,
14.06.2022 12:52:32,95,29,55300,54,9790,9310,49600,56000,25000,-100000,3427,3432,3429,3428,3431,3432,3425,3427,3440,3431,3431,3430,3430,3434,3429,3433,3440,9,3425,7,15,32,31,32,31,28,28,36,32,1,31,2,Disable,Disable,Disable,Disable,Disable,Disable,Disable,Disable,Disable,Disable,Disable,Disable,Disable,Disable,Disable,Disable,Disable,Disable,Disable,Disablevvvvvvvv,Disable,Disable,Disable,Disable,Disable,Disable,Disable,Disable,Disable,Disable,Disable,Disable,Disable,Disable,Disable,Disable,Disable,
14.06.2022 12:52:33,95,29,55300,54,9790,9310,49600,56000,25000,-100000,3427,3432,3429,3428,3431,3432,3425,3427,3440,3431,3431,3430,3430,3434,3429,3433,3440,9,3425,7,15,32,31,32,31,28,28,36,32,1,31,2,Disable,Disable,Disable,Disable,Disable,Disable,Disable,Disable,Disable,Disable,Disable,Disable,Disable,Disable,Disable,Disable,Disable,Disable,Disable,Disablevvvvvvvv,Disable,Disable,Disable,Disable,Disable,Disable,Disable,Disable,Disable,Disable,Disable,Disable,Disable,Disable,Disable,Disable,Disable,
14.06.2022 12:52:34,95,29,55300,55,9790,9310,49600,56000,25000,-100000,3440,3445,3443,3441,3443,3445,3439,3442,3456,3446,3445,3443,3444,3448,3442,3441,3456,9,3439,7,17,32,31,32,31,28,28,36,32,1,31,2,Disable,Disable,Disable,Disable,Disable,Disable,Disable,Disable,Disable,Disable,Disable,Disable,Disable,Disable,Disable,Disable,Disable,Disable,Disable,Disablevvvvvvvv,Disable,Disable,Disable,Disable,Disable,Disable,Disable,Disable,Disable,Disable,Disable,Disable,Disable,Disable,Disable,Disable,Disable,
14.06.2022 12:52:35,95,29,55300,55,9790,9310,49600,56000,25000,-100000,3440,3445,3443,3441,3443,3445,3439,3442,3456,3446,3445,3443,3444,3448,3442,3441,3456,9,3439,7,17,32,31,32,31,28,28,36,32,1,31,2,Disable,Disable,Disable,Disable,Disable,Disable,Disable,Disable,Disable,Disable,Disable,Disable,Disable,Disable,Disable,Disable,Disable,Disable,Disable,Disablevvvvvvvv,Disable,Disable,Disable,Disable,Disable,Disable,Disable,Disable,Disable,Disable,Disable,Disable,Disable,Disable,Disable,Disable,Disable,
14.06.2022 12:52:36,95,29,55300,55,9790,9310,49600,56000,25000,-100000,3440,3445,3443,3441,3443,3445,3439,3442,3456,3446,3445,3443,3444,3448,3442,3441,3456,9,3439,7,17,32,31,32,31,28,28,36,32,1,31,2,Disable,Disable,Disable,Disable,Disable,Disable,Disable,Disable,Disable,Disable,Disable,Disable,Disable,Disable,Disable,Disable,Disable,Disable,Disable,Disablevvvvvvvv,Disable,Disable,Disable,Disable,Disable,Disable,Disable,Disable,Disable,Disable,Disable,Disable,Disable,Disable,Disable,Disable,Disable,
14.06.2022 12:52:37,95,29,55300,55,9790,9310,49600,56000,25000,-100000,3440,3445,3443,3441,3443,3445,3439,3442,3456,3446,3445,3443,3444,3448,3442,3441,3456,9,3439,7,17,32,31,32,31,28,28,36,32,1,31,2,Disable,Disable,Disable,Disable,Disable,Disable,Disable,Disable,Disable,Disable,Disable,Disable,Disable,Disable,Disable,Disable,Disable,Disable,Disable,Disablevvvvvvvv,Disable,Disable,Disable,Disable,Disable,Disable,Disable,Disable,Disable,Disable,Disable,Disable,Disable,Disable,Disable,Disable,Disable,
14.06.2022 12:52:38,95,30,55400,55,9790,9310,49600,56000,25000,-100000,3446,3451,3449,3447,3449,3450,3444,3448,3465,3452,3451,3449,3452,3457,3451,3449,3465,9,3444,7,21,32,31,32,31,28,28,36,32,1,31,2,Disable,Disable,Disable,Disable,Disable,Disable,Disable,Disable,Disable,Disable,Disable,Disable,Disable,Disable,Disable,Disable,Disable,Disable,Disable,Disablevvvvvvvv,Disable,Disable,Disable,Disable,Disable,Disable,Disable,Disable,Disable,Disable,Disable,Disable,Disable,Disable,Disable,Disable,Disable,
14.06.2022 12:52:39,95,30,55400,55,9790,9310,49600,56000,25000,-100000,3446,3451,3449,3447,3449,3450,3444,3448,3465,3452,3451,3449,3452,3457,3451,3449,3465,9,3444,7,21,32,31,32,31,28,28,36,32,1,31,2,Disable,Disable,Disable,Disable,Disable,Disable,Disable,Disable,Disable,Disable,Disable,Disable,Disable,Disable,Disable,Disable,Disable,Disable,Disable,Disablevvvvvvvv,Disable,Disable,Disable,Disable,Disable,Disable,Disable,Disable,Disable,Disable,Disable,Disable,Disable,Disable,Disable,Disable,Disable,
14.06.2022 12:52:40,95,30,55400,55,9790,9310,49600,56000,25000,-100000,3446,3451,3449,3447,3449,3450,3444,3448,3465,3452,3451,3449,3452,3457,3451,3449,3465,9,3444,7,21,32,31,32,31,28,28,36,32,1,31,2,Disable,Disable,Disable,Disable,Disable,Disable,Disable,Disable,Disable,Disable,Disable,Disable,Disable,Disable,Disable,Disable,Disable,Disable,Disable,Disablevvvvvvvv,Disable,Disable,Disable,Disable,Disable,Disable,Disable,Disable,Disable,Disable,Disable,Disable,Disable,Disable,Disable,Disable,Disable,
14.06.2022 12:52:41,95,29,55300,55,9790,9310,49600,56000,25000,-100000,3442,3447,3445,3443,3445,3446,3439,3443,3461,3448,3446,3445,3448,3454,3450,3450,3461,9,3439,7,22,32,31,32,31,28,28,36,32,1,31,2,Disable,Disable,Disable,Disable,Disable,Disable,Disable,Disable,Disable,Disable,Disable,Disable,Disable,Disable,Disable,Disable,Disable,Disable,Disable,Disablevvvvvvvv,Disable,Disable,Disable,Disable,Disable,Disable,Disable,Disable,Disable,Disable,Disable,Disable,Disable,Disable,Disable,Disable,Disable,
14.06.2022 12:52:42,95,29,55300,55,9790,9310,49600,56000,25000,-100000,3442,3447,3445,3443,3445,3446,3439,3443,3461,3448,3446,3445,3448,3454,3450,3450,3461,9,3439,7,22,32,31,32,31,28,28,36,32,1,31,2,Disable,Disable,Disable,Disable,Disable,Disable,Disable,Disable,Disable,Disable,Disable,Disable,Disable,Disable,Disable,Disable,Disable,Disable,Disable,Disablevvvvvvvv,Disable,Disable,Disable,Disable,Disable,Disable,Disable,Disable,Disable,Disable,Disable,Disable,Disable,Disable,Disable,Disable,Disable,
14.06.2022 12:52:43,95,29,55300,55,9790,9310,49600,56000,25000,-100000,3442,3447,3445,3443,3445,3446,3439,3443,3461,3448,3446,3445,3448,3454,3450,3450,3461,9,3439,7,22,32,31,32,31,28,28,36,32,1,31,2,Disable,Disable,Disable,Disable,Disable,Disable,Disable,Disable,Disable,Disable,Disable,Disable,Disable,Disable,Disable,Disable,Disable,Disable,Disable,Disablevvvvvvvv,Disable,Disable,Disable,Disable,Disable,Disable,Disable,Disable,Disable,Disable,Disable,Disable,Disable,Disable,Disable,Disable,Disable,
14.06.2022 12:52:44,95,28,55300,54,9790,9310,49600,56000,25000,-100000,3430,3436,3433,3431,3434,3434,3427,3430,3446,3434,3434,3434,3436,3443,3442,3445,3446,9,3427,7,19,32,31,32,31,28,28,36,32,1,31,2,Disable,Disable,Disable,Disable,Disable,Disable,Disable,Disable,Disable,Disable,Disable,Disable,Disable,Disable,Disable,Disable,Disable,Disable,Disable,Disablevvvvvvvv,Disable,Disable,Disable,Disable,Disable,Disable,Disable,Disable,Disable,Disable,Disable,Disable,Disable,Disable,Disable,Disable,Disable,
14.06.2022 12:52:45,95,28,55300,54,9790,9310,49600,56000,25000,-100000,3430,3436,3433,3431,3434,3434,3427,3430,3446,3434,3434,3434,3436,3443,3442,3445,3446,9,3427,7,19,32,31,32,31,28,28,36,32,1,31,2,Disable,Disable,Disable,Disable,Disable,Disable,Disable,Disable,Disable,Disable,Disable,Disable,Disable,Disable,Disable,Disable,Disable,Disable,Disable,Disablevvvvvvvv,Disable,Disable,Disable,Disable,Disable,Disable,Disable,Disable,Disable,Disable,Disable,Disable,Disable,Disable,Disable,Disable,Disable,
14.06.2022 12:52:46,95,28,55300,54,9790,9310,49600,56000,25000,-100000,3430,3436,3433,3431,3434,3434,3427,3430,3446,3434,3434,3434,3436,3443,3442,3445,3446,9,3427,7,19,32,31,32,31,28,28,36,32,1,31,2,Disable,Disable,Disable,Disable,Disable,Disable,Disable,Disable,Disable,Disable,Disable,Disable,Disable,Disable,Disable,Disable,Disable,Disable,Disable,Disablevvvvvvvv,Disable,Disable,Disable,Disable,Disable,Disable,Disable,Disable,Disable,Disable,Disable,Disable,Disable,Disable,Disable,Disable,Disable,
14.06.2022 12:52:47,95,28,55300,54,9790,9310,49600,56000,25000,-100000,3430,3436,3433,3431,3434,3434,3427,3430,3446,3434,3434,3434,3436,3443,3442,3445,3446,9,3427,7,19,32,31,32,31,28,28,36,32,1,31,2,Disable,Disable,Disable,Disable,Disable,Disable,Disable,Disable,Disable,Disable,Disable,Disable,Disable,Disable,Disable,Disable,Disable,Disable,Disable,Disablevvvvvvvv,Disable,Disable,Disable,Disable,Disable,Disable,Disable,Disable,Disable,Disable,Disable,Disable,Disable,Disable,Disable,Disable,Disable,
14.06.2022 12:52:48,95,29,55400,54,9790,9310,49600,56000,25000,-100000,3418,3424,3421,3419,3421,3422,3414,3415,3430,3420,3420,3421,3422,3429,3429,3436,3436,16,3414,7,22,32,31,32,31,28,28,36,32,1,31,2,Disable,Disable,Disable,Disable,Disable,Disable,Disable,Disable,Disable,Disable,Disable,Disable,Disable,Disable,Disable,Disable,Disable,Disable,Disable,Disablevvvvvvvv,Disable,Disable,Disable,Disable,Disable,Disable,Disable,Disable,Disable,Disable,Disable,Disable,Disable,Disable,Disable,Disable,Disable,
14.06.2022 12:52:49,95,29,55400,54,9790,9310,49600,56000,25000,-100000,3418,3424,3421,3419,3421,3422,3414,3415,3430,3420,3420,3421,3422,3429,3429,3436,3436,16,3414,7,22,32,31,32,31,28,28,36,32,1,31,2,Disable,Disable,Disable,Disable,Disable,Disable,Disable,Disable,Disable,Disable,Disable,Disable,Disable,Disable,Disable,Disable,Disable,Disable,Disable,Disablevvvvvvvv,Disable,Disable,Disable,Disable,Disable,Disable,Disable,Disable,Disable,Disable,Disable,Disable,Disable,Disable,Disable,Disable,Disable,
14.06.2022 12:52:50,95,29,55400,54,9790,9310,49600,56000,25000,-100000,3418,3424,3421,3419,3421,3422,3414,3415,3430,3420,3420,3421,3422,3429,3429,3436,3436,16,3414,7,22,32,31,32,31,28,28,36,32,1,31,2,Disable,Disable,Disable,Disable,Disable,Disable,Disable,Disable,Disable,Disable,Disable,Disable,Disable,Disable,Disable,Disable,Disable,Disable,Disable,Disablevvvvvvvv,Disable,Disable,Disable,Disable,Disable,Disable,Disable,Disable,Disable,Disable,Disable,Disable,Disable,Disable,Disable,Disable,Disable,
14.06.2022 12:52:51,95,29,55400,54,9790,9310,49600,56000,25000,-100000,3416,3422,3419,3417,3420,3420,3413,3414,3427,3418,3419,3419,3419,3425,3424,3432,3432,16,3413,7,19,32,31,32,31,28,28,36,32,1,31,2,Disable,Disable,Disable,Disable,Disable,Disable,Disable,Disable,Disable,Disable,Disable,Disable,Disable,Disable,Disable,Disable,Disable,Disable,Disable,Disablevvvvvvvv,Disable,Disable,Disable,Disable,Disable,Disable,Disable,Disable,Disable,Disable,Disable,Disable,Disable,Disable,Disable,Disable,Disable,
14.06.2022 12:52:52,95,29,55400,54,9790,9310,49600,56000,25000,-100000,3416,3422,3419,3417,3420,3420,3413,3414,3427,3418,3419,3419,3419,3425,3424,3432,3432,16,3413,7,19,32,31,32,31,28,28,36,32,1,31,2,Disable,Disable,Disable,Disable,Disable,Disable,Disable,Disable,Disable,Disable,Disable,Disable,Disable,Disable,Disable,Disable,Disable,Disable,Disable,Disablevvvvvvvv,Disable,Disable,Disable,Disable,Disable,Disable,Disable,Disable,Disable,Disable,Disable,Disable,Disable,Disable,Disable,Disable,Disable,
14.06.2022 12:52:53,95,29,55400,54,9790,9310,49600,56000,25000,-100000,3416,3422,3419,3417,3420,3420,3413,3414,3427,3418,3419,3419,3419,3425,3424,3432,3432,16,3413,7,19,32,31,32,31,28,28,36,32,1,31,2,Disable,Disable,Disable,Disable,Disable,Disable,Disable,Disable,Disable,Disable,Disable,Disable,Disable,Disable,Disable,Disable,Disable,Disable,Disable,Disablevvvvvvvv,Disable,Disable,Disable,Disable,Disable,Disable,Disable,Disable,Disable,Disable,Disable,Disable,Disable,Disable,Disable,Disable,Disable,
14.06.2022 12:52:54,95,29,55300,54,9790,9310,49600,56000,25000,-100000,3416,3422,3419,3417,3420,3420,3413,3414,3427,3418,3419,3419,3419,3425,3424,3432,3432,16,3413,7,13,32,31,32,31,28,28,36,32,1,31,2,Disable,Disable,Disable,Disable,Disable,Disable,Disable,Disable,Disable,Disable,Disable,Disable,Disable,Disable,Disable,Disable,Disable,Disable,Disable,Disablevvvvvvvv,Disable,Disable,Disable,Disable,Disable,Disable,Disable,Disable,Disable,Disable,Disable,Disable,Disable,Disable,Disable,Disable,Disable,
14.06.2022 12:52:55,95,30,55300,54,9790,9310,49600,56000,25000,-100000,3420,3426,3423,3421,3424,3425,3418,3419,3431,3423,3423,3423,3423,3428,3425,3431,3431,9,3418,7,13,32,31,32,31,28,28,36,32,1,31,2,Disable,Disable,Disable,Disable,Disable,Disable,Disable,Disable,Disable,Disable,Disable,Disable,Disable,Disable,Disable,Disable,Disable,Disable,Disable,Disablevvvvvvvv,Disable,Disable,Disable,Disable,Disable,Disable,Disable,Disable,Disable,Disable,Disable,Disable,Disable,Disable,Disable,Disable,Disable,
14.06.2022 12:52:56,95,30,55300,54,9790,9310,49600,56000,25000,-100000,3420,3426,3423,3421,3424,3425,3418,3419,3431,3423,3423,3423,3423,3428,3425,3431,3431,9,3418,7,13,32,31,32,31,28,28,36,32,1,31,2,Disable,Disable,Disable,Disable,Disable,Disable,Disable,Disable,Disable,Disable,Disable,Disable,Disable,Disable,Disable,Disable,Disable,Disable,Disable,Disablevvvvvvvv,Disable,Disable,Disable,Disable,Disable,Disable,Disable,Disable,Disable,Disable,Disable,Disable,Disable,Disable,Disable,Disable,Disable,
14.06.2022 12:52:57,95,30,55300,54,9790,9310,49600,56000,25000,-100000,3420,3426,3423,3421,3424,3425,3418,3419,3431,3423,3423,3423,3423,3428,3425,3431,3431,9,3418,7,13,32,31,32,31,28,28,36,32,1,31,2,Disable,Disable,Disable,Disable,Disable,Disable,Disable,Disable,Disable,Disable,Disable,Disable,Disable,Disable,Disable,Disable,Disable,Disable,Disable,Disablevvvvvvvv,Disable,Disable,Disable,Disable,Disable,Disable,Disable,Disable,Disable,Disable,Disable,Disable,Disable,Disable,Disable,Disable,Disable,
