﻿时间,SOC(%),电池电流(A),电池电压(mV),堆包电压(V),总容量(mAh),剩余容量(mAh),放电电压(mV),充电电压(mV),充电请求电流(mA),放电请求电流(mA),电芯电压1(mv),电芯电压2(mv),电芯电压3(mv),电芯电压4(mv),电芯电压5(mv),电芯电压6(mv),电芯电压7(mv),电芯电压8(mv),电芯电压9(mv),电芯电压10(mv),电芯电压11(mv),电芯电压12(mv),电芯电压13(mv),电芯电压14(mv),电芯电压15(mv),电芯电压16(mv),最大电芯电压(mv),最大电芯序列,最小电芯电压(mv),最小电芯序列,电芯压差(mv),电芯温度(℃),电芯温度(℃),电芯温度(℃),电芯温度(℃),MOS温度(℃),MOS温度(℃),环境温度(℃),最大温度(℃),最大温度序列,最小温度(℃),最小温度序列,电芯过压告警,电芯欠压告警,总压过压告警,总压欠压告警,充电过温告警,充电欠温告警,放电过温告警,放电欠温告警,环境过温告警,环境欠温告警,MOS过温,充电过流告警,放电过流告警,压差告警,温差告警,电芯过压故障,电芯欠压故障,总压过压故障,总压欠压故障,充电过温故障,充电欠温故障,放电过温故障,放电欠温故障,环境过温故障,环境欠温故障,MOS过温故障,充电过流故障,放电过流故障,压差故障,温差故障,预充故障,禁止充电故障,硬件充电过流故障,硬件放电过流故障,硬件电芯过压故障,充电保护丢失,放电保护丢失
07.12.2022 11:00:08,10,0,47300,46,8590,860,48000,56000,10000,0,2930,2932,2937,2936,2923,2933,2924,2940,2927,2914,2949,2920,2922,2938,2932,2929,2949,11,2914,10,35,13,13,13,12,13,12,18,13,1,12,4,Disable,Disable,Disable,Disable,Disable,Disable,Disable,Disable,Disable,Disable,Disable,Disable,Disable,Disable,Disable,Disable,Disable,Disable,Disable,Disablevvvvvvvv,Disable,Disable,Disable,Disable,Disable,Disable,Disable,Disable,Disable,Disable,Disable,Disable,Disable,Disable,Disable,Disable,Disable,
07.12.2022 11:00:09,10,0,47300,46,8590,860,48000,56000,10000,0,2931,2933,2939,2937,2924,2934,2925,2941,2928,2915,2950,2922,2923,2939,2933,2930,2950,11,2915,10,35,13,13,13,12,13,12,18,13,1,12,4,Disable,Disable,Disable,Disable,Disable,Disable,Disable,Disable,Disable,Disable,Disable,Disable,Disable,Disable,Disable,Disable,Disable,Disable,Disable,Disablevvvvvvvv,Disable,Disable,Disable,Disable,Disable,Disable,Disable,Disable,Disable,Disable,Disable,Disable,Disable,Disable,Disable,Disable,Disable,
07.12.2022 11:00:10,10,0,47300,46,8590,860,48000,56000,10000,0,2931,2933,2939,2937,2924,2934,2925,2941,2928,2915,2950,2922,2923,2939,2933,2930,2950,11,2915,10,35,13,13,13,12,13,12,18,13,1,12,4,Disable,Disable,Disable,Disable,Disable,Disable,Disable,Disable,Disable,Disable,Disable,Disable,Disable,Disable,Disable,Disable,Disable,Disable,Disable,Disablevvvvvvvv,Disable,Disable,Disable,Disable,Disable,Disable,Disable,Disable,Disable,Disable,Disable,Disable,Disable,Disable,Disable,Disable,Disable,
07.12.2022 11:00:12,10,0,47300,46,8590,860,48000,56000,10000,0,2931,2933,2939,2937,2924,2934,2925,2941,2928,2915,2950,2922,2923,2939,2933,2930,2950,11,2915,10,35,13,13,13,12,13,12,18,13,1,12,4,Disable,Disable,Disable,Disable,Disable,Disable,Disable,Disable,Disable,Disable,Disable,Disable,Disable,Disable,Disable,Disable,Disable,Disable,Disable,Disablevvvvvvvv,Disable,Disable,Disable,Disable,Disable,Disable,Disable,Disable,Disable,Disable,Disable,Disable,Disable,Disable,Disable,Disable,Disable,
07.12.2022 11:00:12,10,0,47400,46,8590,860,48000,56000,10000,0,2932,2934,2940,2939,2925,2936,2926,2942,2930,2916,2952,2923,2925,2940,2934,2931,2952,11,2916,10,36,13,13,13,12,13,12,18,13,1,12,4,Disable,Disable,Disable,Disable,Disable,Disable,Disable,Disable,Disable,Disable,Disable,Disable,Disable,Disable,Disable,Disable,Disable,Disable,Disable,Disablevvvvvvvv,Disable,Disable,Disable,Disable,Disable,Disable,Disable,Disable,Disable,Disable,Disable,Disable,Disable,Disable,Disable,Disable,Disable,
07.12.2022 11:00:14,10,0,47400,46,8590,860,48000,56000,10000,0,2932,2934,2940,2939,2925,2936,2926,2942,2930,2916,2952,2923,2925,2940,2934,2931,2952,11,2916,10,36,13,13,13,12,13,12,18,13,1,12,4,Disable,Disable,Disable,Disable,Disable,Disable,Disable,Disable,Disable,Disable,Disable,Disable,Disable,Disable,Disable,Disable,Disable,Disable,Disable,Disablevvvvvvvv,Disable,Disable,Disable,Disable,Disable,Disable,Disable,Disable,Disable,Disable,Disable,Disable,Disable,Disable,Disable,Disable,Disable,
07.12.2022 11:00:15,10,0,47400,46,8590,860,48000,56000,10000,0,2932,2934,2940,2939,2925,2936,2926,2942,2930,2916,2952,2923,2925,2940,2934,2931,2952,11,2916,10,36,13,13,13,12,13,12,18,13,1,12,4,Disable,Disable,Disable,Disable,Disable,Disable,Disable,Disable,Disable,Disable,Disable,Disable,Disable,Disable,Disable,Disable,Disable,Disable,Disable,Disablevvvvvvvv,Disable,Disable,Disable,Disable,Disable,Disable,Disable,Disable,Disable,Disable,Disable,Disable,Disable,Disable,Disable,Disable,Disable,
07.12.2022 11:00:16,10,0,47400,46,8590,860,48000,56000,10000,0,2934,2936,2941,2940,2927,2937,2928,2944,2931,2918,2953,2924,2926,2942,2935,2933,2953,11,2918,10,35,13,13,13,12,13,12,18,13,1,12,4,Disable,Disable,Disable,Disable,Disable,Disable,Disable,Disable,Disable,Disable,Disable,Disable,Disable,Disable,Disable,Disable,Disable,Disable,Disable,Disablevvvvvvvv,Disable,Disable,Disable,Disable,Disable,Disable,Disable,Disable,Disable,Disable,Disable,Disable,Disable,Disable,Disable,Disable,Disable,
07.12.2022 11:00:17,10,0,47400,46,8590,860,48000,56000,10000,0,2934,2936,2941,2940,2927,2937,2928,2944,2931,2918,2953,2924,2926,2942,2935,2933,2953,11,2918,10,35,13,13,13,12,13,12,18,13,1,12,4,Disable,Disable,Disable,Disable,Disable,Disable,Disable,Disable,Disable,Disable,Disable,Disable,Disable,Disable,Disable,Disable,Disable,Disable,Disable,Disablevvvvvvvv,Disable,Disable,Disable,Disable,Disable,Disable,Disable,Disable,Disable,Disable,Disable,Disable,Disable,Disable,Disable,Disable,Disable,
07.12.2022 11:00:17,10,0,47400,46,8590,860,48000,56000,10000,0,2934,2936,2941,2940,2927,2937,2928,2944,2931,2918,2953,2924,2926,2942,2935,2933,2953,11,2918,10,35,13,13,13,12,13,12,18,13,1,12,4,Disable,Disable,Disable,Disable,Disable,Disable,Disable,Disable,Disable,Disable,Disable,Disable,Disable,Disable,Disable,Disable,Disable,Disable,Disable,Disablevvvvvvvv,Disable,Disable,Disable,Disable,Disable,Disable,Disable,Disable,Disable,Disable,Disable,Disable,Disable,Disable,Disable,Disable,Disable,
