﻿时间,SOC(%),电池电流(A),电池电压(mV),堆包电压(V),总容量(mAh),剩余容量(mAh),放电电压(mV),充电电压(mV),充电请求电流(mA),放电请求电流(mA),电芯电压1(mv),电芯电压2(mv),电芯电压3(mv),电芯电压4(mv),电芯电压5(mv),电芯电压6(mv),电芯电压7(mv),电芯电压8(mv),电芯电压9(mv),电芯电压10(mv),电芯电压11(mv),电芯电压12(mv),电芯电压13(mv),电芯电压14(mv),电芯电压15(mv),电芯电压16(mv),最大电芯电压(mv),最大电芯序列,最小电芯电压(mv),最小电芯序列,电芯压差(mv),电芯温度(℃),电芯温度(℃),电芯温度(℃),电芯温度(℃),MOS温度(℃),MOS温度(℃),环境温度(℃),最大温度(℃),最大温度序列,最小温度(℃),最小温度序列,电芯过压告警,电芯欠压告警,总压过压告警,总压欠压告警,充电过温告警,充电欠温告警,放电过温告警,放电欠温告警,环境过温告警,环境欠温告警,MOS过温,充电过流告警,放电过流告警,压差告警,温差告警,电芯过压故障,电芯欠压故障,总压过压故障,总压欠压故障,充电过温故障,充电欠温故障,放电过温故障,放电欠温故障,环境过温故障,环境欠温故障,MOS过温故障,充电过流故障,放电过流故障,压差故障,温差故障,预充故障,禁止充电故障,硬件充电过流故障,硬件放电过流故障,硬件电芯过压故障,充电保护丢失,放电保护丢失
08.09.2022 13:06:52,100,-35,53000,53,9790,9800,0,0,0,0,3315,3315,3320,3311,3314,3323,3320,3332,3314,3315,3314,3316,3313,3313,3310,3303,3332,8,3303,16,29,33,33,33,32,28,28,37,33,1,32,4,Disable,Disable,Disable,Disable,Disable,Disable,Disable,Disable,Disable,Disable,Disable,Disable,Disable,Disable,Disable,Disable,Disable,Disable,Disable,Disablevvvvvvvv,Disable,Disable,Disable,Disable,Disable,Disable,Disable,Disable,Disable,Disable,Disable,Disable,Disable,Disable,Disable,Disable,Disable,
08.09.2022 13:06:53,100,-35,53000,53,9790,9800,48000,56000,0,-100000,3315,3315,3320,3311,3314,3323,3320,3332,3314,3315,3314,3316,3313,3313,3310,3303,3332,8,3303,16,29,33,33,33,32,28,28,37,33,1,32,4,Disable,Disable,Disable,Disable,Disable,Disable,Disable,Disable,Disable,Disable,Disable,Disable,Disable,Disable,Disable,Disable,Disable,Disable,Disable,Disablevvvvvvvv,Disable,Disable,Disable,Disable,Disable,Disable,Disable,Disable,Disable,Disable,Disable,Disable,Disable,Disable,Disable,Disable,Disable,
08.09.2022 13:06:54,100,-35,53000,53,9790,9800,48000,56000,0,-100000,3315,3315,3320,3311,3314,3323,3320,3332,3314,3315,3314,3316,3313,3313,3310,3303,3332,8,3303,16,29,33,33,33,32,28,28,37,33,1,32,4,Disable,Disable,Disable,Disable,Disable,Disable,Disable,Disable,Disable,Disable,Disable,Disable,Disable,Disable,Disable,Disable,Disable,Disable,Disable,Disablevvvvvvvv,Disable,Disable,Disable,Disable,Disable,Disable,Disable,Disable,Disable,Disable,Disable,Disable,Disable,Disable,Disable,Disable,Disable,
08.09.2022 13:06:55,100,-35,53000,53,9790,9800,48000,56000,0,-100000,3313,3314,3318,3310,3313,3321,3318,3329,3312,3314,3312,3314,3312,3311,3309,3302,3329,8,3302,16,27,33,33,33,32,28,28,37,33,1,32,4,Disable,Disable,Disable,Disable,Disable,Disable,Disable,Disable,Disable,Disable,Disable,Disable,Disable,Disable,Disable,Disable,Disable,Disable,Disable,Disablevvvvvvvv,Disable,Disable,Disable,Disable,Disable,Disable,Disable,Disable,Disable,Disable,Disable,Disable,Disable,Disable,Disable,Disable,Disable,
08.09.2022 13:06:56,100,-35,53000,53,9790,9800,48000,56000,0,-100000,3313,3314,3318,3310,3313,3321,3318,3329,3312,3314,3312,3314,3312,3311,3309,3302,3329,8,3302,16,27,33,33,33,32,28,28,37,33,1,32,4,Disable,Disable,Disable,Disable,Disable,Disable,Disable,Disable,Disable,Disable,Disable,Disable,Disable,Disable,Disable,Disable,Disable,Disable,Disable,Disablevvvvvvvv,Disable,Disable,Disable,Disable,Disable,Disable,Disable,Disable,Disable,Disable,Disable,Disable,Disable,Disable,Disable,Disable,Disable,
08.09.2022 13:06:57,100,-35,53000,53,9790,9800,48000,56000,0,-100000,3313,3314,3318,3310,3313,3321,3318,3329,3312,3314,3312,3314,3312,3311,3309,3302,3329,8,3302,16,27,33,33,33,32,28,28,37,33,1,32,4,Disable,Disable,Disable,Disable,Disable,Disable,Disable,Disable,Disable,Disable,Disable,Disable,Disable,Disable,Disable,Disable,Disable,Disable,Disable,Disablevvvvvvvv,Disable,Disable,Disable,Disable,Disable,Disable,Disable,Disable,Disable,Disable,Disable,Disable,Disable,Disable,Disable,Disable,Disable,
08.09.2022 13:06:58,99,-34,53000,53,9790,9790,48000,56000,0,-100000,3312,3312,3317,3309,3312,3320,3317,3327,3311,3313,3311,3313,3311,3310,3308,3301,3327,8,3301,16,26,33,33,33,32,28,28,37,33,1,32,4,Disable,Disable,Disable,Disable,Disable,Disable,Disable,Disable,Disable,Disable,Disable,Disable,Disable,Disable,Disable,Disable,Disable,Disable,Disable,Disablevvvvvvvv,Disable,Disable,Disable,Disable,Disable,Disable,Disable,Disable,Disable,Disable,Disable,Disable,Disable,Disable,Disable,Disable,Disable,
08.09.2022 13:06:59,99,-34,53000,53,9790,9790,48000,56000,0,-100000,3312,3312,3317,3309,3312,3320,3317,3327,3311,3313,3311,3313,3311,3310,3308,3301,3327,8,3301,16,26,33,33,33,32,28,28,37,33,1,32,4,Disable,Disable,Disable,Disable,Disable,Disable,Disable,Disable,Disable,Disable,Disable,Disable,Disable,Disable,Disable,Disable,Disable,Disable,Disable,Disablevvvvvvvv,Disable,Disable,Disable,Disable,Disable,Disable,Disable,Disable,Disable,Disable,Disable,Disable,Disable,Disable,Disable,Disable,Disable,
08.09.2022 13:07:00,99,-34,53000,53,9790,9790,48000,56000,0,-100000,3312,3312,3317,3309,3312,3320,3317,3327,3311,3313,3311,3313,3311,3310,3308,3301,3327,8,3301,16,26,33,33,33,32,28,28,37,33,1,32,4,Disable,Disable,Disable,Disable,Disable,Disable,Disable,Disable,Disable,Disable,Disable,Disable,Disable,Disable,Disable,Disable,Disable,Disable,Disable,Disablevvvvvvvv,Disable,Disable,Disable,Disable,Disable,Disable,Disable,Disable,Disable,Disable,Disable,Disable,Disable,Disable,Disable,Disable,Disable,
08.09.2022 13:07:01,99,-34,52900,52,9790,9790,48000,56000,0,-100000,3311,3311,3316,3308,3311,3318,3316,3324,3309,3312,3310,3312,3310,3310,3307,3300,3324,8,3300,16,24,33,33,33,32,28,28,37,33,1,32,4,Disable,Disable,Disable,Disable,Disable,Disable,Disable,Disable,Disable,Disable,Disable,Disable,Disable,Disable,Disable,Disable,Disable,Disable,Disable,Disablevvvvvvvv,Disable,Disable,Disable,Disable,Disable,Disable,Disable,Disable,Disable,Disable,Disable,Disable,Disable,Disable,Disable,Disable,Disable,
08.09.2022 13:07:02,99,-34,52900,52,9790,9790,48000,56000,0,-100000,3311,3311,3316,3308,3311,3318,3316,3324,3309,3312,3310,3312,3310,3310,3307,3300,3324,8,3300,16,24,33,33,33,32,28,28,37,33,1,32,4,Disable,Disable,Disable,Disable,Disable,Disable,Disable,Disable,Disable,Disable,Disable,Disable,Disable,Disable,Disable,Disable,Disable,Disable,Disable,Disablevvvvvvvv,Disable,Disable,Disable,Disable,Disable,Disable,Disable,Disable,Disable,Disable,Disable,Disable,Disable,Disable,Disable,Disable,Disable,
08.09.2022 13:07:03,99,-34,52900,52,9790,9790,48000,56000,0,-100000,3311,3311,3316,3308,3311,3318,3316,3324,3309,3312,3310,3312,3310,3310,3307,3300,3324,8,3300,16,24,33,33,33,32,28,28,37,33,1,32,4,Disable,Disable,Disable,Disable,Disable,Disable,Disable,Disable,Disable,Disable,Disable,Disable,Disable,Disable,Disable,Disable,Disable,Disable,Disable,Disablevvvvvvvv,Disable,Disable,Disable,Disable,Disable,Disable,Disable,Disable,Disable,Disable,Disable,Disable,Disable,Disable,Disable,Disable,Disable,
08.09.2022 13:07:04,99,-34,52900,52,9790,9790,48000,56000,0,-100000,3311,3311,3316,3308,3311,3318,3316,3324,3309,3312,3310,3312,3310,3310,3307,3300,3324,8,3300,16,24,33,33,33,32,28,28,37,33,1,32,4,Disable,Disable,Disable,Disable,Disable,Disable,Disable,Disable,Disable,Disable,Disable,Disable,Disable,Disable,Disable,Disable,Disable,Disable,Disable,Disablevvvvvvvv,Disable,Disable,Disable,Disable,Disable,Disable,Disable,Disable,Disable,Disable,Disable,Disable,Disable,Disable,Disable,Disable,Disable,
08.09.2022 13:07:05,99,-34,52900,52,9790,9790,48000,56000,0,-100000,3310,3310,3315,3307,3310,3317,3314,3322,3308,3311,3309,3311,3309,3309,3306,3299,3322,8,3299,16,23,33,33,33,32,29,28,37,33,1,32,4,Disable,Disable,Disable,Disable,Disable,Disable,Disable,Disable,Disable,Disable,Disable,Disable,Disable,Disable,Disable,Disable,Disable,Disable,Disable,Disablevvvvvvvv,Disable,Disable,Disable,Disable,Disable,Disable,Disable,Disable,Disable,Disable,Disable,Disable,Disable,Disable,Disable,Disable,Disable,
08.09.2022 13:07:06,99,-34,52900,52,9790,9790,48000,56000,0,-100000,3310,3310,3315,3307,3310,3317,3314,3322,3308,3311,3309,3311,3309,3309,3306,3299,3322,8,3299,16,23,33,33,33,32,29,28,37,33,1,32,4,Disable,Disable,Disable,Disable,Disable,Disable,Disable,Disable,Disable,Disable,Disable,Disable,Disable,Disable,Disable,Disable,Disable,Disable,Disable,Disablevvvvvvvv,Disable,Disable,Disable,Disable,Disable,Disable,Disable,Disable,Disable,Disable,Disable,Disable,Disable,Disable,Disable,Disable,Disable,
08.09.2022 13:07:07,99,-34,52900,52,9790,9790,48000,56000,0,-100000,3310,3310,3315,3307,3310,3317,3314,3322,3308,3311,3309,3311,3309,3309,3306,3299,3322,8,3299,16,23,33,33,33,32,29,28,37,33,1,32,4,Disable,Disable,Disable,Disable,Disable,Disable,Disable,Disable,Disable,Disable,Disable,Disable,Disable,Disable,Disable,Disable,Disable,Disable,Disable,Disablevvvvvvvv,Disable,Disable,Disable,Disable,Disable,Disable,Disable,Disable,Disable,Disable,Disable,Disable,Disable,Disable,Disable,Disable,Disable,
08.09.2022 13:07:08,99,-34,52900,52,9790,9780,48000,56000,0,-100000,3309,3309,3313,3307,3309,3316,3313,3320,3307,3310,3309,3310,3309,3308,3306,3298,3320,8,3298,16,22,33,33,33,32,29,28,37,33,1,32,4,Disable,Disable,Disable,Disable,Disable,Disable,Disable,Disable,Disable,Disable,Disable,Disable,Disable,Disable,Disable,Disable,Disable,Disable,Disable,Disablevvvvvvvv,Disable,Disable,Disable,Disable,Disable,Disable,Disable,Disable,Disable,Disable,Disable,Disable,Disable,Disable,Disable,Disable,Disable,
08.09.2022 13:07:09,99,-34,52900,52,9790,9780,48000,56000,0,-100000,3309,3309,3313,3307,3309,3316,3313,3320,3307,3310,3309,3310,3309,3308,3306,3298,3320,8,3298,16,22,33,33,33,32,29,28,37,33,1,32,4,Disable,Disable,Disable,Disable,Disable,Disable,Disable,Disable,Disable,Disable,Disable,Disable,Disable,Disable,Disable,Disable,Disable,Disable,Disable,Disablevvvvvvvv,Disable,Disable,Disable,Disable,Disable,Disable,Disable,Disable,Disable,Disable,Disable,Disable,Disable,Disable,Disable,Disable,Disable,
08.09.2022 13:07:10,99,-34,52900,52,9790,9780,48000,56000,0,-100000,3309,3309,3313,3307,3309,3316,3313,3320,3307,3310,3309,3310,3309,3308,3306,3298,3320,8,3298,16,22,33,33,33,32,29,28,37,33,1,32,4,Disable,Disable,Disable,Disable,Disable,Disable,Disable,Disable,Disable,Disable,Disable,Disable,Disable,Disable,Disable,Disable,Disable,Disable,Disable,Disablevvvvvvvv,Disable,Disable,Disable,Disable,Disable,Disable,Disable,Disable,Disable,Disable,Disable,Disable,Disable,Disable,Disable,Disable,Disable,
08.09.2022 13:07:11,99,-34,52900,52,9790,9780,48000,56000,0,-100000,3308,3308,3312,3306,3309,3314,3312,3318,3306,3310,3308,3309,3308,3307,3305,3298,3318,8,3298,16,20,33,33,33,32,29,28,37,33,1,32,4,Disable,Disable,Disable,Disable,Disable,Disable,Disable,Disable,Disable,Disable,Disable,Disable,Disable,Disable,Disable,Disable,Disable,Disable,Disable,Disablevvvvvvvv,Disable,Disable,Disable,Disable,Disable,Disable,Disable,Disable,Disable,Disable,Disable,Disable,Disable,Disable,Disable,Disable,Disable,
08.09.2022 13:07:12,99,-34,52900,52,9790,9780,48000,56000,0,-100000,3308,3308,3312,3306,3309,3314,3312,3318,3306,3310,3308,3309,3308,3307,3305,3298,3318,8,3298,16,20,33,33,33,32,29,28,37,33,1,32,4,Disable,Disable,Disable,Disable,Disable,Disable,Disable,Disable,Disable,Disable,Disable,Disable,Disable,Disable,Disable,Disable,Disable,Disable,Disable,Disablevvvvvvvv,Disable,Disable,Disable,Disable,Disable,Disable,Disable,Disable,Disable,Disable,Disable,Disable,Disable,Disable,Disable,Disable,Disable,
08.09.2022 13:07:13,99,-34,52900,52,9790,9780,48000,56000,0,-100000,3308,3308,3312,3306,3309,3314,3312,3318,3306,3310,3308,3309,3308,3307,3305,3298,3318,8,3298,16,20,33,33,33,32,29,28,37,33,1,32,4,Disable,Disable,Disable,Disable,Disable,Disable,Disable,Disable,Disable,Disable,Disable,Disable,Disable,Disable,Disable,Disable,Disable,Disable,Disable,Disablevvvvvvvv,Disable,Disable,Disable,Disable,Disable,Disable,Disable,Disable,Disable,Disable,Disable,Disable,Disable,Disable,Disable,Disable,Disable,
08.09.2022 13:07:14,99,-34,52900,52,9790,9780,48000,56000,0,-100000,3308,3308,3312,3306,3309,3314,3312,3318,3306,3310,3308,3309,3308,3307,3305,3298,3318,8,3298,16,20,33,33,33,32,29,28,37,33,1,32,4,Disable,Disable,Disable,Disable,Disable,Disable,Disable,Disable,Disable,Disable,Disable,Disable,Disable,Disable,Disable,Disable,Disable,Disable,Disable,Disablevvvvvvvv,Disable,Disable,Disable,Disable,Disable,Disable,Disable,Disable,Disable,Disable,Disable,Disable,Disable,Disable,Disable,Disable,Disable,
08.09.2022 13:07:15,99,-34,52900,52,9790,9780,48000,56000,0,-100000,3308,3308,3312,3306,3309,3314,3312,3318,3306,3310,3308,3309,3308,3307,3305,3298,3318,8,3298,16,20,33,33,33,32,29,28,37,33,1,32,4,Disable,Disable,Disable,Disable,Disable,Disable,Disable,Disable,Disable,Disable,Disable,Disable,Disable,Disable,Disable,Disable,Disable,Disable,Disable,Disablevvvvvvvv,Disable,Disable,Disable,Disable,Disable,Disable,Disable,Disable,Disable,Disable,Disable,Disable,Disable,Disable,Disable,Disable,Disable,
