﻿时间,SOC(%),电池电流(A),电池电压(mV),堆包电压(V),总容量(mAh),剩余容量(mAh),放电电压(mV),充电电压(mV),充电请求电流(mA),放电请求电流(mA),电芯电压1(mv),电芯电压2(mv),电芯电压3(mv),电芯电压4(mv),电芯电压5(mv),电芯电压6(mv),电芯电压7(mv),电芯电压8(mv),电芯电压9(mv),电芯电压10(mv),电芯电压11(mv),电芯电压12(mv),电芯电压13(mv),电芯电压14(mv),电芯电压15(mv),电芯电压16(mv),最大电芯电压(mv),最大电芯序列,最小电芯电压(mv),最小电芯序列,电芯压差(mv),电芯温度(℃),电芯温度(℃),电芯温度(℃),电芯温度(℃),MOS温度(℃),MOS温度(℃),环境温度(℃),最大温度(℃),最大温度序列,最小温度(℃),最小温度序列,电芯过压告警,电芯欠压告警,总压过压告警,总压欠压告警,充电过温告警,充电欠温告警,放电过温告警,放电欠温告警,环境过温告警,环境欠温告警,MOS过温,充电过流告警,放电过流告警,压差告警,温差告警,电芯过压故障,电芯欠压故障,总压过压故障,总压欠压故障,充电过温故障,充电欠温故障,放电过温故障,放电欠温故障,环境过温故障,环境欠温故障,MOS过温故障,充电过流故障,放电过流故障,压差故障,温差故障,预充故障,禁止充电故障,硬件充电过流故障,硬件放电过流故障,硬件电芯过压故障,充电保护丢失,放电保护丢失
27.04.2022 9:41:20,81,0,53700,53,9290,7530,48000,56000,50000,-100000,3342,3345,3346,3346,3346,3346,3346,3346,3346,3345,3346,3346,3346,3345,3346,3345,3346,3,3342,1,4,22,22,23,23,25,24,33,23,3,22,1,Disable,Disable,Disable,Disable,Disable,Disable,Disable,Disable,Disable,Disable,Disable,Disable,Disable,Disable,Disable,Disable,Disable,Disable,Disable,Disablevvvvvvvv,Disable,Disable,Disable,Disable,Disable,Disable,Disable,Disable,Disable,Disable,Disable,Disable,Disable,Disable,Disable,Disable,Disable,
27.04.2022 9:41:21,81,0,53700,53,9290,7530,48000,56000,50000,-100000,3342,3345,3346,3346,3346,3346,3346,3346,3346,3345,3346,3346,3346,3345,3346,3345,3346,3,3342,1,4,22,22,23,23,25,24,33,23,3,22,1,Disable,Disable,Disable,Disable,Disable,Disable,Disable,Disable,Disable,Disable,Disable,Disable,Disable,Disable,Disable,Disable,Disable,Disable,Disable,Disablevvvvvvvv,Disable,Disable,Disable,Disable,Disable,Disable,Disable,Disable,Disable,Disable,Disable,Disable,Disable,Disable,Disable,Disable,Disable,
27.04.2022 9:41:22,81,0,53700,53,9290,7530,48000,56000,50000,-100000,3342,3345,3346,3346,3346,3346,3346,3346,3346,3345,3346,3346,3346,3345,3346,3345,3346,3,3342,1,4,22,22,23,23,25,24,33,23,3,22,1,Disable,Disable,Disable,Disable,Disable,Disable,Disable,Disable,Disable,Disable,Disable,Disable,Disable,Disable,Disable,Disable,Disable,Disable,Disable,Disablevvvvvvvv,Disable,Disable,Disable,Disable,Disable,Disable,Disable,Disable,Disable,Disable,Disable,Disable,Disable,Disable,Disable,Disable,Disable,
27.04.2022 9:41:23,81,0,53700,53,9290,7530,48000,56000,50000,-100000,3342,3345,3346,3346,3346,3346,3346,3346,3346,3345,3346,3346,3346,3345,3346,3345,3346,3,3342,1,4,22,22,23,23,25,24,33,23,3,22,1,Disable,Disable,Disable,Disable,Disable,Disable,Disable,Disable,Disable,Disable,Disable,Disable,Disable,Disable,Disable,Disable,Disable,Disable,Disable,Disablevvvvvvvv,Disable,Disable,Disable,Disable,Disable,Disable,Disable,Disable,Disable,Disable,Disable,Disable,Disable,Disable,Disable,Disable,Disable,
27.04.2022 9:41:24,81,0,53700,53,9290,7530,48000,56000,50000,-100000,3342,3345,3346,3346,3346,3346,3346,3346,3346,3345,3346,3346,3346,3345,3346,3345,3346,3,3342,1,4,22,22,23,23,25,24,33,23,3,22,1,Disable,Disable,Disable,Disable,Disable,Disable,Disable,Disable,Disable,Disable,Disable,Disable,Disable,Disable,Disable,Disable,Disable,Disable,Disable,Disablevvvvvvvv,Disable,Disable,Disable,Disable,Disable,Disable,Disable,Disable,Disable,Disable,Disable,Disable,Disable,Disable,Disable,Disable,Disable,
27.04.2022 9:41:25,81,0,53700,53,9290,7530,48000,56000,50000,-100000,3342,3345,3346,3346,3346,3346,3346,3346,3346,3345,3346,3346,3346,3345,3346,3345,3346,3,3342,1,4,22,22,23,23,25,24,33,23,3,22,1,Disable,Disable,Disable,Disable,Disable,Disable,Disable,Disable,Disable,Disable,Disable,Disable,Disable,Disable,Disable,Disable,Disable,Disable,Disable,Disablevvvvvvvv,Disable,Disable,Disable,Disable,Disable,Disable,Disable,Disable,Disable,Disable,Disable,Disable,Disable,Disable,Disable,Disable,Disable,
27.04.2022 9:41:26,81,0,53700,53,9290,7530,48000,56000,50000,-100000,3342,3345,3346,3346,3346,3346,3346,3346,3346,3345,3346,3346,3346,3345,3346,3345,3346,3,3342,1,4,22,22,23,23,25,24,33,23,3,22,1,Disable,Disable,Disable,Disable,Disable,Disable,Disable,Disable,Disable,Disable,Disable,Disable,Disable,Disable,Disable,Disable,Disable,Disable,Disable,Disablevvvvvvvv,Disable,Disable,Disable,Disable,Disable,Disable,Disable,Disable,Disable,Disable,Disable,Disable,Disable,Disable,Disable,Disable,Disable,
27.04.2022 9:41:27,81,0,53700,53,9290,7530,48000,56000,50000,-100000,3342,3345,3346,3346,3346,3346,3346,3346,3346,3345,3346,3346,3346,3345,3346,3345,3346,3,3342,1,4,22,22,23,23,25,24,33,23,3,22,1,Disable,Disable,Disable,Disable,Disable,Disable,Disable,Disable,Disable,Disable,Disable,Disable,Disable,Disable,Disable,Disable,Disable,Disable,Disable,Disablevvvvvvvv,Disable,Disable,Disable,Disable,Disable,Disable,Disable,Disable,Disable,Disable,Disable,Disable,Disable,Disable,Disable,Disable,Disable,
27.04.2022 9:41:28,81,0,53700,53,9290,7530,48000,56000,50000,-100000,3342,3345,3346,3346,3346,3346,3346,3346,3346,3345,3346,3346,3346,3345,3346,3345,3346,3,3342,1,4,22,22,23,23,25,24,33,23,3,22,1,Disable,Disable,Disable,Disable,Disable,Disable,Disable,Disable,Disable,Disable,Disable,Disable,Disable,Disable,Disable,Disable,Disable,Disable,Disable,Disablevvvvvvvv,Disable,Disable,Disable,Disable,Disable,Disable,Disable,Disable,Disable,Disable,Disable,Disable,Disable,Disable,Disable,Disable,Disable,
27.04.2022 9:41:29,81,0,53700,53,9290,7530,48000,56000,50000,-100000,3342,3345,3346,3346,3346,3346,3346,3346,3346,3345,3346,3346,3346,3345,3346,3345,3346,3,3342,1,4,22,22,23,23,25,24,33,23,3,22,1,Disable,Disable,Disable,Disable,Disable,Disable,Disable,Disable,Disable,Disable,Disable,Disable,Disable,Disable,Disable,Disable,Disable,Disable,Disable,Disablevvvvvvvv,Disable,Disable,Disable,Disable,Disable,Disable,Disable,Disable,Disable,Disable,Disable,Disable,Disable,Disable,Disable,Disable,Disable,
27.04.2022 9:41:30,81,0,53700,53,9290,7530,48000,56000,50000,-100000,3342,3345,3346,3346,3346,3346,3346,3346,3346,3345,3346,3346,3346,3345,3346,3345,3346,3,3342,1,4,22,22,23,23,25,24,33,23,3,22,1,Disable,Disable,Disable,Disable,Disable,Disable,Disable,Disable,Disable,Disable,Disable,Disable,Disable,Disable,Disable,Disable,Disable,Disable,Disable,Disablevvvvvvvv,Disable,Disable,Disable,Disable,Disable,Disable,Disable,Disable,Disable,Disable,Disable,Disable,Disable,Disable,Disable,Disable,Disable,
27.04.2022 9:41:31,81,0,53700,53,9290,7530,48000,56000,50000,-100000,3342,3345,3346,3345,3346,3346,3346,3346,3345,3345,3346,3345,3346,3345,3345,3344,3346,3,3342,1,4,22,22,23,23,25,24,33,23,3,22,1,Disable,Disable,Disable,Disable,Disable,Disable,Disable,Disable,Disable,Disable,Disable,Disable,Disable,Disable,Disable,Disable,Disable,Disable,Disable,Disablevvvvvvvv,Disable,Disable,Disable,Disable,Disable,Disable,Disable,Disable,Disable,Disable,Disable,Disable,Disable,Disable,Disable,Disable,Disable,
27.04.2022 9:41:32,81,0,53700,53,9290,7530,48000,56000,50000,-100000,3342,3345,3346,3345,3346,3346,3346,3346,3345,3345,3346,3345,3346,3345,3345,3344,3346,3,3342,1,4,22,22,23,23,25,24,33,23,3,22,1,Disable,Disable,Disable,Disable,Disable,Disable,Disable,Disable,Disable,Disable,Disable,Disable,Disable,Disable,Disable,Disable,Disable,Disable,Disable,Disablevvvvvvvv,Disable,Disable,Disable,Disable,Disable,Disable,Disable,Disable,Disable,Disable,Disable,Disable,Disable,Disable,Disable,Disable,Disable,
27.04.2022 9:41:33,81,0,53700,53,9290,7530,48000,56000,50000,-100000,3342,3345,3346,3345,3346,3346,3346,3346,3345,3345,3346,3345,3346,3345,3345,3344,3346,3,3342,1,4,22,22,23,23,25,24,33,23,3,22,1,Disable,Disable,Disable,Disable,Disable,Disable,Disable,Disable,Disable,Disable,Disable,Disable,Disable,Disable,Disable,Disable,Disable,Disable,Disable,Disablevvvvvvvv,Disable,Disable,Disable,Disable,Disable,Disable,Disable,Disable,Disable,Disable,Disable,Disable,Disable,Disable,Disable,Disable,Disable,
27.04.2022 9:41:34,81,0,53700,53,9290,7530,48000,56000,50000,-100000,3342,3345,3346,3345,3346,3346,3346,3346,3345,3345,3346,3345,3346,3345,3345,3344,3346,3,3342,1,4,22,22,23,23,25,24,33,23,3,22,1,Disable,Disable,Disable,Disable,Disable,Disable,Disable,Disable,Disable,Disable,Disable,Disable,Disable,Disable,Disable,Disable,Disable,Disable,Disable,Disablevvvvvvvv,Disable,Disable,Disable,Disable,Disable,Disable,Disable,Disable,Disable,Disable,Disable,Disable,Disable,Disable,Disable,Disable,Disable,
27.04.2022 9:41:35,81,0,53700,53,9290,7530,48000,56000,50000,-100000,3341,3344,3345,3345,3345,3345,3345,3345,3344,3344,3345,3345,3345,3344,3344,3344,3345,3,3341,1,4,22,22,23,23,25,24,33,23,3,22,1,Disable,Disable,Disable,Disable,Disable,Disable,Disable,Disable,Disable,Disable,Disable,Disable,Disable,Disable,Disable,Disable,Disable,Disable,Disable,Disablevvvvvvvv,Disable,Disable,Disable,Disable,Disable,Disable,Disable,Disable,Disable,Disable,Disable,Disable,Disable,Disable,Disable,Disable,Disable,
27.04.2022 9:41:36,81,0,53700,53,9290,7530,48000,56000,50000,-100000,3341,3344,3345,3345,3345,3345,3345,3345,3344,3344,3345,3345,3345,3344,3344,3344,3345,3,3341,1,4,22,22,23,23,25,24,33,23,3,22,1,Disable,Disable,Disable,Disable,Disable,Disable,Disable,Disable,Disable,Disable,Disable,Disable,Disable,Disable,Disable,Disable,Disable,Disable,Disable,Disablevvvvvvvv,Disable,Disable,Disable,Disable,Disable,Disable,Disable,Disable,Disable,Disable,Disable,Disable,Disable,Disable,Disable,Disable,Disable,
27.04.2022 9:41:37,81,0,53700,53,9290,7530,48000,56000,50000,-100000,3341,3344,3345,3345,3345,3345,3345,3345,3344,3344,3345,3345,3345,3344,3344,3344,3345,3,3341,1,4,22,22,23,23,25,24,33,23,3,22,1,Disable,Disable,Disable,Disable,Disable,Disable,Disable,Disable,Disable,Disable,Disable,Disable,Disable,Disable,Disable,Disable,Disable,Disable,Disable,Disablevvvvvvvv,Disable,Disable,Disable,Disable,Disable,Disable,Disable,Disable,Disable,Disable,Disable,Disable,Disable,Disable,Disable,Disable,Disable,
27.04.2022 9:41:38,81,0,53700,53,9290,7530,48000,56000,50000,-100000,3341,3344,3345,3345,3345,3345,3345,3345,3344,3344,3345,3344,3345,3344,3344,3344,3345,3,3341,1,4,22,22,23,23,25,24,33,23,3,22,1,Disable,Disable,Disable,Disable,Disable,Disable,Disable,Disable,Disable,Disable,Disable,Disable,Disable,Disable,Disable,Disable,Disable,Disable,Disable,Disablevvvvvvvv,Disable,Disable,Disable,Disable,Disable,Disable,Disable,Disable,Disable,Disable,Disable,Disable,Disable,Disable,Disable,Disable,Disable,
27.04.2022 9:41:39,81,0,53700,53,9290,7530,48000,56000,50000,-100000,3341,3344,3345,3345,3345,3345,3345,3345,3344,3344,3345,3344,3345,3344,3344,3344,3345,3,3341,1,4,22,22,23,23,25,24,33,23,3,22,1,Disable,Disable,Disable,Disable,Disable,Disable,Disable,Disable,Disable,Disable,Disable,Disable,Disable,Disable,Disable,Disable,Disable,Disable,Disable,Disablevvvvvvvv,Disable,Disable,Disable,Disable,Disable,Disable,Disable,Disable,Disable,Disable,Disable,Disable,Disable,Disable,Disable,Disable,Disable,
27.04.2022 9:41:40,81,0,53700,53,9290,7530,48000,56000,50000,-100000,3341,3344,3345,3345,3345,3345,3345,3345,3344,3344,3345,3344,3345,3344,3344,3344,3345,3,3341,1,4,22,22,23,23,25,24,33,23,3,22,1,Disable,Disable,Disable,Disable,Disable,Disable,Disable,Disable,Disable,Disable,Disable,Disable,Disable,Disable,Disable,Disable,Disable,Disable,Disable,Disablevvvvvvvv,Disable,Disable,Disable,Disable,Disable,Disable,Disable,Disable,Disable,Disable,Disable,Disable,Disable,Disable,Disable,Disable,Disable,
27.04.2022 9:41:41,81,0,53700,53,9290,7530,48000,56000,50000,-100000,3341,3344,3345,3345,3345,3345,3345,3345,3344,3344,3345,3344,3345,3344,3344,3344,3345,3,3341,1,4,22,22,23,23,25,24,33,23,3,22,1,Disable,Disable,Disable,Disable,Disable,Disable,Disable,Disable,Disable,Disable,Disable,Disable,Disable,Disable,Disable,Disable,Disable,Disable,Disable,Disablevvvvvvvv,Disable,Disable,Disable,Disable,Disable,Disable,Disable,Disable,Disable,Disable,Disable,Disable,Disable,Disable,Disable,Disable,Disable,
27.04.2022 9:41:42,81,0,53700,53,9290,7530,48000,56000,50000,-100000,3341,3344,3345,3345,3345,3345,3345,3345,3344,3344,3345,3344,3345,3344,3344,3344,3345,3,3341,1,4,22,22,23,23,25,24,33,23,3,22,1,Disable,Disable,Disable,Disable,Disable,Disable,Disable,Disable,Disable,Disable,Disable,Disable,Disable,Disable,Disable,Disable,Disable,Disable,Disable,Disablevvvvvvvv,Disable,Disable,Disable,Disable,Disable,Disable,Disable,Disable,Disable,Disable,Disable,Disable,Disable,Disable,Disable,Disable,Disable,
27.04.2022 9:41:43,81,0,53700,53,9290,7530,48000,56000,50000,-100000,3341,3344,3345,3345,3345,3345,3345,3345,3344,3344,3345,3344,3345,3344,3344,3344,3345,3,3341,1,4,22,22,23,23,25,24,33,23,3,22,1,Disable,Disable,Disable,Disable,Disable,Disable,Disable,Disable,Disable,Disable,Disable,Disable,Disable,Disable,Disable,Disable,Disable,Disable,Disable,Disablevvvvvvvv,Disable,Disable,Disable,Disable,Disable,Disable,Disable,Disable,Disable,Disable,Disable,Disable,Disable,Disable,Disable,Disable,Disable,
27.04.2022 9:41:44,81,0,53700,53,9290,7530,48000,56000,50000,-100000,3341,3344,3345,3345,3345,3345,3345,3345,3344,3344,3345,3344,3345,3344,3344,3344,3345,3,3341,1,4,22,22,23,23,25,24,33,23,3,22,1,Disable,Disable,Disable,Disable,Disable,Disable,Disable,Disable,Disable,Disable,Disable,Disable,Disable,Disable,Disable,Disable,Disable,Disable,Disable,Disablevvvvvvvv,Disable,Disable,Disable,Disable,Disable,Disable,Disable,Disable,Disable,Disable,Disable,Disable,Disable,Disable,Disable,Disable,Disable,
27.04.2022 9:41:45,81,0,53700,53,9290,7530,48000,56000,50000,-100000,3341,3344,3345,3345,3345,3345,3345,3345,3344,3344,3345,3345,3345,3344,3345,3344,3345,3,3341,1,4,22,22,23,23,25,24,33,23,3,22,1,Disable,Disable,Disable,Disable,Disable,Disable,Disable,Disable,Disable,Disable,Disable,Disable,Disable,Disable,Disable,Disable,Disable,Disable,Disable,Disablevvvvvvvv,Disable,Disable,Disable,Disable,Disable,Disable,Disable,Disable,Disable,Disable,Disable,Disable,Disable,Disable,Disable,Disable,Disable,
27.04.2022 9:41:46,81,0,53700,53,9290,7530,48000,56000,50000,-100000,3341,3344,3345,3345,3345,3345,3345,3345,3344,3344,3345,3345,3345,3344,3345,3344,3345,3,3341,1,4,22,22,23,23,25,24,33,23,3,22,1,Disable,Disable,Disable,Disable,Disable,Disable,Disable,Disable,Disable,Disable,Disable,Disable,Disable,Disable,Disable,Disable,Disable,Disable,Disable,Disablevvvvvvvv,Disable,Disable,Disable,Disable,Disable,Disable,Disable,Disable,Disable,Disable,Disable,Disable,Disable,Disable,Disable,Disable,Disable,
27.04.2022 9:41:47,81,0,53700,53,9290,7530,48000,56000,50000,-100000,3341,3344,3345,3345,3345,3345,3345,3345,3344,3344,3345,3345,3345,3344,3345,3344,3345,3,3341,1,4,22,22,23,23,25,24,33,23,3,22,1,Disable,Disable,Disable,Disable,Disable,Disable,Disable,Disable,Disable,Disable,Disable,Disable,Disable,Disable,Disable,Disable,Disable,Disable,Disable,Disablevvvvvvvv,Disable,Disable,Disable,Disable,Disable,Disable,Disable,Disable,Disable,Disable,Disable,Disable,Disable,Disable,Disable,Disable,Disable,
27.04.2022 9:41:48,81,3,53800,53,9290,7530,48000,56000,50000,-100000,3344,3347,3347,3347,3347,3347,3347,3348,3348,3347,3348,3348,3348,3347,3347,3346,3348,4,3344,1,4,22,22,23,23,25,24,33,23,3,22,1,Disable,Disable,Disable,Disable,Disable,Disable,Disable,Disable,Disable,Disable,Disable,Disable,Disable,Disable,Disable,Disable,Disable,Disable,Disable,Disablevvvvvvvv,Disable,Disable,Disable,Disable,Disable,Disable,Disable,Disable,Disable,Disable,Disable,Disable,Disable,Disable,Disable,Disable,Disable,
27.04.2022 9:41:49,81,3,53800,53,9290,7530,48000,56000,50000,-100000,3344,3347,3347,3347,3347,3347,3347,3348,3348,3347,3348,3348,3348,3347,3347,3346,3348,4,3344,1,4,22,22,23,23,25,24,33,23,3,22,1,Disable,Disable,Disable,Disable,Disable,Disable,Disable,Disable,Disable,Disable,Disable,Disable,Disable,Disable,Disable,Disable,Disable,Disable,Disable,Disablevvvvvvvv,Disable,Disable,Disable,Disable,Disable,Disable,Disable,Disable,Disable,Disable,Disable,Disable,Disable,Disable,Disable,Disable,Disable,
27.04.2022 9:41:50,81,3,53800,53,9290,7530,48000,56000,50000,-100000,3344,3347,3347,3347,3347,3347,3347,3348,3348,3347,3348,3348,3348,3347,3347,3346,3348,4,3344,1,4,22,22,23,23,25,24,33,23,3,22,1,Disable,Disable,Disable,Disable,Disable,Disable,Disable,Disable,Disable,Disable,Disable,Disable,Disable,Disable,Disable,Disable,Disable,Disable,Disable,Disablevvvvvvvv,Disable,Disable,Disable,Disable,Disable,Disable,Disable,Disable,Disable,Disable,Disable,Disable,Disable,Disable,Disable,Disable,Disable,
27.04.2022 9:41:51,81,21,54400,53,9290,7530,48000,56000,50000,-100000,3359,3363,3362,3364,3364,3363,3362,3364,3371,3365,3367,3367,3366,3367,3365,3359,3371,9,3359,1,12,22,22,23,23,25,24,33,23,3,22,1,Disable,Disable,Disable,Disable,Disable,Disable,Disable,Disable,Disable,Disable,Disable,Disable,Disable,Disable,Disable,Disable,Disable,Disable,Disable,Disablevvvvvvvv,Disable,Disable,Disable,Disable,Disable,Disable,Disable,Disable,Disable,Disable,Disable,Disable,Disable,Disable,Disable,Disable,Disable,
27.04.2022 9:41:52,81,21,54400,53,9290,7530,48000,56000,50000,-100000,3359,3363,3362,3364,3364,3363,3362,3364,3371,3365,3367,3367,3366,3367,3365,3359,3371,9,3359,1,12,22,22,23,23,25,24,33,23,3,22,1,Disable,Disable,Disable,Disable,Disable,Disable,Disable,Disable,Disable,Disable,Disable,Disable,Disable,Disable,Disable,Disable,Disable,Disable,Disable,Disablevvvvvvvv,Disable,Disable,Disable,Disable,Disable,Disable,Disable,Disable,Disable,Disable,Disable,Disable,Disable,Disable,Disable,Disable,Disable,
27.04.2022 9:41:53,81,21,54400,53,9290,7530,48000,56000,50000,-100000,3359,3363,3362,3364,3364,3363,3362,3364,3371,3365,3367,3367,3366,3367,3365,3359,3371,9,3359,1,12,22,22,23,23,25,24,33,23,3,22,1,Disable,Disable,Disable,Disable,Disable,Disable,Disable,Disable,Disable,Disable,Disable,Disable,Disable,Disable,Disable,Disable,Disable,Disable,Disable,Disablevvvvvvvv,Disable,Disable,Disable,Disable,Disable,Disable,Disable,Disable,Disable,Disable,Disable,Disable,Disable,Disable,Disable,Disable,Disable,
27.04.2022 9:41:54,81,21,54400,53,9290,7530,48000,56000,50000,-100000,3359,3363,3362,3364,3364,3363,3362,3364,3371,3365,3367,3367,3366,3367,3365,3359,3371,9,3359,1,12,22,22,23,23,25,24,33,23,3,22,1,Disable,Disable,Disable,Disable,Disable,Disable,Disable,Disable,Disable,Disable,Disable,Disable,Disable,Disable,Disable,Disable,Disable,Disable,Disable,Disablevvvvvvvv,Disable,Disable,Disable,Disable,Disable,Disable,Disable,Disable,Disable,Disable,Disable,Disable,Disable,Disable,Disable,Disable,Disable,
27.04.2022 9:41:55,81,31,54700,54,9290,7540,48000,56000,50000,-100000,3374,3378,3377,3381,3381,3379,3375,3377,3394,3383,3388,3389,3387,3390,3388,3379,3394,9,3374,1,20,22,22,23,23,25,24,33,23,3,22,1,Disable,Disable,Disable,Disable,Disable,Disable,Disable,Disable,Disable,Disable,Disable,Disable,Disable,Disable,Disable,Disable,Disable,Disable,Disable,Disablevvvvvvvv,Disable,Disable,Disable,Disable,Disable,Disable,Disable,Disable,Disable,Disable,Disable,Disable,Disable,Disable,Disable,Disable,Disable,
27.04.2022 9:41:56,81,31,54700,54,9290,7540,48000,56000,50000,-100000,3374,3378,3377,3381,3381,3379,3375,3377,3394,3383,3388,3389,3387,3390,3388,3379,3394,9,3374,1,20,22,22,23,23,25,24,33,23,3,22,1,Disable,Disable,Disable,Disable,Disable,Disable,Disable,Disable,Disable,Disable,Disable,Disable,Disable,Disable,Disable,Disable,Disable,Disable,Disable,Disablevvvvvvvv,Disable,Disable,Disable,Disable,Disable,Disable,Disable,Disable,Disable,Disable,Disable,Disable,Disable,Disable,Disable,Disable,Disable,
27.04.2022 9:41:57,81,31,54700,54,9290,7540,48000,56000,50000,-100000,3374,3378,3377,3381,3381,3379,3375,3377,3394,3383,3388,3389,3387,3390,3388,3379,3394,9,3374,1,20,22,22,23,23,25,24,33,23,3,22,1,Disable,Disable,Disable,Disable,Disable,Disable,Disable,Disable,Disable,Disable,Disable,Disable,Disable,Disable,Disable,Disable,Disable,Disable,Disable,Disablevvvvvvvv,Disable,Disable,Disable,Disable,Disable,Disable,Disable,Disable,Disable,Disable,Disable,Disable,Disable,Disable,Disable,Disable,Disable,
27.04.2022 9:41:58,81,31,54800,54,9290,7540,48000,56000,50000,-100000,3388,3391,3390,3395,3395,3393,3389,3393,3410,3399,3403,3403,3399,3401,3396,3384,3410,9,3384,16,26,22,22,23,23,25,24,33,23,3,22,1,Disable,Disable,Disable,Disable,Disable,Disable,Disable,Disable,Disable,Disable,Disable,Disable,Disable,Disable,Disable,Disable,Disable,Disable,Disable,Disablevvvvvvvv,Disable,Disable,Disable,Disable,Disable,Disable,Disable,Disable,Disable,Disable,Disable,Disable,Disable,Disable,Disable,Disable,Disable,
27.04.2022 9:41:59,81,31,54800,54,9290,7540,48000,56000,50000,-100000,3388,3391,3390,3395,3395,3393,3389,3393,3410,3399,3403,3403,3399,3401,3396,3384,3410,9,3384,16,26,22,22,23,23,25,24,33,23,3,22,1,Disable,Disable,Disable,Disable,Disable,Disable,Disable,Disable,Disable,Disable,Disable,Disable,Disable,Disable,Disable,Disable,Disable,Disable,Disable,Disablevvvvvvvv,Disable,Disable,Disable,Disable,Disable,Disable,Disable,Disable,Disable,Disable,Disable,Disable,Disable,Disable,Disable,Disable,Disable,
27.04.2022 9:42:00,81,31,54800,54,9290,7540,48000,56000,50000,-100000,3388,3391,3390,3395,3395,3393,3389,3393,3410,3399,3403,3403,3399,3401,3396,3384,3410,9,3384,16,26,22,22,23,23,25,24,33,23,3,22,1,Disable,Disable,Disable,Disable,Disable,Disable,Disable,Disable,Disable,Disable,Disable,Disable,Disable,Disable,Disable,Disable,Disable,Disable,Disable,Disablevvvvvvvv,Disable,Disable,Disable,Disable,Disable,Disable,Disable,Disable,Disable,Disable,Disable,Disable,Disable,Disable,Disable,Disable,Disable,
27.04.2022 9:42:01,81,30,54800,54,9290,7540,48000,56000,50000,-100000,3416,3419,3418,3423,3422,3421,3416,3423,3444,3431,3432,3432,3430,3432,3426,3405,3444,9,3405,16,39,22,22,23,23,25,24,33,23,3,22,1,Disable,Disable,Disable,Disable,Disable,Disable,Disable,Disable,Disable,Disable,Disable,Disable,Disable,Disable,Disable,Disable,Disable,Disable,Disable,Disablevvvvvvvv,Disable,Disable,Disable,Disable,Disable,Disable,Disable,Disable,Disable,Disable,Disable,Disable,Disable,Disable,Disable,Disable,Disable,
27.04.2022 9:42:02,81,30,54800,54,9290,7540,48000,56000,50000,-100000,3416,3419,3418,3423,3422,3421,3416,3423,3444,3431,3432,3432,3430,3432,3426,3405,3444,9,3405,16,39,22,22,23,23,25,24,33,23,3,22,1,Disable,Disable,Disable,Disable,Disable,Disable,Disable,Disable,Disable,Disable,Disable,Disable,Disable,Disable,Disable,Disable,Disable,Disable,Disable,Disablevvvvvvvv,Disable,Disable,Disable,Disable,Disable,Disable,Disable,Disable,Disable,Disable,Disable,Disable,Disable,Disable,Disable,Disable,Disable,
27.04.2022 9:42:03,81,30,54800,54,9290,7540,48000,56000,50000,-100000,3416,3419,3418,3423,3422,3421,3416,3423,3444,3431,3432,3432,3430,3432,3426,3405,3444,9,3405,16,39,22,22,23,23,25,24,33,23,3,22,1,Disable,Disable,Disable,Disable,Disable,Disable,Disable,Disable,Disable,Disable,Disable,Disable,Disable,Disable,Disable,Disable,Disable,Disable,Disable,Disablevvvvvvvv,Disable,Disable,Disable,Disable,Disable,Disable,Disable,Disable,Disable,Disable,Disable,Disable,Disable,Disable,Disable,Disable,Disable,
27.04.2022 9:42:04,81,30,54800,54,9290,7540,48000,56000,50000,-100000,3416,3419,3418,3423,3422,3421,3416,3423,3444,3431,3432,3432,3430,3432,3426,3405,3444,9,3405,16,39,22,22,23,23,25,24,33,23,3,22,1,Disable,Disable,Disable,Disable,Disable,Disable,Disable,Disable,Disable,Disable,Disable,Disable,Disable,Disable,Disable,Disable,Disable,Disable,Disable,Disablevvvvvvvv,Disable,Disable,Disable,Disable,Disable,Disable,Disable,Disable,Disable,Disable,Disable,Disable,Disable,Disable,Disable,Disable,Disable,
27.04.2022 9:42:05,81,30,54900,54,9290,7550,48000,56000,50000,-100000,3402,3405,3404,3410,3410,3407,3401,3406,3426,3414,3417,3418,3417,3420,3417,3403,3426,9,3401,7,25,22,22,23,23,25,24,33,23,3,22,1,Disable,Disable,Disable,Disable,Disable,Disable,Disable,Disable,Disable,Disable,Disable,Disable,Disable,Disable,Disable,Disable,Disable,Disable,Disable,Disablevvvvvvvv,Disable,Disable,Disable,Disable,Disable,Disable,Disable,Disable,Disable,Disable,Disable,Disable,Disable,Disable,Disable,Disable,Disable,
27.04.2022 9:42:06,81,30,54900,54,9290,7550,48000,56000,50000,-100000,3402,3405,3404,3410,3410,3407,3401,3406,3426,3414,3417,3418,3417,3420,3417,3403,3426,9,3401,7,25,22,22,23,23,25,24,33,23,3,22,1,Disable,Disable,Disable,Disable,Disable,Disable,Disable,Disable,Disable,Disable,Disable,Disable,Disable,Disable,Disable,Disable,Disable,Disable,Disable,Disablevvvvvvvv,Disable,Disable,Disable,Disable,Disable,Disable,Disable,Disable,Disable,Disable,Disable,Disable,Disable,Disable,Disable,Disable,Disable,
27.04.2022 9:42:07,81,30,54900,54,9290,7550,48000,56000,50000,-100000,3402,3405,3404,3410,3410,3407,3401,3406,3426,3414,3417,3418,3417,3420,3417,3403,3426,9,3401,7,25,22,22,23,23,25,24,33,23,3,22,1,Disable,Disable,Disable,Disable,Disable,Disable,Disable,Disable,Disable,Disable,Disable,Disable,Disable,Disable,Disable,Disable,Disable,Disable,Disable,Disablevvvvvvvv,Disable,Disable,Disable,Disable,Disable,Disable,Disable,Disable,Disable,Disable,Disable,Disable,Disable,Disable,Disable,Disable,Disable,
27.04.2022 9:42:08,81,30,54900,54,9290,7550,48000,56000,50000,-100000,3396,3399,3398,3404,3404,3401,3396,3401,3417,3408,3411,3410,3409,3410,3407,3395,3417,9,3395,16,22,22,22,23,23,25,24,33,23,3,22,1,Disable,Disable,Disable,Disable,Disable,Disable,Disable,Disable,Disable,Disable,Disable,Disable,Disable,Disable,Disable,Disable,Disable,Disable,Disable,Disablevvvvvvvv,Disable,Disable,Disable,Disable,Disable,Disable,Disable,Disable,Disable,Disable,Disable,Disable,Disable,Disable,Disable,Disable,Disable,
27.04.2022 9:42:09,81,30,54900,54,9290,7550,48000,56000,50000,-100000,3396,3399,3398,3404,3404,3401,3396,3401,3417,3408,3411,3410,3409,3410,3407,3395,3417,9,3395,16,22,22,22,23,23,25,24,33,23,3,22,1,Disable,Disable,Disable,Disable,Disable,Disable,Disable,Disable,Disable,Disable,Disable,Disable,Disable,Disable,Disable,Disable,Disable,Disable,Disable,Disablevvvvvvvv,Disable,Disable,Disable,Disable,Disable,Disable,Disable,Disable,Disable,Disable,Disable,Disable,Disable,Disable,Disable,Disable,Disable,
27.04.2022 9:42:10,81,30,54900,54,9290,7550,48000,56000,50000,-100000,3396,3399,3398,3404,3404,3401,3396,3401,3417,3408,3411,3410,3409,3410,3407,3395,3417,9,3395,16,22,22,22,23,23,25,24,33,23,3,22,1,Disable,Disable,Disable,Disable,Disable,Disable,Disable,Disable,Disable,Disable,Disable,Disable,Disable,Disable,Disable,Disable,Disable,Disable,Disable,Disablevvvvvvvv,Disable,Disable,Disable,Disable,Disable,Disable,Disable,Disable,Disable,Disable,Disable,Disable,Disable,Disable,Disable,Disable,Disable,
27.04.2022 9:42:11,81,30,54900,54,9290,7550,48000,56000,50000,-100000,3425,3428,3426,3432,3432,3430,3425,3433,3452,3440,3441,3440,3438,3440,3432,3411,3452,9,3411,16,41,22,22,23,23,25,24,33,23,3,22,1,Disable,Disable,Disable,Disable,Disable,Disable,Disable,Disable,Disable,Disable,Disable,Disable,Disable,Disable,Disable,Disable,Disable,Disable,Disable,Disablevvvvvvvv,Disable,Disable,Disable,Disable,Disable,Disable,Disable,Disable,Disable,Disable,Disable,Disable,Disable,Disable,Disable,Disable,Disable,
27.04.2022 9:42:12,81,30,54900,54,9290,7550,48000,56000,50000,-100000,3425,3428,3426,3432,3432,3430,3425,3433,3452,3440,3441,3440,3438,3440,3432,3411,3452,9,3411,16,41,22,22,23,23,25,24,33,23,3,22,1,Disable,Disable,Disable,Disable,Disable,Disable,Disable,Disable,Disable,Disable,Disable,Disable,Disable,Disable,Disable,Disable,Disable,Disable,Disable,Disablevvvvvvvv,Disable,Disable,Disable,Disable,Disable,Disable,Disable,Disable,Disable,Disable,Disable,Disable,Disable,Disable,Disable,Disable,Disable,
27.04.2022 9:42:13,81,30,54900,54,9290,7550,48000,56000,50000,-100000,3425,3428,3426,3432,3432,3430,3425,3433,3452,3440,3441,3440,3438,3440,3432,3411,3452,9,3411,16,41,22,22,23,23,25,24,33,23,3,22,1,Disable,Disable,Disable,Disable,Disable,Disable,Disable,Disable,Disable,Disable,Disable,Disable,Disable,Disable,Disable,Disable,Disable,Disable,Disable,Disablevvvvvvvv,Disable,Disable,Disable,Disable,Disable,Disable,Disable,Disable,Disable,Disable,Disable,Disable,Disable,Disable,Disable,Disable,Disable,
27.04.2022 9:42:14,81,30,54900,54,9290,7550,48000,56000,50000,-100000,3425,3428,3426,3432,3432,3430,3425,3433,3452,3440,3441,3440,3438,3440,3432,3411,3452,9,3411,16,41,22,22,23,23,25,24,33,23,3,22,1,Disable,Disable,Disable,Disable,Disable,Disable,Disable,Disable,Disable,Disable,Disable,Disable,Disable,Disable,Disable,Disable,Disable,Disable,Disable,Disablevvvvvvvv,Disable,Disable,Disable,Disable,Disable,Disable,Disable,Disable,Disable,Disable,Disable,Disable,Disable,Disable,Disable,Disable,Disable,
27.04.2022 9:42:15,81,31,55000,54,9290,7560,48000,56000,50000,-100000,3418,3421,3420,3426,3426,3423,3417,3423,3444,3432,3434,3434,3433,3437,3433,3415,3444,9,3415,16,29,22,22,23,23,25,24,33,23,3,22,1,Disable,Disable,Disable,Disable,Disable,Disable,Disable,Disable,Disable,Disable,Disable,Disable,Disable,Disable,Disable,Disable,Disable,Disable,Disable,Disablevvvvvvvv,Disable,Disable,Disable,Disable,Disable,Disable,Disable,Disable,Disable,Disable,Disable,Disable,Disable,Disable,Disable,Disable,Disable,
27.04.2022 9:42:16,81,31,55000,54,9290,7560,48000,56000,50000,-100000,3418,3421,3420,3426,3426,3423,3417,3423,3444,3432,3434,3434,3433,3437,3433,3415,3444,9,3415,16,29,22,22,23,23,25,24,33,23,3,22,1,Disable,Disable,Disable,Disable,Disable,Disable,Disable,Disable,Disable,Disable,Disable,Disable,Disable,Disable,Disable,Disable,Disable,Disable,Disable,Disablevvvvvvvv,Disable,Disable,Disable,Disable,Disable,Disable,Disable,Disable,Disable,Disable,Disable,Disable,Disable,Disable,Disable,Disable,Disable,
27.04.2022 9:42:17,81,31,55000,54,9290,7560,48000,56000,50000,-100000,3418,3421,3420,3426,3426,3423,3417,3423,3444,3432,3434,3434,3433,3437,3433,3415,3444,9,3415,16,29,22,22,23,23,25,24,33,23,3,22,1,Disable,Disable,Disable,Disable,Disable,Disable,Disable,Disable,Disable,Disable,Disable,Disable,Disable,Disable,Disable,Disable,Disable,Disable,Disable,Disablevvvvvvvv,Disable,Disable,Disable,Disable,Disable,Disable,Disable,Disable,Disable,Disable,Disable,Disable,Disable,Disable,Disable,Disable,Disable,
27.04.2022 9:42:18,81,31,55100,54,9290,7570,48000,56000,50000,-100000,3403,3405,3404,3411,3411,3408,3403,3406,3423,3415,3418,3417,3416,3418,3414,3402,3423,9,3402,16,21,22,22,23,23,25,24,33,23,3,22,1,Disable,Disable,Disable,Disable,Disable,Disable,Disable,Disable,Disable,Disable,Disable,Disable,Disable,Disable,Disable,Disable,Disable,Disable,Disable,Disablevvvvvvvv,Disable,Disable,Disable,Disable,Disable,Disable,Disable,Disable,Disable,Disable,Disable,Disable,Disable,Disable,Disable,Disable,Disable,
27.04.2022 9:42:19,81,31,55100,54,9290,7570,48000,56000,50000,-100000,3403,3405,3404,3411,3411,3408,3403,3406,3423,3415,3418,3417,3416,3418,3414,3402,3423,9,3402,16,21,22,22,23,23,25,24,33,23,3,22,1,Disable,Disable,Disable,Disable,Disable,Disable,Disable,Disable,Disable,Disable,Disable,Disable,Disable,Disable,Disable,Disable,Disable,Disable,Disable,Disablevvvvvvvv,Disable,Disable,Disable,Disable,Disable,Disable,Disable,Disable,Disable,Disable,Disable,Disable,Disable,Disable,Disable,Disable,Disable,
27.04.2022 9:42:20,81,31,55100,54,9290,7570,48000,56000,50000,-100000,3403,3405,3404,3411,3411,3408,3403,3406,3423,3415,3418,3417,3416,3418,3414,3402,3423,9,3402,16,21,22,22,23,23,25,24,33,23,3,22,1,Disable,Disable,Disable,Disable,Disable,Disable,Disable,Disable,Disable,Disable,Disable,Disable,Disable,Disable,Disable,Disable,Disable,Disable,Disable,Disablevvvvvvvv,Disable,Disable,Disable,Disable,Disable,Disable,Disable,Disable,Disable,Disable,Disable,Disable,Disable,Disable,Disable,Disable,Disable,
27.04.2022 9:42:21,81,30,55000,54,9290,7570,48000,56000,50000,-100000,3423,3426,3424,3430,3430,3428,3424,3431,3448,3438,3439,3437,3435,3436,3428,3410,3448,9,3410,16,38,23,22,23,23,25,24,33,23,1,22,2,Disable,Disable,Disable,Disable,Disable,Disable,Disable,Disable,Disable,Disable,Disable,Disable,Disable,Disable,Disable,Disable,Disable,Disable,Disable,Disablevvvvvvvv,Disable,Disable,Disable,Disable,Disable,Disable,Disable,Disable,Disable,Disable,Disable,Disable,Disable,Disable,Disable,Disable,Disable,
27.04.2022 9:42:22,81,30,55000,54,9290,7570,48000,56000,50000,-100000,3423,3426,3424,3430,3430,3428,3424,3431,3448,3438,3439,3437,3435,3436,3428,3410,3448,9,3410,16,38,23,22,23,23,25,24,33,23,1,22,2,Disable,Disable,Disable,Disable,Disable,Disable,Disable,Disable,Disable,Disable,Disable,Disable,Disable,Disable,Disable,Disable,Disable,Disable,Disable,Disablevvvvvvvv,Disable,Disable,Disable,Disable,Disable,Disable,Disable,Disable,Disable,Disable,Disable,Disable,Disable,Disable,Disable,Disable,Disable,
27.04.2022 9:42:23,81,30,55000,54,9290,7570,48000,56000,50000,-100000,3423,3426,3424,3430,3430,3428,3424,3431,3448,3438,3439,3437,3435,3436,3428,3410,3448,9,3410,16,38,23,22,23,23,25,24,33,23,1,22,2,Disable,Disable,Disable,Disable,Disable,Disable,Disable,Disable,Disable,Disable,Disable,Disable,Disable,Disable,Disable,Disable,Disable,Disable,Disable,Disablevvvvvvvv,Disable,Disable,Disable,Disable,Disable,Disable,Disable,Disable,Disable,Disable,Disable,Disable,Disable,Disable,Disable,Disable,Disable,
27.04.2022 9:42:24,81,30,55000,54,9290,7570,48000,56000,50000,-100000,3423,3426,3424,3430,3430,3428,3424,3431,3448,3438,3439,3437,3435,3436,3428,3410,3448,9,3410,16,38,23,22,23,23,25,24,33,23,1,22,2,Disable,Disable,Disable,Disable,Disable,Disable,Disable,Disable,Disable,Disable,Disable,Disable,Disable,Disable,Disable,Disable,Disable,Disable,Disable,Disablevvvvvvvv,Disable,Disable,Disable,Disable,Disable,Disable,Disable,Disable,Disable,Disable,Disable,Disable,Disable,Disable,Disable,Disable,Disable,
27.04.2022 9:42:25,81,30,55100,55,9290,7580,48000,56000,50000,-100000,3433,3436,3435,3441,3440,3438,3433,3441,3461,3449,3449,3449,3447,3450,3444,3423,3461,9,3423,16,38,23,22,23,23,25,24,33,23,1,22,2,Disable,Disable,Disable,Disable,Disable,Disable,Disable,Disable,Disable,Disable,Disable,Disable,Disable,Disable,Disable,Disable,Disable,Disable,Disable,Disablevvvvvvvv,Disable,Disable,Disable,Disable,Disable,Disable,Disable,Disable,Disable,Disable,Disable,Disable,Disable,Disable,Disable,Disable,Disable,
27.04.2022 9:42:26,81,30,55100,55,9290,7580,48000,56000,50000,-100000,3433,3436,3435,3441,3440,3438,3433,3441,3461,3449,3449,3449,3447,3450,3444,3423,3461,9,3423,16,38,23,22,23,23,25,24,33,23,1,22,2,Disable,Disable,Disable,Disable,Disable,Disable,Disable,Disable,Disable,Disable,Disable,Disable,Disable,Disable,Disable,Disable,Disable,Disable,Disable,Disablevvvvvvvv,Disable,Disable,Disable,Disable,Disable,Disable,Disable,Disable,Disable,Disable,Disable,Disable,Disable,Disable,Disable,Disable,Disable,
27.04.2022 9:42:27,81,30,55100,55,9290,7580,48000,56000,50000,-100000,3433,3436,3435,3441,3440,3438,3433,3441,3461,3449,3449,3449,3447,3450,3444,3423,3461,9,3423,16,38,23,22,23,23,25,24,33,23,1,22,2,Disable,Disable,Disable,Disable,Disable,Disable,Disable,Disable,Disable,Disable,Disable,Disable,Disable,Disable,Disable,Disable,Disable,Disable,Disable,Disablevvvvvvvv,Disable,Disable,Disable,Disable,Disable,Disable,Disable,Disable,Disable,Disable,Disable,Disable,Disable,Disable,Disable,Disable,Disable,
27.04.2022 9:42:28,81,30,55100,54,9290,7590,48000,56000,50000,-100000,3420,3423,3421,3428,3428,3425,3419,3424,3444,3433,3435,3436,3435,3439,3435,3419,3444,9,3419,7,25,23,22,23,23,25,24,33,23,1,22,2,Disable,Disable,Disable,Disable,Disable,Disable,Disable,Disable,Disable,Disable,Disable,Disable,Disable,Disable,Disable,Disable,Disable,Disable,Disable,Disablevvvvvvvv,Disable,Disable,Disable,Disable,Disable,Disable,Disable,Disable,Disable,Disable,Disable,Disable,Disable,Disable,Disable,Disable,Disable,
27.04.2022 9:42:29,81,30,55100,54,9290,7590,48000,56000,50000,-100000,3420,3423,3421,3428,3428,3425,3419,3424,3444,3433,3435,3436,3435,3439,3435,3419,3444,9,3419,7,25,23,22,23,23,25,24,33,23,1,22,2,Disable,Disable,Disable,Disable,Disable,Disable,Disable,Disable,Disable,Disable,Disable,Disable,Disable,Disable,Disable,Disable,Disable,Disable,Disable,Disablevvvvvvvv,Disable,Disable,Disable,Disable,Disable,Disable,Disable,Disable,Disable,Disable,Disable,Disable,Disable,Disable,Disable,Disable,Disable,
27.04.2022 9:42:30,81,30,55100,54,9290,7590,48000,56000,50000,-100000,3420,3423,3421,3428,3428,3425,3419,3424,3444,3433,3435,3436,3435,3439,3435,3419,3444,9,3419,7,25,23,22,23,23,25,24,33,23,1,22,2,Disable,Disable,Disable,Disable,Disable,Disable,Disable,Disable,Disable,Disable,Disable,Disable,Disable,Disable,Disable,Disable,Disable,Disable,Disable,Disablevvvvvvvv,Disable,Disable,Disable,Disable,Disable,Disable,Disable,Disable,Disable,Disable,Disable,Disable,Disable,Disable,Disable,Disable,Disable,
27.04.2022 9:42:31,81,30,55100,54,9290,7590,48000,56000,50000,-100000,3420,3423,3421,3428,3428,3425,3419,3424,3444,3433,3435,3436,3435,3439,3435,3419,3444,9,3419,7,25,23,22,23,23,25,24,33,23,1,22,2,Disable,Disable,Disable,Disable,Disable,Disable,Disable,Disable,Disable,Disable,Disable,Disable,Disable,Disable,Disable,Disable,Disable,Disable,Disable,Disablevvvvvvvv,Disable,Disable,Disable,Disable,Disable,Disable,Disable,Disable,Disable,Disable,Disable,Disable,Disable,Disable,Disable,Disable,Disable,
27.04.2022 9:42:32,81,31,55100,54,9290,7590,48000,56000,50000,-100000,3407,3409,3408,3415,3415,3412,3406,3410,3427,3418,3422,3421,3420,3422,3418,3406,3427,9,3406,7,21,23,22,23,23,25,24,33,23,1,22,2,Disable,Disable,Disable,Disable,Disable,Disable,Disable,Disable,Disable,Disable,Disable,Disable,Disable,Disable,Disable,Disable,Disable,Disable,Disable,Disablevvvvvvvv,Disable,Disable,Disable,Disable,Disable,Disable,Disable,Disable,Disable,Disable,Disable,Disable,Disable,Disable,Disable,Disable,Disable,
27.04.2022 9:42:33,81,31,55100,54,9290,7590,48000,56000,50000,-100000,3407,3409,3408,3415,3415,3412,3406,3410,3427,3418,3422,3421,3420,3422,3418,3406,3427,9,3406,7,21,23,22,23,23,25,24,33,23,1,22,2,Disable,Disable,Disable,Disable,Disable,Disable,Disable,Disable,Disable,Disable,Disable,Disable,Disable,Disable,Disable,Disable,Disable,Disable,Disable,Disablevvvvvvvv,Disable,Disable,Disable,Disable,Disable,Disable,Disable,Disable,Disable,Disable,Disable,Disable,Disable,Disable,Disable,Disable,Disable,
27.04.2022 9:42:34,81,31,55100,54,9290,7590,48000,56000,50000,-100000,3407,3409,3408,3415,3415,3412,3406,3410,3427,3418,3422,3421,3420,3422,3418,3406,3427,9,3406,7,21,23,22,23,23,25,24,33,23,1,22,2,Disable,Disable,Disable,Disable,Disable,Disable,Disable,Disable,Disable,Disable,Disable,Disable,Disable,Disable,Disable,Disable,Disable,Disable,Disable,Disablevvvvvvvv,Disable,Disable,Disable,Disable,Disable,Disable,Disable,Disable,Disable,Disable,Disable,Disable,Disable,Disable,Disable,Disable,Disable,
27.04.2022 9:42:35,81,30,55100,54,9290,7600,48000,56000,50000,-100000,3418,3420,3419,3425,3425,3423,3418,3424,3440,3431,3433,3432,3429,3430,3424,3409,3440,9,3409,16,31,23,22,23,23,25,24,33,23,1,22,2,Disable,Disable,Disable,Disable,Disable,Disable,Disable,Disable,Disable,Disable,Disable,Disable,Disable,Disable,Disable,Disable,Disable,Disable,Disable,Disablevvvvvvvv,Disable,Disable,Disable,Disable,Disable,Disable,Disable,Disable,Disable,Disable,Disable,Disable,Disable,Disable,Disable,Disable,Disable,
27.04.2022 9:42:36,81,30,55100,54,9290,7600,48000,56000,50000,-100000,3418,3420,3419,3425,3425,3423,3418,3424,3440,3431,3433,3432,3429,3430,3424,3409,3440,9,3409,16,31,23,22,23,23,25,24,33,23,1,22,2,Disable,Disable,Disable,Disable,Disable,Disable,Disable,Disable,Disable,Disable,Disable,Disable,Disable,Disable,Disable,Disable,Disable,Disable,Disable,Disablevvvvvvvv,Disable,Disable,Disable,Disable,Disable,Disable,Disable,Disable,Disable,Disable,Disable,Disable,Disable,Disable,Disable,Disable,Disable,
27.04.2022 9:42:37,81,30,55100,54,9290,7600,48000,56000,50000,-100000,3418,3420,3419,3425,3425,3423,3418,3424,3440,3431,3433,3432,3429,3430,3424,3409,3440,9,3409,16,31,23,22,23,23,25,24,33,23,1,22,2,Disable,Disable,Disable,Disable,Disable,Disable,Disable,Disable,Disable,Disable,Disable,Disable,Disable,Disable,Disable,Disable,Disable,Disable,Disable,Disablevvvvvvvv,Disable,Disable,Disable,Disable,Disable,Disable,Disable,Disable,Disable,Disable,Disable,Disable,Disable,Disable,Disable,Disable,Disable,
27.04.2022 9:42:38,81,30,55100,55,9290,7600,48000,56000,50000,-100000,3430,3433,3431,3437,3437,3435,3431,3438,3456,3445,3446,3445,3442,3443,3436,3416,3456,9,3416,16,40,23,22,23,23,25,24,33,23,1,22,2,Disable,Disable,Disable,Disable,Disable,Disable,Disable,Disable,Disable,Disable,Disable,Disable,Disable,Disable,Disable,Disable,Disable,Disable,Disable,Disablevvvvvvvv,Disable,Disable,Disable,Disable,Disable,Disable,Disable,Disable,Disable,Disable,Disable,Disable,Disable,Disable,Disable,Disable,Disable,
27.04.2022 9:42:39,81,30,55100,55,9290,7600,48000,56000,50000,-100000,3430,3433,3431,3437,3437,3435,3431,3438,3456,3445,3446,3445,3442,3443,3436,3416,3456,9,3416,16,40,23,22,23,23,25,24,33,23,1,22,2,Disable,Disable,Disable,Disable,Disable,Disable,Disable,Disable,Disable,Disable,Disable,Disable,Disable,Disable,Disable,Disable,Disable,Disable,Disable,Disablevvvvvvvv,Disable,Disable,Disable,Disable,Disable,Disable,Disable,Disable,Disable,Disable,Disable,Disable,Disable,Disable,Disable,Disable,Disable,
27.04.2022 9:42:40,81,30,55100,55,9290,7600,48000,56000,50000,-100000,3430,3433,3431,3437,3437,3435,3431,3438,3456,3445,3446,3445,3442,3443,3436,3416,3456,9,3416,16,40,23,22,23,23,25,24,33,23,1,22,2,Disable,Disable,Disable,Disable,Disable,Disable,Disable,Disable,Disable,Disable,Disable,Disable,Disable,Disable,Disable,Disable,Disable,Disable,Disable,Disablevvvvvvvv,Disable,Disable,Disable,Disable,Disable,Disable,Disable,Disable,Disable,Disable,Disable,Disable,Disable,Disable,Disable,Disable,Disable,
27.04.2022 9:42:41,81,30,55100,55,9290,7600,48000,56000,50000,-100000,3430,3433,3431,3437,3437,3435,3431,3438,3456,3445,3446,3445,3442,3443,3436,3416,3456,9,3416,16,40,23,22,23,23,25,24,33,23,1,22,2,Disable,Disable,Disable,Disable,Disable,Disable,Disable,Disable,Disable,Disable,Disable,Disable,Disable,Disable,Disable,Disable,Disable,Disable,Disable,Disablevvvvvvvv,Disable,Disable,Disable,Disable,Disable,Disable,Disable,Disable,Disable,Disable,Disable,Disable,Disable,Disable,Disable,Disable,Disable,
27.04.2022 9:42:42,81,30,55200,55,9290,7610,48000,56000,50000,-100000,3438,3441,3440,3446,3445,3443,3438,3446,3466,3454,3454,3454,3452,3455,3448,3427,3466,9,3427,16,39,23,22,23,23,25,24,33,23,1,22,2,Disable,Disable,Disable,Disable,Disable,Disable,Disable,Disable,Disable,Disable,Disable,Disable,Disable,Disable,Disable,Disable,Disable,Disable,Disable,Disablevvvvvvvv,Disable,Disable,Disable,Disable,Disable,Disable,Disable,Disable,Disable,Disable,Disable,Disable,Disable,Disable,Disable,Disable,Disable,
27.04.2022 9:42:43,81,30,55200,55,9290,7610,48000,56000,50000,-100000,3438,3441,3440,3446,3445,3443,3438,3446,3466,3454,3454,3454,3452,3455,3448,3427,3466,9,3427,16,39,23,22,23,23,25,24,33,23,1,22,2,Disable,Disable,Disable,Disable,Disable,Disable,Disable,Disable,Disable,Disable,Disable,Disable,Disable,Disable,Disable,Disable,Disable,Disable,Disable,Disablevvvvvvvv,Disable,Disable,Disable,Disable,Disable,Disable,Disable,Disable,Disable,Disable,Disable,Disable,Disable,Disable,Disable,Disable,Disable,
27.04.2022 9:42:44,81,30,55200,55,9290,7610,48000,56000,50000,-100000,3438,3441,3440,3446,3445,3443,3438,3446,3466,3454,3454,3454,3452,3455,3448,3427,3466,9,3427,16,39,23,22,23,23,25,24,33,23,1,22,2,Disable,Disable,Disable,Disable,Disable,Disable,Disable,Disable,Disable,Disable,Disable,Disable,Disable,Disable,Disable,Disable,Disable,Disable,Disable,Disablevvvvvvvv,Disable,Disable,Disable,Disable,Disable,Disable,Disable,Disable,Disable,Disable,Disable,Disable,Disable,Disable,Disable,Disable,Disable,
27.04.2022 9:42:45,81,30,55100,54,9290,7620,48000,56000,50000,-100000,3420,3423,3422,3429,3428,3425,3419,3424,3444,3433,3436,3436,3436,3440,3436,3421,3444,9,3419,1,25,23,22,23,23,25,25,33,23,1,22,2,Disable,Disable,Disable,Disable,Disable,Disable,Disable,Disable,Disable,Disable,Disable,Disable,Disable,Disable,Disable,Disable,Disable,Disable,Disable,Disablevvvvvvvv,Disable,Disable,Disable,Disable,Disable,Disable,Disable,Disable,Disable,Disable,Disable,Disable,Disable,Disable,Disable,Disable,Disable,
27.04.2022 9:42:46,81,30,55100,54,9290,7620,48000,56000,50000,-100000,3420,3423,3422,3429,3428,3425,3419,3424,3444,3433,3436,3436,3436,3440,3436,3421,3444,9,3419,1,25,23,22,23,23,25,25,33,23,1,22,2,Disable,Disable,Disable,Disable,Disable,Disable,Disable,Disable,Disable,Disable,Disable,Disable,Disable,Disable,Disable,Disable,Disable,Disable,Disable,Disablevvvvvvvv,Disable,Disable,Disable,Disable,Disable,Disable,Disable,Disable,Disable,Disable,Disable,Disable,Disable,Disable,Disable,Disable,Disable,
27.04.2022 9:42:47,81,30,55100,54,9290,7620,48000,56000,50000,-100000,3420,3423,3422,3429,3428,3425,3419,3424,3444,3433,3436,3436,3436,3440,3436,3421,3444,9,3419,1,25,23,22,23,23,25,25,33,23,1,22,2,Disable,Disable,Disable,Disable,Disable,Disable,Disable,Disable,Disable,Disable,Disable,Disable,Disable,Disable,Disable,Disable,Disable,Disable,Disable,Disablevvvvvvvv,Disable,Disable,Disable,Disable,Disable,Disable,Disable,Disable,Disable,Disable,Disable,Disable,Disable,Disable,Disable,Disable,Disable,
27.04.2022 9:42:48,82,30,55200,54,9290,7620,48000,56000,50000,-100000,3412,3415,3414,3420,3420,3417,3412,3416,3433,3424,3428,3427,3425,3428,3424,3411,3433,9,3411,16,22,23,22,23,23,25,25,33,23,1,22,2,Disable,Disable,Disable,Disable,Disable,Disable,Disable,Disable,Disable,Disable,Disable,Disable,Disable,Disable,Disable,Disable,Disable,Disable,Disable,Disablevvvvvvvv,Disable,Disable,Disable,Disable,Disable,Disable,Disable,Disable,Disable,Disable,Disable,Disable,Disable,Disable,Disable,Disable,Disable,
27.04.2022 9:42:49,82,30,55200,54,9290,7620,48000,56000,50000,-100000,3412,3415,3414,3420,3420,3417,3412,3416,3433,3424,3428,3427,3425,3428,3424,3411,3433,9,3411,16,22,23,22,23,23,25,25,33,23,1,22,2,Disable,Disable,Disable,Disable,Disable,Disable,Disable,Disable,Disable,Disable,Disable,Disable,Disable,Disable,Disable,Disable,Disable,Disable,Disable,Disablevvvvvvvv,Disable,Disable,Disable,Disable,Disable,Disable,Disable,Disable,Disable,Disable,Disable,Disable,Disable,Disable,Disable,Disable,Disable,
27.04.2022 9:42:50,82,30,55200,54,9290,7620,48000,56000,50000,-100000,3412,3415,3414,3420,3420,3417,3412,3416,3433,3424,3428,3427,3425,3428,3424,3411,3433,9,3411,16,22,23,22,23,23,25,25,33,23,1,22,2,Disable,Disable,Disable,Disable,Disable,Disable,Disable,Disable,Disable,Disable,Disable,Disable,Disable,Disable,Disable,Disable,Disable,Disable,Disable,Disablevvvvvvvv,Disable,Disable,Disable,Disable,Disable,Disable,Disable,Disable,Disable,Disable,Disable,Disable,Disable,Disable,Disable,Disable,Disable,
27.04.2022 9:42:51,82,30,55200,54,9290,7620,48000,56000,50000,-100000,3412,3415,3414,3420,3420,3417,3412,3416,3433,3424,3428,3427,3425,3428,3424,3411,3433,9,3411,16,22,23,22,23,23,25,25,33,23,1,22,2,Disable,Disable,Disable,Disable,Disable,Disable,Disable,Disable,Disable,Disable,Disable,Disable,Disable,Disable,Disable,Disable,Disable,Disable,Disable,Disablevvvvvvvv,Disable,Disable,Disable,Disable,Disable,Disable,Disable,Disable,Disable,Disable,Disable,Disable,Disable,Disable,Disable,Disable,Disable,
27.04.2022 9:42:52,82,30,55200,55,9290,7630,48000,56000,50000,-100000,3439,3442,3441,3447,3446,3444,3439,3447,3467,3455,3456,3455,3453,3456,3448,3426,3467,9,3426,16,41,23,22,23,23,25,25,33,23,1,22,2,Disable,Disable,Disable,Disable,Disable,Disable,Disable,Disable,Disable,Disable,Disable,Disable,Disable,Disable,Disable,Disable,Disable,Disable,Disable,Disablevvvvvvvv,Disable,Disable,Disable,Disable,Disable,Disable,Disable,Disable,Disable,Disable,Disable,Disable,Disable,Disable,Disable,Disable,Disable,
27.04.2022 9:42:53,82,30,55200,55,9290,7630,48000,56000,50000,-100000,3439,3442,3441,3447,3446,3444,3439,3447,3467,3455,3456,3455,3453,3456,3448,3426,3467,9,3426,16,41,23,22,23,23,25,25,33,23,1,22,2,Disable,Disable,Disable,Disable,Disable,Disable,Disable,Disable,Disable,Disable,Disable,Disable,Disable,Disable,Disable,Disable,Disable,Disable,Disable,Disablevvvvvvvv,Disable,Disable,Disable,Disable,Disable,Disable,Disable,Disable,Disable,Disable,Disable,Disable,Disable,Disable,Disable,Disable,Disable,
27.04.2022 9:42:54,82,30,55200,55,9290,7630,48000,56000,50000,-100000,3439,3442,3441,3447,3446,3444,3439,3447,3467,3455,3456,3455,3453,3456,3448,3426,3467,9,3426,16,41,23,22,23,23,25,25,33,23,1,22,2,Disable,Disable,Disable,Disable,Disable,Disable,Disable,Disable,Disable,Disable,Disable,Disable,Disable,Disable,Disable,Disable,Disable,Disable,Disable,Disablevvvvvvvv,Disable,Disable,Disable,Disable,Disable,Disable,Disable,Disable,Disable,Disable,Disable,Disable,Disable,Disable,Disable,Disable,Disable,
27.04.2022 9:42:55,82,30,55200,55,9290,7640,48000,56000,50000,-100000,3429,3432,3431,3438,3437,3434,3428,3434,3455,3442,3445,3445,3445,3449,3444,3426,3455,9,3426,16,29,23,22,23,23,25,25,33,23,1,22,2,Disable,Disable,Disable,Disable,Disable,Disable,Disable,Disable,Disable,Disable,Disable,Disable,Disable,Disable,Disable,Disable,Disable,Disable,Disable,Disablevvvvvvvv,Disable,Disable,Disable,Disable,Disable,Disable,Disable,Disable,Disable,Disable,Disable,Disable,Disable,Disable,Disable,Disable,Disable,
27.04.2022 9:42:56,82,30,55200,55,9290,7640,48000,56000,50000,-100000,3429,3432,3431,3438,3437,3434,3428,3434,3455,3442,3445,3445,3445,3449,3444,3426,3455,9,3426,16,29,23,22,23,23,25,25,33,23,1,22,2,Disable,Disable,Disable,Disable,Disable,Disable,Disable,Disable,Disable,Disable,Disable,Disable,Disable,Disable,Disable,Disable,Disable,Disable,Disable,Disablevvvvvvvv,Disable,Disable,Disable,Disable,Disable,Disable,Disable,Disable,Disable,Disable,Disable,Disable,Disable,Disable,Disable,Disable,Disable,
27.04.2022 9:42:57,82,30,55200,55,9290,7640,48000,56000,50000,-100000,3429,3432,3431,3438,3437,3434,3428,3434,3455,3442,3445,3445,3445,3449,3444,3426,3455,9,3426,16,29,23,22,23,23,25,25,33,23,1,22,2,Disable,Disable,Disable,Disable,Disable,Disable,Disable,Disable,Disable,Disable,Disable,Disable,Disable,Disable,Disable,Disable,Disable,Disable,Disable,Disablevvvvvvvv,Disable,Disable,Disable,Disable,Disable,Disable,Disable,Disable,Disable,Disable,Disable,Disable,Disable,Disable,Disable,Disable,Disable,
27.04.2022 9:42:58,82,30,55200,54,9290,7650,48000,56000,50000,-100000,3415,3418,3416,3423,3423,3420,3415,3419,3436,3427,3430,3430,3428,3431,3427,3413,3436,9,3413,16,23,23,22,23,23,25,25,33,23,1,22,2,Disable,Disable,Disable,Disable,Disable,Disable,Disable,Disable,Disable,Disable,Disable,Disable,Disable,Disable,Disable,Disable,Disable,Disable,Disable,Disablevvvvvvvv,Disable,Disable,Disable,Disable,Disable,Disable,Disable,Disable,Disable,Disable,Disable,Disable,Disable,Disable,Disable,Disable,Disable,
27.04.2022 9:42:59,82,30,55200,54,9290,7650,48000,56000,50000,-100000,3415,3418,3416,3423,3423,3420,3415,3419,3436,3427,3430,3430,3428,3431,3427,3413,3436,9,3413,16,23,23,22,23,23,25,25,33,23,1,22,2,Disable,Disable,Disable,Disable,Disable,Disable,Disable,Disable,Disable,Disable,Disable,Disable,Disable,Disable,Disable,Disable,Disable,Disable,Disable,Disablevvvvvvvv,Disable,Disable,Disable,Disable,Disable,Disable,Disable,Disable,Disable,Disable,Disable,Disable,Disable,Disable,Disable,Disable,Disable,
27.04.2022 9:43:00,82,30,55200,54,9290,7650,48000,56000,50000,-100000,3415,3418,3416,3423,3423,3420,3415,3419,3436,3427,3430,3430,3428,3431,3427,3413,3436,9,3413,16,23,23,22,23,23,25,25,33,23,1,22,2,Disable,Disable,Disable,Disable,Disable,Disable,Disable,Disable,Disable,Disable,Disable,Disable,Disable,Disable,Disable,Disable,Disable,Disable,Disable,Disablevvvvvvvv,Disable,Disable,Disable,Disable,Disable,Disable,Disable,Disable,Disable,Disable,Disable,Disable,Disable,Disable,Disable,Disable,Disable,
27.04.2022 9:43:01,82,30,55200,54,9290,7650,48000,56000,50000,-100000,3415,3418,3416,3423,3423,3420,3415,3419,3436,3427,3430,3430,3428,3431,3427,3413,3436,9,3413,16,23,23,22,23,23,25,25,33,23,1,22,2,Disable,Disable,Disable,Disable,Disable,Disable,Disable,Disable,Disable,Disable,Disable,Disable,Disable,Disable,Disable,Disable,Disable,Disable,Disable,Disablevvvvvvvv,Disable,Disable,Disable,Disable,Disable,Disable,Disable,Disable,Disable,Disable,Disable,Disable,Disable,Disable,Disable,Disable,Disable,
27.04.2022 9:43:02,82,30,55200,55,9290,7650,48000,56000,50000,-100000,3438,3441,3440,3446,3445,3443,3438,3445,3465,3453,3454,3454,3452,3455,3448,3427,3465,9,3427,16,38,23,22,23,23,25,25,33,23,1,22,2,Disable,Disable,Disable,Disable,Disable,Disable,Disable,Disable,Disable,Disable,Disable,Disable,Disable,Disable,Disable,Disable,Disable,Disable,Disable,Disablevvvvvvvv,Disable,Disable,Disable,Disable,Disable,Disable,Disable,Disable,Disable,Disable,Disable,Disable,Disable,Disable,Disable,Disable,Disable,
27.04.2022 9:43:03,82,30,55200,55,9290,7650,48000,56000,50000,-100000,3438,3441,3440,3446,3445,3443,3438,3445,3465,3453,3454,3454,3452,3455,3448,3427,3465,9,3427,16,38,23,22,23,23,25,25,33,23,1,22,2,Disable,Disable,Disable,Disable,Disable,Disable,Disable,Disable,Disable,Disable,Disable,Disable,Disable,Disable,Disable,Disable,Disable,Disable,Disable,Disablevvvvvvvv,Disable,Disable,Disable,Disable,Disable,Disable,Disable,Disable,Disable,Disable,Disable,Disable,Disable,Disable,Disable,Disable,Disable,
27.04.2022 9:43:04,82,30,55200,55,9290,7650,48000,56000,50000,-100000,3438,3441,3440,3446,3445,3443,3438,3445,3465,3453,3454,3454,3452,3455,3448,3427,3465,9,3427,16,38,23,22,23,23,25,25,33,23,1,22,2,Disable,Disable,Disable,Disable,Disable,Disable,Disable,Disable,Disable,Disable,Disable,Disable,Disable,Disable,Disable,Disable,Disable,Disable,Disable,Disablevvvvvvvv,Disable,Disable,Disable,Disable,Disable,Disable,Disable,Disable,Disable,Disable,Disable,Disable,Disable,Disable,Disable,Disable,Disable,
27.04.2022 9:43:05,82,30,55200,54,9290,7660,48000,56000,50000,-100000,3421,3424,3423,3430,3429,3426,3421,3425,3444,3433,3437,3437,3436,3440,3436,3421,3444,9,3421,1,23,23,22,23,23,25,25,33,23,1,22,2,Disable,Disable,Disable,Disable,Disable,Disable,Disable,Disable,Disable,Disable,Disable,Disable,Disable,Disable,Disable,Disable,Disable,Disable,Disable,Disablevvvvvvvv,Disable,Disable,Disable,Disable,Disable,Disable,Disable,Disable,Disable,Disable,Disable,Disable,Disable,Disable,Disable,Disable,Disable,
27.04.2022 9:43:06,82,30,55200,54,9290,7660,48000,56000,50000,-100000,3421,3424,3423,3430,3429,3426,3421,3425,3444,3433,3437,3437,3436,3440,3436,3421,3444,9,3421,1,23,23,22,23,23,25,25,33,23,1,22,2,Disable,Disable,Disable,Disable,Disable,Disable,Disable,Disable,Disable,Disable,Disable,Disable,Disable,Disable,Disable,Disable,Disable,Disable,Disable,Disablevvvvvvvv,Disable,Disable,Disable,Disable,Disable,Disable,Disable,Disable,Disable,Disable,Disable,Disable,Disable,Disable,Disable,Disable,Disable,
27.04.2022 9:43:07,82,30,55200,54,9290,7660,48000,56000,50000,-100000,3421,3424,3423,3430,3429,3426,3421,3425,3444,3433,3437,3437,3436,3440,3436,3421,3444,9,3421,1,23,23,22,23,23,25,25,33,23,1,22,2,Disable,Disable,Disable,Disable,Disable,Disable,Disable,Disable,Disable,Disable,Disable,Disable,Disable,Disable,Disable,Disable,Disable,Disable,Disable,Disablevvvvvvvv,Disable,Disable,Disable,Disable,Disable,Disable,Disable,Disable,Disable,Disable,Disable,Disable,Disable,Disable,Disable,Disable,Disable,
27.04.2022 9:43:08,82,30,55200,54,9290,7670,48000,56000,50000,-100000,3428,3431,3430,3436,3435,3433,3429,3435,3453,3442,3444,3443,3440,3442,3435,3418,3453,9,3418,16,35,23,22,23,23,25,25,33,23,1,22,2,Disable,Disable,Disable,Disable,Disable,Disable,Disable,Disable,Disable,Disable,Disable,Disable,Disable,Disable,Disable,Disable,Disable,Disable,Disable,Disablevvvvvvvv,Disable,Disable,Disable,Disable,Disable,Disable,Disable,Disable,Disable,Disable,Disable,Disable,Disable,Disable,Disable,Disable,Disable,
27.04.2022 9:43:09,82,30,55200,54,9290,7670,48000,56000,50000,-100000,3428,3431,3430,3436,3435,3433,3429,3435,3453,3442,3444,3443,3440,3442,3435,3418,3453,9,3418,16,35,23,22,23,23,25,25,33,23,1,22,2,Disable,Disable,Disable,Disable,Disable,Disable,Disable,Disable,Disable,Disable,Disable,Disable,Disable,Disable,Disable,Disable,Disable,Disable,Disable,Disablevvvvvvvv,Disable,Disable,Disable,Disable,Disable,Disable,Disable,Disable,Disable,Disable,Disable,Disable,Disable,Disable,Disable,Disable,Disable,
27.04.2022 9:43:10,82,30,55200,54,9290,7670,48000,56000,50000,-100000,3428,3431,3430,3436,3435,3433,3429,3435,3453,3442,3444,3443,3440,3442,3435,3418,3453,9,3418,16,35,23,22,23,23,25,25,33,23,1,22,2,Disable,Disable,Disable,Disable,Disable,Disable,Disable,Disable,Disable,Disable,Disable,Disable,Disable,Disable,Disable,Disable,Disable,Disable,Disable,Disablevvvvvvvv,Disable,Disable,Disable,Disable,Disable,Disable,Disable,Disable,Disable,Disable,Disable,Disable,Disable,Disable,Disable,Disable,Disable,
27.04.2022 9:43:11,82,30,55200,54,9290,7670,48000,56000,50000,-100000,3428,3431,3430,3436,3435,3433,3429,3435,3453,3442,3444,3443,3440,3442,3435,3418,3453,9,3418,16,35,23,22,23,23,25,25,33,23,1,22,2,Disable,Disable,Disable,Disable,Disable,Disable,Disable,Disable,Disable,Disable,Disable,Disable,Disable,Disable,Disable,Disable,Disable,Disable,Disable,Disablevvvvvvvv,Disable,Disable,Disable,Disable,Disable,Disable,Disable,Disable,Disable,Disable,Disable,Disable,Disable,Disable,Disable,Disable,Disable,
27.04.2022 9:43:12,82,30,55200,55,9290,7680,48000,56000,50000,-100000,3434,3438,3436,3443,3442,3439,3434,3440,3461,3448,3451,3451,3450,3453,3448,3428,3461,9,3428,16,33,23,22,23,23,25,25,33,23,1,22,2,Disable,Disable,Disable,Disable,Disable,Disable,Disable,Disable,Disable,Disable,Disable,Disable,Disable,Disable,Disable,Disable,Disable,Disable,Disable,Disablevvvvvvvv,Disable,Disable,Disable,Disable,Disable,Disable,Disable,Disable,Disable,Disable,Disable,Disable,Disable,Disable,Disable,Disable,Disable,
27.04.2022 9:43:13,82,30,55200,55,9290,7680,48000,56000,50000,-100000,3434,3438,3436,3443,3442,3439,3434,3440,3461,3448,3451,3451,3450,3453,3448,3428,3461,9,3428,16,33,23,22,23,23,25,25,33,23,1,22,2,Disable,Disable,Disable,Disable,Disable,Disable,Disable,Disable,Disable,Disable,Disable,Disable,Disable,Disable,Disable,Disable,Disable,Disable,Disable,Disablevvvvvvvv,Disable,Disable,Disable,Disable,Disable,Disable,Disable,Disable,Disable,Disable,Disable,Disable,Disable,Disable,Disable,Disable,Disable,
27.04.2022 9:43:14,82,30,55200,55,9290,7680,48000,56000,50000,-100000,3434,3438,3436,3443,3442,3439,3434,3440,3461,3448,3451,3451,3450,3453,3448,3428,3461,9,3428,16,33,23,22,23,23,25,25,33,23,1,22,2,Disable,Disable,Disable,Disable,Disable,Disable,Disable,Disable,Disable,Disable,Disable,Disable,Disable,Disable,Disable,Disable,Disable,Disable,Disable,Disablevvvvvvvv,Disable,Disable,Disable,Disable,Disable,Disable,Disable,Disable,Disable,Disable,Disable,Disable,Disable,Disable,Disable,Disable,Disable,
27.04.2022 9:43:15,82,31,55200,54,9290,7680,48000,56000,50000,-100000,3421,3424,3423,3429,3429,3426,3421,3426,3444,3434,3437,3437,3435,3437,3433,3418,3444,9,3418,16,26,23,22,23,23,25,25,33,23,1,22,2,Disable,Disable,Disable,Disable,Disable,Disable,Disable,Disable,Disable,Disable,Disable,Disable,Disable,Disable,Disable,Disable,Disable,Disable,Disable,Disablevvvvvvvv,Disable,Disable,Disable,Disable,Disable,Disable,Disable,Disable,Disable,Disable,Disable,Disable,Disable,Disable,Disable,Disable,Disable,
27.04.2022 9:43:16,82,31,55200,54,9290,7680,48000,56000,50000,-100000,3421,3424,3423,3429,3429,3426,3421,3426,3444,3434,3437,3437,3435,3437,3433,3418,3444,9,3418,16,26,23,22,23,23,25,25,33,23,1,22,2,Disable,Disable,Disable,Disable,Disable,Disable,Disable,Disable,Disable,Disable,Disable,Disable,Disable,Disable,Disable,Disable,Disable,Disable,Disable,Disablevvvvvvvv,Disable,Disable,Disable,Disable,Disable,Disable,Disable,Disable,Disable,Disable,Disable,Disable,Disable,Disable,Disable,Disable,Disable,
27.04.2022 9:43:17,82,31,55200,54,9290,7680,48000,56000,50000,-100000,3421,3424,3423,3429,3429,3426,3421,3426,3444,3434,3437,3437,3435,3437,3433,3418,3444,9,3418,16,26,23,22,23,23,25,25,33,23,1,22,2,Disable,Disable,Disable,Disable,Disable,Disable,Disable,Disable,Disable,Disable,Disable,Disable,Disable,Disable,Disable,Disable,Disable,Disable,Disable,Disablevvvvvvvv,Disable,Disable,Disable,Disable,Disable,Disable,Disable,Disable,Disable,Disable,Disable,Disable,Disable,Disable,Disable,Disable,Disable,
27.04.2022 9:43:18,82,30,55200,55,9290,7690,48000,56000,50000,-100000,3421,3443,3441,3447,3447,3445,3439,3447,3468,3454,3456,3456,3454,3457,3451,3430,3468,9,3430,16,38,23,22,23,23,25,25,33,23,1,22,2,Disable,Disable,Disable,Disable,Disable,Disable,Disable,Disable,Disable,Disable,Disable,Disable,Disable,Disable,Disable,Disable,Disable,Disable,Disable,Disablevvvvvvvv,Disable,Disable,Disable,Disable,Disable,Disable,Disable,Disable,Disable,Disable,Disable,Disable,Disable,Disable,Disable,Disable,Disable,
27.04.2022 9:43:19,82,30,55200,55,9290,7690,48000,56000,50000,-100000,3440,3443,3441,3447,3447,3445,3439,3447,3468,3454,3456,3456,3454,3457,3451,3430,3468,9,3430,16,38,23,22,23,23,25,25,33,23,1,22,2,Disable,Disable,Disable,Disable,Disable,Disable,Disable,Disable,Disable,Disable,Disable,Disable,Disable,Disable,Disable,Disable,Disable,Disable,Disable,Disablevvvvvvvv,Disable,Disable,Disable,Disable,Disable,Disable,Disable,Disable,Disable,Disable,Disable,Disable,Disable,Disable,Disable,Disable,Disable,
27.04.2022 9:43:20,82,30,55200,55,9290,7690,48000,56000,50000,-100000,3440,3443,3441,3447,3447,3445,3439,3447,3468,3454,3456,3456,3454,3457,3451,3430,3468,9,3430,16,38,23,22,23,23,25,25,33,23,1,22,2,Disable,Disable,Disable,Disable,Disable,Disable,Disable,Disable,Disable,Disable,Disable,Disable,Disable,Disable,Disable,Disable,Disable,Disable,Disable,Disablevvvvvvvv,Disable,Disable,Disable,Disable,Disable,Disable,Disable,Disable,Disable,Disable,Disable,Disable,Disable,Disable,Disable,Disable,Disable,
27.04.2022 9:43:21,82,30,55200,55,9290,7690,48000,56000,50000,-100000,3440,3443,3441,3447,3447,3445,3439,3447,3468,3454,3456,3456,3454,3457,3451,3430,3468,9,3430,16,38,23,22,23,23,25,25,33,23,1,22,2,Disable,Disable,Disable,Disable,Disable,Disable,Disable,Disable,Disable,Disable,Disable,Disable,Disable,Disable,Disable,Disable,Disable,Disable,Disable,Disablevvvvvvvv,Disable,Disable,Disable,Disable,Disable,Disable,Disable,Disable,Disable,Disable,Disable,Disable,Disable,Disable,Disable,Disable,Disable,
27.04.2022 9:43:22,82,30,55200,54,9290,7700,48000,56000,50000,-100000,3420,3423,3421,3428,3428,3425,3419,3424,3442,3432,3436,3435,3433,3436,3432,3417,3442,9,3417,16,25,23,22,23,23,25,25,33,23,1,22,2,Disable,Disable,Disable,Disable,Disable,Disable,Disable,Disable,Disable,Disable,Disable,Disable,Disable,Disable,Disable,Disable,Disable,Disable,Disable,Disablevvvvvvvv,Disable,Disable,Disable,Disable,Disable,Disable,Disable,Disable,Disable,Disable,Disable,Disable,Disable,Disable,Disable,Disable,Disable,
27.04.2022 9:43:23,82,30,55200,54,9290,7700,48000,56000,50000,-100000,3420,3423,3421,3428,3428,3425,3419,3424,3442,3432,3436,3435,3433,3436,3432,3417,3442,9,3417,16,25,23,22,23,23,25,25,33,23,1,22,2,Disable,Disable,Disable,Disable,Disable,Disable,Disable,Disable,Disable,Disable,Disable,Disable,Disable,Disable,Disable,Disable,Disable,Disable,Disable,Disablevvvvvvvv,Disable,Disable,Disable,Disable,Disable,Disable,Disable,Disable,Disable,Disable,Disable,Disable,Disable,Disable,Disable,Disable,Disable,
27.04.2022 9:43:24,82,30,55200,54,9290,7700,48000,56000,50000,-100000,3420,3423,3421,3428,3428,3425,3419,3424,3442,3432,3436,3435,3433,3436,3432,3417,3442,9,3417,16,25,23,22,23,23,25,25,33,23,1,22,2,Disable,Disable,Disable,Disable,Disable,Disable,Disable,Disable,Disable,Disable,Disable,Disable,Disable,Disable,Disable,Disable,Disable,Disable,Disable,Disablevvvvvvvv,Disable,Disable,Disable,Disable,Disable,Disable,Disable,Disable,Disable,Disable,Disable,Disable,Disable,Disable,Disable,Disable,Disable,
27.04.2022 9:43:25,82,30,55300,55,9290,7710,48000,56000,50000,-100000,3439,3443,3441,3447,3446,3444,3440,3447,3467,3454,3456,3455,3452,3455,3447,3426,3467,9,3426,16,41,23,22,23,23,25,25,33,23,1,22,2,Disable,Disable,Disable,Disable,Disable,Disable,Disable,Disable,Disable,Disable,Disable,Disable,Disable,Disable,Disable,Disable,Disable,Disable,Disable,Disablevvvvvvvv,Disable,Disable,Disable,Disable,Disable,Disable,Disable,Disable,Disable,Disable,Disable,Disable,Disable,Disable,Disable,Disable,Disable,
27.04.2022 9:43:26,82,30,55300,55,9290,7710,48000,56000,50000,-100000,3439,3443,3441,3447,3446,3444,3440,3447,3467,3454,3456,3455,3452,3455,3447,3426,3467,9,3426,16,41,23,22,23,23,25,25,33,23,1,22,2,Disable,Disable,Disable,Disable,Disable,Disable,Disable,Disable,Disable,Disable,Disable,Disable,Disable,Disable,Disable,Disable,Disable,Disable,Disable,Disablevvvvvvvv,Disable,Disable,Disable,Disable,Disable,Disable,Disable,Disable,Disable,Disable,Disable,Disable,Disable,Disable,Disable,Disable,Disable,
27.04.2022 9:43:27,82,30,55300,55,9290,7710,48000,56000,50000,-100000,3439,3443,3441,3447,3446,3444,3440,3447,3467,3454,3456,3455,3452,3455,3447,3426,3467,9,3426,16,41,23,22,23,23,25,25,33,23,1,22,2,Disable,Disable,Disable,Disable,Disable,Disable,Disable,Disable,Disable,Disable,Disable,Disable,Disable,Disable,Disable,Disable,Disable,Disable,Disable,Disablevvvvvvvv,Disable,Disable,Disable,Disable,Disable,Disable,Disable,Disable,Disable,Disable,Disable,Disable,Disable,Disable,Disable,Disable,Disable,
27.04.2022 9:43:28,82,30,55300,55,9290,7710,48000,56000,50000,-100000,3439,3443,3441,3447,3446,3444,3440,3447,3467,3454,3456,3455,3452,3455,3447,3426,3467,9,3426,16,41,23,22,23,23,25,25,33,23,1,22,2,Disable,Disable,Disable,Disable,Disable,Disable,Disable,Disable,Disable,Disable,Disable,Disable,Disable,Disable,Disable,Disable,Disable,Disable,Disable,Disablevvvvvvvv,Disable,Disable,Disable,Disable,Disable,Disable,Disable,Disable,Disable,Disable,Disable,Disable,Disable,Disable,Disable,Disable,Disable,
27.04.2022 9:43:29,83,30,55300,55,9290,7720,48000,56000,50000,-100000,3432,3435,3434,3440,3440,3437,3431,3437,3458,3445,3449,3449,3448,3452,3448,3429,3458,9,3429,16,29,23,22,23,23,25,25,33,23,1,22,2,Disable,Disable,Disable,Disable,Disable,Disable,Disable,Disable,Disable,Disable,Disable,Disable,Disable,Disable,Disable,Disable,Disable,Disable,Disable,Disablevvvvvvvv,Disable,Disable,Disable,Disable,Disable,Disable,Disable,Disable,Disable,Disable,Disable,Disable,Disable,Disable,Disable,Disable,Disable,
27.04.2022 9:43:30,83,30,55300,55,9290,7720,48000,56000,50000,-100000,3432,3435,3434,3440,3440,3437,3431,3437,3458,3445,3449,3449,3448,3452,3448,3429,3458,9,3429,16,29,23,22,23,23,25,25,33,23,1,22,2,Disable,Disable,Disable,Disable,Disable,Disable,Disable,Disable,Disable,Disable,Disable,Disable,Disable,Disable,Disable,Disable,Disable,Disable,Disable,Disablevvvvvvvv,Disable,Disable,Disable,Disable,Disable,Disable,Disable,Disable,Disable,Disable,Disable,Disable,Disable,Disable,Disable,Disable,Disable,
27.04.2022 9:43:31,83,30,55300,55,9290,7720,48000,56000,50000,-100000,3432,3435,3434,3440,3440,3437,3431,3437,3458,3445,3449,3449,3448,3452,3448,3429,3458,9,3429,16,29,23,22,23,23,25,25,33,23,1,22,2,Disable,Disable,Disable,Disable,Disable,Disable,Disable,Disable,Disable,Disable,Disable,Disable,Disable,Disable,Disable,Disable,Disable,Disable,Disable,Disablevvvvvvvv,Disable,Disable,Disable,Disable,Disable,Disable,Disable,Disable,Disable,Disable,Disable,Disable,Disable,Disable,Disable,Disable,Disable,
27.04.2022 9:43:32,83,30,55200,54,9290,7720,48000,56000,50000,-100000,3416,3420,3418,3425,3424,3422,3416,3420,3438,3428,3432,3432,3430,3433,3428,3415,3438,9,3415,16,23,23,22,23,23,25,25,33,23,1,22,2,Disable,Disable,Disable,Disable,Disable,Disable,Disable,Disable,Disable,Disable,Disable,Disable,Disable,Disable,Disable,Disable,Disable,Disable,Disable,Disablevvvvvvvv,Disable,Disable,Disable,Disable,Disable,Disable,Disable,Disable,Disable,Disable,Disable,Disable,Disable,Disable,Disable,Disable,Disable,
27.04.2022 9:43:33,83,30,55200,54,9290,7720,48000,56000,50000,-100000,3416,3420,3418,3425,3424,3422,3416,3420,3438,3428,3432,3432,3430,3433,3428,3415,3438,9,3415,16,23,23,22,23,23,25,25,33,23,1,22,2,Disable,Disable,Disable,Disable,Disable,Disable,Disable,Disable,Disable,Disable,Disable,Disable,Disable,Disable,Disable,Disable,Disable,Disable,Disable,Disablevvvvvvvv,Disable,Disable,Disable,Disable,Disable,Disable,Disable,Disable,Disable,Disable,Disable,Disable,Disable,Disable,Disable,Disable,Disable,
27.04.2022 9:43:34,83,30,55200,54,9290,7720,48000,56000,50000,-100000,3416,3420,3418,3425,3424,3422,3416,3420,3438,3428,3432,3432,3430,3433,3428,3415,3438,9,3415,16,23,23,22,23,23,25,25,33,23,1,22,2,Disable,Disable,Disable,Disable,Disable,Disable,Disable,Disable,Disable,Disable,Disable,Disable,Disable,Disable,Disable,Disable,Disable,Disable,Disable,Disablevvvvvvvv,Disable,Disable,Disable,Disable,Disable,Disable,Disable,Disable,Disable,Disable,Disable,Disable,Disable,Disable,Disable,Disable,Disable,
27.04.2022 9:43:35,83,30,55300,54,9290,7730,48000,56000,50000,-100000,3428,3431,3429,3435,3435,3433,3428,3434,3452,3441,3444,3443,3440,3441,3435,3418,3452,9,3418,16,34,23,22,23,23,25,25,33,23,1,22,2,Disable,Disable,Disable,Disable,Disable,Disable,Disable,Disable,Disable,Disable,Disable,Disable,Disable,Disable,Disable,Disable,Disable,Disable,Disable,Disablevvvvvvvv,Disable,Disable,Disable,Disable,Disable,Disable,Disable,Disable,Disable,Disable,Disable,Disable,Disable,Disable,Disable,Disable,Disable,
27.04.2022 9:43:36,83,30,55300,54,9290,7730,48000,56000,50000,-100000,3428,3431,3429,3435,3435,3433,3428,3434,3452,3441,3444,3443,3440,3441,3435,3418,3452,9,3418,16,34,23,22,23,23,25,25,33,23,1,22,2,Disable,Disable,Disable,Disable,Disable,Disable,Disable,Disable,Disable,Disable,Disable,Disable,Disable,Disable,Disable,Disable,Disable,Disable,Disable,Disablevvvvvvvv,Disable,Disable,Disable,Disable,Disable,Disable,Disable,Disable,Disable,Disable,Disable,Disable,Disable,Disable,Disable,Disable,Disable,
27.04.2022 9:43:37,83,30,55300,54,9290,7730,48000,56000,50000,-100000,3428,3431,3429,3435,3435,3433,3428,3434,3452,3441,3444,3443,3440,3441,3435,3418,3452,9,3418,16,34,23,22,23,23,25,25,33,23,1,22,2,Disable,Disable,Disable,Disable,Disable,Disable,Disable,Disable,Disable,Disable,Disable,Disable,Disable,Disable,Disable,Disable,Disable,Disable,Disable,Disablevvvvvvvv,Disable,Disable,Disable,Disable,Disable,Disable,Disable,Disable,Disable,Disable,Disable,Disable,Disable,Disable,Disable,Disable,Disable,
27.04.2022 9:43:38,83,30,55300,54,9290,7730,48000,56000,50000,-100000,3428,3431,3429,3435,3435,3433,3428,3434,3452,3441,3444,3443,3440,3441,3435,3418,3452,9,3418,16,34,23,22,23,23,25,25,33,23,1,22,2,Disable,Disable,Disable,Disable,Disable,Disable,Disable,Disable,Disable,Disable,Disable,Disable,Disable,Disable,Disable,Disable,Disable,Disable,Disable,Disablevvvvvvvv,Disable,Disable,Disable,Disable,Disable,Disable,Disable,Disable,Disable,Disable,Disable,Disable,Disable,Disable,Disable,Disable,Disable,
27.04.2022 9:43:39,83,30,55200,54,9290,7740,48000,56000,50000,-100000,3429,3433,3431,3437,3436,3434,3430,3436,3454,3443,3446,3445,3441,3443,3436,3419,3454,9,3419,16,35,23,22,23,23,25,25,33,23,1,22,2,Disable,Disable,Disable,Disable,Disable,Disable,Disable,Disable,Disable,Disable,Disable,Disable,Disable,Disable,Disable,Disable,Disable,Disable,Disable,Disablevvvvvvvv,Disable,Disable,Disable,Disable,Disable,Disable,Disable,Disable,Disable,Disable,Disable,Disable,Disable,Disable,Disable,Disable,Disable,
27.04.2022 9:43:40,83,30,55200,54,9290,7740,48000,56000,50000,-100000,3429,3433,3431,3437,3436,3434,3430,3436,3454,3443,3446,3445,3441,3443,3436,3419,3454,9,3419,16,35,23,22,23,23,25,25,33,23,1,22,2,Disable,Disable,Disable,Disable,Disable,Disable,Disable,Disable,Disable,Disable,Disable,Disable,Disable,Disable,Disable,Disable,Disable,Disable,Disable,Disablevvvvvvvv,Disable,Disable,Disable,Disable,Disable,Disable,Disable,Disable,Disable,Disable,Disable,Disable,Disable,Disable,Disable,Disable,Disable,
27.04.2022 9:43:41,83,30,55200,54,9290,7740,48000,56000,50000,-100000,3429,3433,3431,3437,3436,3434,3430,3436,3454,3443,3446,3445,3441,3443,3436,3419,3454,9,3419,16,35,23,22,23,23,25,25,33,23,1,22,2,Disable,Disable,Disable,Disable,Disable,Disable,Disable,Disable,Disable,Disable,Disable,Disable,Disable,Disable,Disable,Disable,Disable,Disable,Disable,Disablevvvvvvvv,Disable,Disable,Disable,Disable,Disable,Disable,Disable,Disable,Disable,Disable,Disable,Disable,Disable,Disable,Disable,Disable,Disable,
27.04.2022 9:43:42,83,30,55200,55,9290,7750,48000,56000,50000,-100000,3443,3447,3445,3451,3450,3448,3443,3451,3472,3458,3460,3460,3458,3461,3454,3433,3472,9,3433,16,39,23,22,23,23,25,25,33,23,1,22,2,Disable,Disable,Disable,Disable,Disable,Disable,Disable,Disable,Disable,Disable,Disable,Disable,Disable,Disable,Disable,Disable,Disable,Disable,Disable,Disablevvvvvvvv,Disable,Disable,Disable,Disable,Disable,Disable,Disable,Disable,Disable,Disable,Disable,Disable,Disable,Disable,Disable,Disable,Disable,
27.04.2022 9:43:43,83,30,55200,55,9290,7750,48000,56000,50000,-100000,3443,3447,3445,3451,3450,3448,3443,3451,3472,3458,3460,3460,3458,3461,3454,3433,3472,9,3433,16,39,23,22,23,23,25,25,33,23,1,22,2,Disable,Disable,Disable,Disable,Disable,Disable,Disable,Disable,Disable,Disable,Disable,Disable,Disable,Disable,Disable,Disable,Disable,Disable,Disable,Disablevvvvvvvv,Disable,Disable,Disable,Disable,Disable,Disable,Disable,Disable,Disable,Disable,Disable,Disable,Disable,Disable,Disable,Disable,Disable,
27.04.2022 9:43:44,83,30,55200,55,9290,7750,48000,56000,50000,-100000,3443,3447,3445,3451,3450,3448,3443,3451,3472,3458,3460,3460,3458,3461,3454,3433,3472,9,3433,16,39,23,22,23,23,25,25,33,23,1,22,2,Disable,Disable,Disable,Disable,Disable,Disable,Disable,Disable,Disable,Disable,Disable,Disable,Disable,Disable,Disable,Disable,Disable,Disable,Disable,Disablevvvvvvvv,Disable,Disable,Disable,Disable,Disable,Disable,Disable,Disable,Disable,Disable,Disable,Disable,Disable,Disable,Disable,Disable,Disable,
27.04.2022 9:43:45,83,30,55300,54,9290,7760,48000,56000,50000,-100000,3423,3426,3425,3431,3431,3428,3422,3426,3447,3435,3439,3440,3438,3442,3439,3424,3447,9,3422,1,25,23,22,23,23,25,25,33,23,1,22,2,Disable,Disable,Disable,Disable,Disable,Disable,Disable,Disable,Disable,Disable,Disable,Disable,Disable,Disable,Disable,Disable,Disable,Disable,Disable,Disablevvvvvvvv,Disable,Disable,Disable,Disable,Disable,Disable,Disable,Disable,Disable,Disable,Disable,Disable,Disable,Disable,Disable,Disable,Disable,
27.04.2022 9:43:46,83,30,55300,54,9290,7760,48000,56000,50000,-100000,3423,3426,3425,3431,3431,3428,3422,3426,3447,3435,3439,3440,3438,3442,3439,3424,3447,9,3422,1,25,23,22,23,23,25,25,33,23,1,22,2,Disable,Disable,Disable,Disable,Disable,Disable,Disable,Disable,Disable,Disable,Disable,Disable,Disable,Disable,Disable,Disable,Disable,Disable,Disable,Disablevvvvvvvv,Disable,Disable,Disable,Disable,Disable,Disable,Disable,Disable,Disable,Disable,Disable,Disable,Disable,Disable,Disable,Disable,Disable,
27.04.2022 9:43:47,83,30,55300,54,9290,7760,48000,56000,50000,-100000,3423,3426,3425,3431,3431,3428,3422,3426,3447,3435,3439,3440,3438,3442,3439,3424,3447,9,3422,1,25,23,22,23,23,25,25,33,23,1,22,2,Disable,Disable,Disable,Disable,Disable,Disable,Disable,Disable,Disable,Disable,Disable,Disable,Disable,Disable,Disable,Disable,Disable,Disable,Disable,Disablevvvvvvvv,Disable,Disable,Disable,Disable,Disable,Disable,Disable,Disable,Disable,Disable,Disable,Disable,Disable,Disable,Disable,Disable,Disable,
27.04.2022 9:43:48,83,30,55300,54,9290,7760,48000,56000,50000,-100000,3423,3426,3425,3431,3431,3428,3422,3426,3447,3435,3439,3440,3438,3442,3439,3424,3447,9,3422,1,25,23,22,23,23,25,25,33,23,1,22,2,Disable,Disable,Disable,Disable,Disable,Disable,Disable,Disable,Disable,Disable,Disable,Disable,Disable,Disable,Disable,Disable,Disable,Disable,Disable,Disablevvvvvvvv,Disable,Disable,Disable,Disable,Disable,Disable,Disable,Disable,Disable,Disable,Disable,Disable,Disable,Disable,Disable,Disable,Disable,
27.04.2022 9:43:49,83,30,55200,54,9290,7760,48000,56000,50000,-100000,3425,3428,3426,3432,3432,3430,3425,3430,3448,3438,3441,3440,3437,3439,3433,3418,3448,9,3418,16,30,23,22,23,23,25,25,33,23,1,22,2,Disable,Disable,Disable,Disable,Disable,Disable,Disable,Disable,Disable,Disable,Disable,Disable,Disable,Disable,Disable,Disable,Disable,Disable,Disable,Disablevvvvvvvv,Disable,Disable,Disable,Disable,Disable,Disable,Disable,Disable,Disable,Disable,Disable,Disable,Disable,Disable,Disable,Disable,Disable,
27.04.2022 9:43:50,83,30,55200,54,9290,7760,48000,56000,50000,-100000,3425,3428,3426,3432,3432,3430,3425,3430,3448,3438,3441,3440,3437,3439,3433,3418,3448,9,3418,16,30,23,22,23,23,25,25,33,23,1,22,2,Disable,Disable,Disable,Disable,Disable,Disable,Disable,Disable,Disable,Disable,Disable,Disable,Disable,Disable,Disable,Disable,Disable,Disable,Disable,Disablevvvvvvvv,Disable,Disable,Disable,Disable,Disable,Disable,Disable,Disable,Disable,Disable,Disable,Disable,Disable,Disable,Disable,Disable,Disable,
27.04.2022 9:43:51,83,30,55200,54,9290,7760,48000,56000,50000,-100000,3425,3428,3426,3432,3432,3430,3425,3430,3448,3438,3441,3440,3437,3439,3433,3418,3448,9,3418,16,30,23,22,23,23,25,25,33,23,1,22,2,Disable,Disable,Disable,Disable,Disable,Disable,Disable,Disable,Disable,Disable,Disable,Disable,Disable,Disable,Disable,Disable,Disable,Disable,Disable,Disablevvvvvvvv,Disable,Disable,Disable,Disable,Disable,Disable,Disable,Disable,Disable,Disable,Disable,Disable,Disable,Disable,Disable,Disable,Disable,
27.04.2022 9:43:52,83,30,55200,55,9290,7770,48000,56000,50000,-100000,3442,3445,3444,3450,3449,3447,3442,3449,3470,3457,3459,3459,3456,3460,3453,3432,3470,9,3432,16,38,23,22,23,23,25,25,33,23,1,22,2,Disable,Disable,Disable,Disable,Disable,Disable,Disable,Disable,Disable,Disable,Disable,Disable,Disable,Disable,Disable,Disable,Disable,Disable,Disable,Disablevvvvvvvv,Disable,Disable,Disable,Disable,Disable,Disable,Disable,Disable,Disable,Disable,Disable,Disable,Disable,Disable,Disable,Disable,Disable,
27.04.2022 9:43:53,83,30,55200,55,9290,7770,48000,56000,50000,-100000,3442,3445,3444,3450,3449,3447,3442,3449,3470,3457,3459,3459,3456,3460,3453,3432,3470,9,3432,16,38,23,22,23,23,25,25,33,23,1,22,2,Disable,Disable,Disable,Disable,Disable,Disable,Disable,Disable,Disable,Disable,Disable,Disable,Disable,Disable,Disable,Disable,Disable,Disable,Disable,Disablevvvvvvvv,Disable,Disable,Disable,Disable,Disable,Disable,Disable,Disable,Disable,Disable,Disable,Disable,Disable,Disable,Disable,Disable,Disable,
27.04.2022 9:43:54,83,30,55200,55,9290,7770,48000,56000,50000,-100000,3442,3445,3444,3450,3449,3447,3442,3449,3470,3457,3459,3459,3456,3460,3453,3432,3470,9,3432,16,38,23,22,23,23,25,25,33,23,1,22,2,Disable,Disable,Disable,Disable,Disable,Disable,Disable,Disable,Disable,Disable,Disable,Disable,Disable,Disable,Disable,Disable,Disable,Disable,Disable,Disablevvvvvvvv,Disable,Disable,Disable,Disable,Disable,Disable,Disable,Disable,Disable,Disable,Disable,Disable,Disable,Disable,Disable,Disable,Disable,
27.04.2022 9:43:55,83,30,55300,54,9290,7780,48000,56000,50000,-100000,3418,3422,3420,3427,3426,3424,3418,3422,3441,3430,3435,3435,3432,3436,3432,3419,3441,9,3418,1,23,23,22,23,23,25,25,33,23,1,22,2,Disable,Disable,Disable,Disable,Disable,Disable,Disable,Disable,Disable,Disable,Disable,Disable,Disable,Disable,Disable,Disable,Disable,Disable,Disable,Disablevvvvvvvv,Disable,Disable,Disable,Disable,Disable,Disable,Disable,Disable,Disable,Disable,Disable,Disable,Disable,Disable,Disable,Disable,Disable,
27.04.2022 9:43:56,83,30,55300,54,9290,7780,48000,56000,50000,-100000,3418,3422,3420,3427,3426,3424,3418,3422,3441,3430,3435,3435,3432,3436,3432,3419,3441,9,3418,1,23,23,22,23,23,25,25,33,23,1,22,2,Disable,Disable,Disable,Disable,Disable,Disable,Disable,Disable,Disable,Disable,Disable,Disable,Disable,Disable,Disable,Disable,Disable,Disable,Disable,Disablevvvvvvvv,Disable,Disable,Disable,Disable,Disable,Disable,Disable,Disable,Disable,Disable,Disable,Disable,Disable,Disable,Disable,Disable,Disable,
27.04.2022 9:43:57,83,30,55300,54,9290,7780,48000,56000,50000,-100000,3418,3422,3420,3427,3426,3424,3418,3422,3441,3430,3435,3435,3432,3436,3432,3419,3441,9,3418,1,23,23,22,23,23,25,25,33,23,1,22,2,Disable,Disable,Disable,Disable,Disable,Disable,Disable,Disable,Disable,Disable,Disable,Disable,Disable,Disable,Disable,Disable,Disable,Disable,Disable,Disablevvvvvvvv,Disable,Disable,Disable,Disable,Disable,Disable,Disable,Disable,Disable,Disable,Disable,Disable,Disable,Disable,Disable,Disable,Disable,
27.04.2022 9:43:58,83,30,55300,54,9290,7780,48000,56000,50000,-100000,3418,3422,3420,3427,3426,3424,3418,3422,3441,3430,3435,3435,3432,3436,3432,3419,3441,9,3418,1,23,23,22,23,23,25,25,33,23,1,22,2,Disable,Disable,Disable,Disable,Disable,Disable,Disable,Disable,Disable,Disable,Disable,Disable,Disable,Disable,Disable,Disable,Disable,Disable,Disable,Disablevvvvvvvv,Disable,Disable,Disable,Disable,Disable,Disable,Disable,Disable,Disable,Disable,Disable,Disable,Disable,Disable,Disable,Disable,Disable,
27.04.2022 9:43:59,83,30,55200,55,9290,7780,48000,56000,50000,-100000,3431,3435,3433,3439,3438,3436,3432,3438,3456,3445,3448,3447,3443,3445,3438,3420,3456,9,3420,16,36,23,23,23,23,25,25,33,23,1,23,1,Disable,Disable,Disable,Disable,Disable,Disable,Disable,Disable,Disable,Disable,Disable,Disable,Disable,Disable,Disable,Disable,Disable,Disable,Disable,Disablevvvvvvvv,Disable,Disable,Disable,Disable,Disable,Disable,Disable,Disable,Disable,Disable,Disable,Disable,Disable,Disable,Disable,Disable,Disable,
27.04.2022 9:44:00,83,30,55200,55,9290,7780,48000,56000,50000,-100000,3431,3435,3433,3439,3438,3436,3432,3438,3456,3445,3448,3447,3443,3445,3438,3420,3456,9,3420,16,36,23,23,23,23,25,25,33,23,1,23,1,Disable,Disable,Disable,Disable,Disable,Disable,Disable,Disable,Disable,Disable,Disable,Disable,Disable,Disable,Disable,Disable,Disable,Disable,Disable,Disablevvvvvvvv,Disable,Disable,Disable,Disable,Disable,Disable,Disable,Disable,Disable,Disable,Disable,Disable,Disable,Disable,Disable,Disable,Disable,
27.04.2022 9:44:01,83,30,55200,55,9290,7780,48000,56000,50000,-100000,3431,3435,3433,3439,3438,3436,3432,3438,3456,3445,3448,3447,3443,3445,3438,3420,3456,9,3420,16,36,23,23,23,23,25,25,33,23,1,23,1,Disable,Disable,Disable,Disable,Disable,Disable,Disable,Disable,Disable,Disable,Disable,Disable,Disable,Disable,Disable,Disable,Disable,Disable,Disable,Disablevvvvvvvv,Disable,Disable,Disable,Disable,Disable,Disable,Disable,Disable,Disable,Disable,Disable,Disable,Disable,Disable,Disable,Disable,Disable,
27.04.2022 9:44:02,83,30,55200,55,9290,7800,48000,56000,50000,-100000,3444,3448,3446,3452,3451,3449,3444,3451,3473,3459,3461,3461,3458,3462,3455,3434,3473,9,3434,16,39,23,23,23,23,25,25,33,23,1,23,1,Disable,Disable,Disable,Disable,Disable,Disable,Disable,Disable,Disable,Disable,Disable,Disable,Disable,Disable,Disable,Disable,Disable,Disable,Disable,Disablevvvvvvvv,Disable,Disable,Disable,Disable,Disable,Disable,Disable,Disable,Disable,Disable,Disable,Disable,Disable,Disable,Disable,Disable,Disable,
27.04.2022 9:44:03,83,30,55200,55,9290,7800,48000,56000,50000,-100000,3444,3448,3446,3452,3451,3449,3444,3451,3473,3459,3461,3461,3458,3462,3455,3434,3473,9,3434,16,39,23,23,23,23,25,25,33,23,1,23,1,Disable,Disable,Disable,Disable,Disable,Disable,Disable,Disable,Disable,Disable,Disable,Disable,Disable,Disable,Disable,Disable,Disable,Disable,Disable,Disablevvvvvvvv,Disable,Disable,Disable,Disable,Disable,Disable,Disable,Disable,Disable,Disable,Disable,Disable,Disable,Disable,Disable,Disable,Disable,
27.04.2022 9:44:04,83,30,55200,55,9290,7800,48000,56000,50000,-100000,3444,3448,3446,3452,3451,3449,3444,3451,3473,3459,3461,3461,3458,3462,3455,3434,3473,9,3434,16,39,23,23,23,23,25,25,33,23,1,23,1,Disable,Disable,Disable,Disable,Disable,Disable,Disable,Disable,Disable,Disable,Disable,Disable,Disable,Disable,Disable,Disable,Disable,Disable,Disable,Disablevvvvvvvv,Disable,Disable,Disable,Disable,Disable,Disable,Disable,Disable,Disable,Disable,Disable,Disable,Disable,Disable,Disable,Disable,Disable,
27.04.2022 9:44:05,83,30,55200,54,9290,7800,48000,56000,50000,-100000,3423,3427,3425,3432,3431,3428,3423,3427,3447,3435,3440,3440,3439,3443,3440,3425,3473,9,3434,16,39,23,23,23,23,25,25,33,23,1,23,1,Disable,Disable,Disable,Disable,Disable,Disable,Disable,Disable,Disable,Disable,Disable,Disable,Disable,Disable,Disable,Disable,Disable,Disable,Disable,Disablevvvvvvvv,Disable,Disable,Disable,Disable,Disable,Disable,Disable,Disable,Disable,Disable,Disable,Disable,Disable,Disable,Disable,Disable,Disable,
27.04.2022 9:44:06,83,30,55300,54,9290,7800,48000,56000,50000,-100000,3423,3427,3425,3432,3431,3428,3423,3427,3447,3435,3440,3440,3439,3443,3440,3425,3447,9,3423,7,24,23,23,23,23,25,25,33,23,1,23,1,Disable,Disable,Disable,Disable,Disable,Disable,Disable,Disable,Disable,Disable,Disable,Disable,Disable,Disable,Disable,Disable,Disable,Disable,Disable,Disablevvvvvvvv,Disable,Disable,Disable,Disable,Disable,Disable,Disable,Disable,Disable,Disable,Disable,Disable,Disable,Disable,Disable,Disable,Disable,
27.04.2022 9:44:07,83,30,55300,54,9290,7800,48000,56000,50000,-100000,3423,3427,3425,3432,3431,3428,3423,3427,3447,3435,3440,3440,3439,3443,3440,3425,3447,9,3423,7,24,23,23,23,23,25,25,33,23,1,23,1,Disable,Disable,Disable,Disable,Disable,Disable,Disable,Disable,Disable,Disable,Disable,Disable,Disable,Disable,Disable,Disable,Disable,Disable,Disable,Disablevvvvvvvv,Disable,Disable,Disable,Disable,Disable,Disable,Disable,Disable,Disable,Disable,Disable,Disable,Disable,Disable,Disable,Disable,Disable,
27.04.2022 9:44:08,83,30,55300,54,9290,7800,48000,56000,50000,-100000,3423,3427,3425,3432,3431,3428,3423,3427,3447,3435,3440,3440,3439,3443,3440,3425,3447,9,3423,7,24,23,23,23,23,25,25,33,23,1,23,1,Disable,Disable,Disable,Disable,Disable,Disable,Disable,Disable,Disable,Disable,Disable,Disable,Disable,Disable,Disable,Disable,Disable,Disable,Disable,Disablevvvvvvvv,Disable,Disable,Disable,Disable,Disable,Disable,Disable,Disable,Disable,Disable,Disable,Disable,Disable,Disable,Disable,Disable,Disable,
27.04.2022 9:44:09,84,30,55200,54,9290,7810,48000,56000,50000,-100000,3418,3421,3420,3426,3426,3423,3418,3422,3440,3430,3434,3434,3431,3433,3429,3416,3440,9,3416,16,24,23,23,23,24,25,25,33,24,4,23,1,Disable,Disable,Disable,Disable,Disable,Disable,Disable,Disable,Disable,Disable,Disable,Disable,Disable,Disable,Disable,Disable,Disable,Disable,Disable,Disablevvvvvvvv,Disable,Disable,Disable,Disable,Disable,Disable,Disable,Disable,Disable,Disable,Disable,Disable,Disable,Disable,Disable,Disable,Disable,
27.04.2022 9:44:10,84,30,55200,54,9290,7810,48000,56000,50000,-100000,3418,3421,3420,3426,3426,3423,3418,3422,3440,3430,3434,3434,3431,3433,3429,3416,3440,9,3416,16,24,23,23,23,24,25,25,33,24,4,23,1,Disable,Disable,Disable,Disable,Disable,Disable,Disable,Disable,Disable,Disable,Disable,Disable,Disable,Disable,Disable,Disable,Disable,Disable,Disable,Disablevvvvvvvv,Disable,Disable,Disable,Disable,Disable,Disable,Disable,Disable,Disable,Disable,Disable,Disable,Disable,Disable,Disable,Disable,Disable,
27.04.2022 9:44:11,84,30,55200,54,9290,7810,48000,56000,50000,-100000,3418,3421,3420,3426,3426,3423,3418,3422,3440,3430,3434,3434,3431,3433,3429,3416,3440,9,3416,16,24,23,23,23,24,25,25,33,24,4,23,1,Disable,Disable,Disable,Disable,Disable,Disable,Disable,Disable,Disable,Disable,Disable,Disable,Disable,Disable,Disable,Disable,Disable,Disable,Disable,Disablevvvvvvvv,Disable,Disable,Disable,Disable,Disable,Disable,Disable,Disable,Disable,Disable,Disable,Disable,Disable,Disable,Disable,Disable,Disable,
27.04.2022 9:44:12,84,30,55300,55,9290,7820,48000,56000,50000,-100000,3443,3447,3445,3451,3450,3448,3443,3450,3472,3458,3460,3460,3456,3459,3451,3430,3472,9,3430,16,42,23,23,23,24,25,25,33,24,4,23,1,Disable,Disable,Disable,Disable,Disable,Disable,Disable,Disable,Disable,Disable,Disable,Disable,Disable,Disable,Disable,Disable,Disable,Disable,Disable,Disablevvvvvvvv,Disable,Disable,Disable,Disable,Disable,Disable,Disable,Disable,Disable,Disable,Disable,Disable,Disable,Disable,Disable,Disable,Disable,
27.04.2022 9:44:13,84,30,55300,55,9290,7820,48000,56000,50000,-100000,3443,3447,3445,3451,3450,3448,3443,3450,3472,3458,3460,3460,3456,3459,3451,3430,3472,9,3430,16,42,23,23,23,24,25,25,33,24,4,23,1,Disable,Disable,Disable,Disable,Disable,Disable,Disable,Disable,Disable,Disable,Disable,Disable,Disable,Disable,Disable,Disable,Disable,Disable,Disable,Disablevvvvvvvv,Disable,Disable,Disable,Disable,Disable,Disable,Disable,Disable,Disable,Disable,Disable,Disable,Disable,Disable,Disable,Disable,Disable,
27.04.2022 9:44:14,84,30,55300,55,9290,7820,48000,56000,50000,-100000,3443,3447,3445,3451,3450,3448,3443,3450,3472,3458,3460,3460,3456,3459,3451,3430,3472,9,3430,16,42,23,23,23,24,25,25,33,24,4,23,1,Disable,Disable,Disable,Disable,Disable,Disable,Disable,Disable,Disable,Disable,Disable,Disable,Disable,Disable,Disable,Disable,Disable,Disable,Disable,Disablevvvvvvvv,Disable,Disable,Disable,Disable,Disable,Disable,Disable,Disable,Disable,Disable,Disable,Disable,Disable,Disable,Disable,Disable,Disable,
27.04.2022 9:44:15,84,30,55300,55,9290,7820,48000,56000,50000,-100000,3443,3447,3445,3451,3450,3448,3443,3450,3472,3458,3460,3460,3456,3459,3451,3430,3472,9,3430,16,42,23,23,23,24,25,25,33,24,4,23,1,Disable,Disable,Disable,Disable,Disable,Disable,Disable,Disable,Disable,Disable,Disable,Disable,Disable,Disable,Disable,Disable,Disable,Disable,Disable,Disablevvvvvvvv,Disable,Disable,Disable,Disable,Disable,Disable,Disable,Disable,Disable,Disable,Disable,Disable,Disable,Disable,Disable,Disable,Disable,
27.04.2022 9:44:16,84,30,55200,55,9290,7820,48000,56000,50000,-100000,3439,3443,3441,3447,3446,3444,3438,3445,3467,3453,3456,3457,3455,3459,3454,3433,3467,9,3433,16,34,23,23,23,24,25,25,33,24,4,23,1,Disable,Disable,Disable,Disable,Disable,Disable,Disable,Disable,Disable,Disable,Disable,Disable,Disable,Disable,Disable,Disable,Disable,Disable,Disable,Disablevvvvvvvv,Disable,Disable,Disable,Disable,Disable,Disable,Disable,Disable,Disable,Disable,Disable,Disable,Disable,Disable,Disable,Disable,Disable,
27.04.2022 9:44:17,84,30,55200,55,9290,7820,48000,56000,50000,-100000,3439,3443,3441,3447,3446,3444,3438,3445,3467,3453,3456,3457,3455,3459,3454,3433,3467,9,3433,16,34,23,23,23,24,25,25,33,24,4,23,1,Disable,Disable,Disable,Disable,Disable,Disable,Disable,Disable,Disable,Disable,Disable,Disable,Disable,Disable,Disable,Disable,Disable,Disable,Disable,Disablevvvvvvvv,Disable,Disable,Disable,Disable,Disable,Disable,Disable,Disable,Disable,Disable,Disable,Disable,Disable,Disable,Disable,Disable,Disable,
27.04.2022 9:44:18,84,30,55200,55,9290,7820,48000,56000,50000,-100000,3439,3443,3441,3447,3446,3444,3438,3445,3467,3453,3456,3457,3455,3459,3454,3433,3467,9,3433,16,34,23,23,23,24,25,25,33,24,4,23,1,Disable,Disable,Disable,Disable,Disable,Disable,Disable,Disable,Disable,Disable,Disable,Disable,Disable,Disable,Disable,Disable,Disable,Disable,Disable,Disablevvvvvvvv,Disable,Disable,Disable,Disable,Disable,Disable,Disable,Disable,Disable,Disable,Disable,Disable,Disable,Disable,Disable,Disable,Disable,
27.04.2022 9:44:19,84,30,55200,54,9290,7830,48000,56000,50000,-100000,3416,3420,3418,3425,3424,3422,3416,3420,3438,3427,3432,3433,3430,3433,3430,3417,3438,9,3416,1,22,23,23,23,24,25,25,33,24,4,23,1,Disable,Disable,Disable,Disable,Disable,Disable,Disable,Disable,Disable,Disable,Disable,Disable,Disable,Disable,Disable,Disable,Disable,Disable,Disable,Disablevvvvvvvv,Disable,Disable,Disable,Disable,Disable,Disable,Disable,Disable,Disable,Disable,Disable,Disable,Disable,Disable,Disable,Disable,Disable,
27.04.2022 9:44:20,84,30,55200,54,9290,7830,48000,56000,50000,-100000,3416,3420,3418,3425,3424,3422,3416,3420,3438,3427,3432,3433,3430,3433,3430,3417,3438,9,3416,1,22,23,23,23,24,25,25,33,24,4,23,1,Disable,Disable,Disable,Disable,Disable,Disable,Disable,Disable,Disable,Disable,Disable,Disable,Disable,Disable,Disable,Disable,Disable,Disable,Disable,Disablevvvvvvvv,Disable,Disable,Disable,Disable,Disable,Disable,Disable,Disable,Disable,Disable,Disable,Disable,Disable,Disable,Disable,Disable,Disable,
27.04.2022 9:44:21,84,30,55200,54,9290,7830,48000,56000,50000,-100000,3416,3420,3418,3425,3424,3422,3416,3420,3438,3427,3432,3433,3430,3433,3430,3417,3438,9,3416,1,22,23,23,23,24,25,25,33,24,4,23,1,Disable,Disable,Disable,Disable,Disable,Disable,Disable,Disable,Disable,Disable,Disable,Disable,Disable,Disable,Disable,Disable,Disable,Disable,Disable,Disablevvvvvvvv,Disable,Disable,Disable,Disable,Disable,Disable,Disable,Disable,Disable,Disable,Disable,Disable,Disable,Disable,Disable,Disable,Disable,
27.04.2022 9:44:22,84,30,55300,54,9290,7840,48000,56000,50000,-100000,3428,3431,3430,3436,3435,3433,3429,3434,3453,3441,3444,3444,3440,3442,3435,3418,3453,9,3418,16,35,23,23,23,24,25,25,33,24,4,23,1,Disable,Disable,Disable,Disable,Disable,Disable,Disable,Disable,Disable,Disable,Disable,Disable,Disable,Disable,Disable,Disable,Disable,Disable,Disable,Disablevvvvvvvv,Disable,Disable,Disable,Disable,Disable,Disable,Disable,Disable,Disable,Disable,Disable,Disable,Disable,Disable,Disable,Disable,Disable,
27.04.2022 9:44:23,84,30,55300,54,9290,7840,48000,56000,50000,-100000,3428,3431,3430,3436,3435,3433,3429,3434,3453,3441,3444,3444,3440,3442,3435,3418,3453,9,3418,16,35,23,23,23,24,25,25,33,24,4,23,1,Disable,Disable,Disable,Disable,Disable,Disable,Disable,Disable,Disable,Disable,Disable,Disable,Disable,Disable,Disable,Disable,Disable,Disable,Disable,Disablevvvvvvvv,Disable,Disable,Disable,Disable,Disable,Disable,Disable,Disable,Disable,Disable,Disable,Disable,Disable,Disable,Disable,Disable,Disable,
27.04.2022 9:44:24,84,30,55300,54,9290,7840,48000,56000,50000,-100000,3428,3431,3430,3436,3435,3433,3429,3434,3453,3441,3444,3444,3440,3442,3435,3418,3453,9,3418,16,35,23,23,23,24,25,25,33,24,4,23,1,Disable,Disable,Disable,Disable,Disable,Disable,Disable,Disable,Disable,Disable,Disable,Disable,Disable,Disable,Disable,Disable,Disable,Disable,Disable,Disablevvvvvvvv,Disable,Disable,Disable,Disable,Disable,Disable,Disable,Disable,Disable,Disable,Disable,Disable,Disable,Disable,Disable,Disable,Disable,
27.04.2022 9:44:25,84,30,55300,54,9290,7840,48000,56000,50000,-100000,3428,3431,3430,3436,3435,3433,3429,3434,3453,3441,3444,3444,3440,3442,3435,3418,3453,9,3418,16,35,23,23,23,24,25,25,33,24,4,23,1,Disable,Disable,Disable,Disable,Disable,Disable,Disable,Disable,Disable,Disable,Disable,Disable,Disable,Disable,Disable,Disable,Disable,Disable,Disable,Disablevvvvvvvv,Disable,Disable,Disable,Disable,Disable,Disable,Disable,Disable,Disable,Disable,Disable,Disable,Disable,Disable,Disable,Disable,Disable,
27.04.2022 9:44:26,84,30,55200,55,9290,7850,48000,56000,50000,-100000,3445,3448,3446,3452,3451,3449,3445,3452,3474,3459,3462,3462,3459,3463,3456,3434,3474,9,3434,16,40,23,23,23,24,25,25,33,24,4,23,1,Disable,Disable,Disable,Disable,Disable,Disable,Disable,Disable,Disable,Disable,Disable,Disable,Disable,Disable,Disable,Disable,Disable,Disable,Disable,Disablevvvvvvvv,Disable,Disable,Disable,Disable,Disable,Disable,Disable,Disable,Disable,Disable,Disable,Disable,Disable,Disable,Disable,Disable,Disable,
27.04.2022 9:44:27,84,30,55200,55,9290,7850,48000,56000,50000,-100000,3445,3448,3446,3452,3451,3449,3445,3452,3474,3459,3462,3462,3459,3463,3456,3434,3474,9,3434,16,40,23,23,23,24,25,25,33,24,4,23,1,Disable,Disable,Disable,Disable,Disable,Disable,Disable,Disable,Disable,Disable,Disable,Disable,Disable,Disable,Disable,Disable,Disable,Disable,Disable,Disablevvvvvvvv,Disable,Disable,Disable,Disable,Disable,Disable,Disable,Disable,Disable,Disable,Disable,Disable,Disable,Disable,Disable,Disable,Disable,
27.04.2022 9:44:28,84,30,55200,55,9290,7850,48000,56000,50000,-100000,3445,3448,3446,3452,3451,3449,3445,3452,3474,3459,3462,3462,3459,3463,3456,3434,3474,9,3434,16,40,23,23,23,24,25,25,33,24,4,23,1,Disable,Disable,Disable,Disable,Disable,Disable,Disable,Disable,Disable,Disable,Disable,Disable,Disable,Disable,Disable,Disable,Disable,Disable,Disable,Disablevvvvvvvv,Disable,Disable,Disable,Disable,Disable,Disable,Disable,Disable,Disable,Disable,Disable,Disable,Disable,Disable,Disable,Disable,Disable,
27.04.2022 9:44:29,84,30,55200,55,9290,7850,48000,56000,50000,-100000,3445,3448,3446,3452,3451,3449,3445,3452,3474,3459,3462,3462,3459,3463,3456,3434,3474,9,3434,16,40,23,23,23,24,25,25,33,24,4,23,1,Disable,Disable,Disable,Disable,Disable,Disable,Disable,Disable,Disable,Disable,Disable,Disable,Disable,Disable,Disable,Disable,Disable,Disable,Disable,Disablevvvvvvvv,Disable,Disable,Disable,Disable,Disable,Disable,Disable,Disable,Disable,Disable,Disable,Disable,Disable,Disable,Disable,Disable,Disable,
27.04.2022 9:44:30,84,30,55200,55,9290,7850,48000,56000,50000,-100000,3445,3448,3446,3452,3451,3449,3445,3452,3474,3459,3462,3462,3459,3463,3456,3434,3474,9,3434,16,40,23,23,23,24,25,25,33,24,4,23,1,Disable,Disable,Disable,Disable,Disable,Disable,Disable,Disable,Disable,Disable,Disable,Disable,Disable,Disable,Disable,Disable,Disable,Disable,Disable,Disablevvvvvvvv,Disable,Disable,Disable,Disable,Disable,Disable,Disable,Disable,Disable,Disable,Disable,Disable,Disable,Disable,Disable,Disable,Disable,
