﻿时间,SOC(%),电池电流(A),电池电压(mV),堆包电压(V),总容量(mAh),剩余容量(mAh),放电电压(mV),充电电压(mV),充电请求电流(mA),放电请求电流(mA),电芯电压1(mv),电芯电压2(mv),电芯电压3(mv),电芯电压4(mv),电芯电压5(mv),电芯电压6(mv),电芯电压7(mv),电芯电压8(mv),电芯电压9(mv),电芯电压10(mv),电芯电压11(mv),电芯电压12(mv),电芯电压13(mv),电芯电压14(mv),电芯电压15(mv),电芯电压16(mv),最大电芯电压(mv),最大电芯序列,最小电芯电压(mv),最小电芯序列,电芯压差(mv),电芯温度(℃),电芯温度(℃),电芯温度(℃),电芯温度(℃),MOS温度(℃),MOS温度(℃),环境温度(℃),最大温度(℃),最大温度序列,最小温度(℃),最小温度序列,电芯过压告警,电芯欠压告警,总压过压告警,总压欠压告警,充电过温告警,充电欠温告警,放电过温告警,放电欠温告警,环境过温告警,环境欠温告警,MOS过温,充电过流告警,放电过流告警,压差告警,温差告警,电芯过压故障,电芯欠压故障,总压过压故障,总压欠压故障,充电过温故障,充电欠温故障,放电过温故障,放电欠温故障,环境过温故障,环境欠温故障,MOS过温故障,充电过流故障,放电过流故障,压差故障,温差故障,预充故障,禁止充电故障,硬件充电过流故障,硬件放电过流故障,硬件电芯过压故障,充电保护丢失,放电保护丢失
15.06.2022 9:18:49,8,16,52800,52,9390,820,49600,56000,50000,0,3271,3275,3274,3274,3275,3277,3273,3275,3285,3280,3279,3279,3280,3283,3281,3279,3285,9,3271,1,14,24,24,24,25,25,25,33,25,3,24,1,Disable,Disable,Disable,Disable,Disable,Disable,Disable,Disable,Disable,Disable,Disable,Disable,Disable,Disable,Disable,Disable,Disable,Disable,Disable,Disablevvvvvvvv,Disable,Disable,Disable,Disable,Disable,Disable,Disable,Disable,Disable,Disable,Disable,Disable,Disable,Disable,Disable,Disable,Disable,
15.06.2022 9:18:50,8,16,52800,52,9390,820,49600,56000,50000,0,3271,3275,3274,3274,3275,3277,3273,3275,3285,3280,3279,3279,3280,3283,3281,3279,3285,9,3271,1,14,24,24,24,25,25,25,33,25,3,24,1,Disable,Disable,Disable,Disable,Disable,Disable,Disable,Disable,Disable,Disable,Disable,Disable,Disable,Disable,Disable,Disable,Disable,Disable,Disable,Disablevvvvvvvv,Disable,Disable,Disable,Disable,Disable,Disable,Disable,Disable,Disable,Disable,Disable,Disable,Disable,Disable,Disable,Disable,Disable,
15.06.2022 9:18:51,8,16,52800,52,9390,820,49600,56000,50000,0,3271,3275,3274,3274,3275,3277,3273,3275,3285,3280,3279,3279,3280,3283,3281,3279,3285,9,3271,1,14,24,24,24,25,25,25,33,25,3,24,1,Disable,Disable,Disable,Disable,Disable,Disable,Disable,Disable,Disable,Disable,Disable,Disable,Disable,Disable,Disable,Disable,Disable,Disable,Disable,Disablevvvvvvvv,Disable,Disable,Disable,Disable,Disable,Disable,Disable,Disable,Disable,Disable,Disable,Disable,Disable,Disable,Disable,Disable,Disable,
15.06.2022 9:18:52,8,16,52800,52,9390,830,49600,56000,50000,0,3271,3275,3274,3274,3275,3277,3273,3275,3285,3280,3279,3279,3280,3283,3281,3279,3285,9,3271,1,14,24,24,24,25,25,25,33,25,4,24,1,Disable,Disable,Disable,Disable,Disable,Disable,Disable,Disable,Disable,Disable,Disable,Disable,Disable,Disable,Disable,Disable,Disable,Disable,Disable,Disablevvvvvvvv,Disable,Disable,Disable,Disable,Disable,Disable,Disable,Disable,Disable,Disable,Disable,Disable,Disable,Disable,Disable,Disable,Disable,
15.06.2022 9:18:53,8,16,52800,52,9390,830,49600,56000,50000,0,3271,3275,3274,3274,3275,3277,3273,3275,3285,3280,3279,3279,3280,3283,3281,3279,3285,9,3271,1,14,24,24,24,25,25,25,33,25,4,24,1,Disable,Disable,Disable,Disable,Disable,Disable,Disable,Disable,Disable,Disable,Disable,Disable,Disable,Disable,Disable,Disable,Disable,Disable,Disable,Disablevvvvvvvv,Disable,Disable,Disable,Disable,Disable,Disable,Disable,Disable,Disable,Disable,Disable,Disable,Disable,Disable,Disable,Disable,Disable,
15.06.2022 9:18:54,8,16,52800,52,9390,830,49600,56000,50000,0,3271,3275,3274,3274,3275,3277,3273,3275,3285,3280,3279,3279,3280,3283,3281,3279,3285,9,3271,1,14,24,24,24,25,25,25,33,25,4,24,1,Disable,Disable,Disable,Disable,Disable,Disable,Disable,Disable,Disable,Disable,Disable,Disable,Disable,Disable,Disable,Disable,Disable,Disable,Disable,Disablevvvvvvvv,Disable,Disable,Disable,Disable,Disable,Disable,Disable,Disable,Disable,Disable,Disable,Disable,Disable,Disable,Disable,Disable,Disable,
15.06.2022 9:18:55,8,16,52800,52,9390,830,49600,56000,50000,0,3271,3275,3274,3274,3275,3277,3273,3275,3285,3280,3279,3279,3280,3283,3281,3279,3285,9,3271,1,14,24,24,24,25,25,25,33,25,4,24,1,Disable,Disable,Disable,Disable,Disable,Disable,Disable,Disable,Disable,Disable,Disable,Disable,Disable,Disable,Disable,Disable,Disable,Disable,Disable,Disablevvvvvvvv,Disable,Disable,Disable,Disable,Disable,Disable,Disable,Disable,Disable,Disable,Disable,Disable,Disable,Disable,Disable,Disable,Disable,
15.06.2022 9:18:56,8,16,52800,52,9390,830,49600,56000,50000,0,3271,3275,3274,3274,3275,3277,3272,3275,3285,3280,3279,3279,3280,3283,3281,3279,3285,9,3271,1,14,24,24,25,25,25,25,33,25,3,24,1,Disable,Disable,Disable,Disable,Disable,Disable,Disable,Disable,Disable,Disable,Disable,Disable,Disable,Disable,Disable,Disable,Disable,Disable,Disable,Disablevvvvvvvv,Disable,Disable,Disable,Disable,Disable,Disable,Disable,Disable,Disable,Disable,Disable,Disable,Disable,Disable,Disable,Disable,Disable,
15.06.2022 9:18:57,8,16,52800,52,9390,830,49600,56000,50000,0,3271,3275,3274,3274,3275,3277,3272,3275,3285,3280,3279,3279,3280,3283,3281,3279,3285,9,3271,1,14,24,24,25,25,25,25,33,25,3,24,1,Disable,Disable,Disable,Disable,Disable,Disable,Disable,Disable,Disable,Disable,Disable,Disable,Disable,Disable,Disable,Disable,Disable,Disable,Disable,Disablevvvvvvvv,Disable,Disable,Disable,Disable,Disable,Disable,Disable,Disable,Disable,Disable,Disable,Disable,Disable,Disable,Disable,Disable,Disable,
15.06.2022 9:18:58,8,16,52800,52,9390,830,49600,56000,50000,0,3271,3275,3274,3274,3275,3277,3272,3275,3285,3280,3279,3279,3280,3283,3281,3279,3285,9,3271,1,14,24,24,25,25,25,25,33,25,3,24,1,Disable,Disable,Disable,Disable,Disable,Disable,Disable,Disable,Disable,Disable,Disable,Disable,Disable,Disable,Disable,Disable,Disable,Disable,Disable,Disablevvvvvvvv,Disable,Disable,Disable,Disable,Disable,Disable,Disable,Disable,Disable,Disable,Disable,Disable,Disable,Disable,Disable,Disable,Disable,
15.06.2022 9:18:59,8,16,52800,52,9390,830,49600,56000,50000,0,3271,3275,3274,3274,3276,3277,3273,3275,3285,3280,3279,3279,3280,3283,3281,3279,3285,9,3271,1,14,24,24,24,25,25,25,33,25,4,24,1,Disable,Disable,Disable,Disable,Disable,Disable,Disable,Disable,Disable,Disable,Disable,Disable,Disable,Disable,Disable,Disable,Disable,Disable,Disable,Disablevvvvvvvv,Disable,Disable,Disable,Disable,Disable,Disable,Disable,Disable,Disable,Disable,Disable,Disable,Disable,Disable,Disable,Disable,Disable,
15.06.2022 9:19:00,8,16,52800,52,9390,830,49600,56000,50000,0,3271,3275,3274,3274,3276,3277,3273,3275,3285,3280,3279,3279,3280,3283,3281,3279,3285,9,3271,1,14,24,24,24,25,25,25,33,25,4,24,1,Disable,Disable,Disable,Disable,Disable,Disable,Disable,Disable,Disable,Disable,Disable,Disable,Disable,Disable,Disable,Disable,Disable,Disable,Disable,Disablevvvvvvvv,Disable,Disable,Disable,Disable,Disable,Disable,Disable,Disable,Disable,Disable,Disable,Disable,Disable,Disable,Disable,Disable,Disable,
15.06.2022 9:19:01,8,16,52800,52,9390,830,49600,56000,50000,0,3271,3275,3274,3274,3276,3277,3273,3275,3285,3280,3279,3279,3280,3283,3281,3279,3285,9,3271,1,14,24,24,24,25,25,25,33,25,4,24,1,Disable,Disable,Disable,Disable,Disable,Disable,Disable,Disable,Disable,Disable,Disable,Disable,Disable,Disable,Disable,Disable,Disable,Disable,Disable,Disablevvvvvvvv,Disable,Disable,Disable,Disable,Disable,Disable,Disable,Disable,Disable,Disable,Disable,Disable,Disable,Disable,Disable,Disable,Disable,
15.06.2022 9:19:02,8,16,52800,52,9390,830,49600,56000,50000,0,3271,3275,3274,3274,3276,3277,3273,3275,3285,3280,3279,3279,3280,3283,3281,3279,3285,9,3271,1,14,24,24,24,25,25,25,33,25,4,24,1,Disable,Disable,Disable,Disable,Disable,Disable,Disable,Disable,Disable,Disable,Disable,Disable,Disable,Disable,Disable,Disable,Disable,Disable,Disable,Disablevvvvvvvv,Disable,Disable,Disable,Disable,Disable,Disable,Disable,Disable,Disable,Disable,Disable,Disable,Disable,Disable,Disable,Disable,Disable,
15.06.2022 9:19:03,8,16,52800,52,9390,830,49600,56000,50000,0,3271,3275,3274,3274,3276,3277,3273,3275,3285,3280,3279,3279,3280,3283,3281,3279,3285,9,3271,1,14,24,24,24,25,25,25,33,25,4,24,1,Disable,Disable,Disable,Disable,Disable,Disable,Disable,Disable,Disable,Disable,Disable,Disable,Disable,Disable,Disable,Disable,Disable,Disable,Disable,Disablevvvvvvvv,Disable,Disable,Disable,Disable,Disable,Disable,Disable,Disable,Disable,Disable,Disable,Disable,Disable,Disable,Disable,Disable,Disable,
15.06.2022 9:19:04,8,16,52800,52,9390,830,49600,56000,50000,0,3271,3275,3274,3274,3276,3277,3273,3275,3285,3280,3279,3279,3280,3283,3281,3279,3285,9,3271,1,14,24,24,24,25,25,25,33,25,4,24,1,Disable,Disable,Disable,Disable,Disable,Disable,Disable,Disable,Disable,Disable,Disable,Disable,Disable,Disable,Disable,Disable,Disable,Disable,Disable,Disablevvvvvvvv,Disable,Disable,Disable,Disable,Disable,Disable,Disable,Disable,Disable,Disable,Disable,Disable,Disable,Disable,Disable,Disable,Disable,
15.06.2022 9:19:05,8,16,52800,52,9390,830,49600,56000,50000,0,3271,3275,3274,3274,3276,3277,3273,3275,3285,3280,3279,3279,3280,3283,3281,3279,3285,9,3271,1,14,24,24,24,25,25,25,33,25,4,24,1,Disable,Disable,Disable,Disable,Disable,Disable,Disable,Disable,Disable,Disable,Disable,Disable,Disable,Disable,Disable,Disable,Disable,Disable,Disable,Disablevvvvvvvv,Disable,Disable,Disable,Disable,Disable,Disable,Disable,Disable,Disable,Disable,Disable,Disable,Disable,Disable,Disable,Disable,Disable,
15.06.2022 9:19:06,8,16,52800,52,9390,830,49600,56000,50000,0,3271,3275,3274,3274,3275,3277,3273,3275,3285,3280,3279,3279,3280,3283,3281,3279,3285,9,3271,1,14,24,24,25,25,25,25,33,25,3,24,1,Disable,Disable,Disable,Disable,Disable,Disable,Disable,Disable,Disable,Disable,Disable,Disable,Disable,Disable,Disable,Disable,Disable,Disable,Disable,Disablevvvvvvvv,Disable,Disable,Disable,Disable,Disable,Disable,Disable,Disable,Disable,Disable,Disable,Disable,Disable,Disable,Disable,Disable,Disable,
15.06.2022 9:19:07,8,16,52800,52,9390,830,49600,56000,50000,0,3271,3275,3274,3274,3275,3277,3273,3275,3285,3280,3279,3279,3280,3283,3281,3279,3285,9,3271,1,14,24,24,25,25,25,25,33,25,3,24,1,Disable,Disable,Disable,Disable,Disable,Disable,Disable,Disable,Disable,Disable,Disable,Disable,Disable,Disable,Disable,Disable,Disable,Disable,Disable,Disablevvvvvvvv,Disable,Disable,Disable,Disable,Disable,Disable,Disable,Disable,Disable,Disable,Disable,Disable,Disable,Disable,Disable,Disable,Disable,
15.06.2022 9:19:08,8,16,52800,52,9390,830,49600,56000,50000,0,3271,3275,3274,3274,3275,3277,3273,3275,3285,3280,3279,3279,3280,3283,3281,3279,3285,9,3271,1,14,24,24,25,25,25,25,33,25,3,24,1,Disable,Disable,Disable,Disable,Disable,Disable,Disable,Disable,Disable,Disable,Disable,Disable,Disable,Disable,Disable,Disable,Disable,Disable,Disable,Disablevvvvvvvv,Disable,Disable,Disable,Disable,Disable,Disable,Disable,Disable,Disable,Disable,Disable,Disable,Disable,Disable,Disable,Disable,Disable,
15.06.2022 9:19:09,8,16,52800,52,9390,830,49600,56000,50000,0,3271,3275,3274,3275,3276,3277,3273,3275,3286,3280,3279,3279,3280,3283,3281,3279,3286,9,3271,1,15,24,24,24,25,25,25,33,25,4,24,1,Disable,Disable,Disable,Disable,Disable,Disable,Disable,Disable,Disable,Disable,Disable,Disable,Disable,Disable,Disable,Disable,Disable,Disable,Disable,Disablevvvvvvvv,Disable,Disable,Disable,Disable,Disable,Disable,Disable,Disable,Disable,Disable,Disable,Disable,Disable,Disable,Disable,Disable,Disable,
15.06.2022 9:19:10,8,16,52800,52,9390,830,49600,56000,50000,0,3271,3275,3274,3275,3276,3277,3273,3275,3286,3280,3279,3279,3280,3283,3281,3279,3286,9,3271,1,15,24,24,24,25,25,25,33,25,4,24,1,Disable,Disable,Disable,Disable,Disable,Disable,Disable,Disable,Disable,Disable,Disable,Disable,Disable,Disable,Disable,Disable,Disable,Disable,Disable,Disablevvvvvvvv,Disable,Disable,Disable,Disable,Disable,Disable,Disable,Disable,Disable,Disable,Disable,Disable,Disable,Disable,Disable,Disable,Disable,
15.06.2022 9:19:11,8,16,52800,52,9390,830,49600,56000,50000,0,3271,3275,3274,3275,3276,3277,3273,3275,3286,3280,3279,3279,3280,3283,3281,3279,3286,9,3271,1,15,24,24,24,25,25,25,33,25,4,24,1,Disable,Disable,Disable,Disable,Disable,Disable,Disable,Disable,Disable,Disable,Disable,Disable,Disable,Disable,Disable,Disable,Disable,Disable,Disable,Disablevvvvvvvv,Disable,Disable,Disable,Disable,Disable,Disable,Disable,Disable,Disable,Disable,Disable,Disable,Disable,Disable,Disable,Disable,Disable,
15.06.2022 9:19:12,8,16,52800,52,9390,830,49600,56000,50000,0,3271,3275,3274,3274,3276,3278,3273,3275,3286,3280,3279,3279,3280,3283,3281,3279,3286,9,3271,1,15,24,24,24,25,25,25,33,25,4,24,1,Disable,Disable,Disable,Disable,Disable,Disable,Disable,Disable,Disable,Disable,Disable,Disable,Disable,Disable,Disable,Disable,Disable,Disable,Disable,Disablevvvvvvvv,Disable,Disable,Disable,Disable,Disable,Disable,Disable,Disable,Disable,Disable,Disable,Disable,Disable,Disable,Disable,Disable,Disable,
15.06.2022 9:19:13,8,16,52800,52,9390,830,49600,56000,50000,0,3271,3275,3274,3274,3276,3278,3273,3275,3286,3280,3279,3279,3280,3283,3281,3279,3286,9,3271,1,15,24,24,24,25,25,25,33,25,4,24,1,Disable,Disable,Disable,Disable,Disable,Disable,Disable,Disable,Disable,Disable,Disable,Disable,Disable,Disable,Disable,Disable,Disable,Disable,Disable,Disablevvvvvvvv,Disable,Disable,Disable,Disable,Disable,Disable,Disable,Disable,Disable,Disable,Disable,Disable,Disable,Disable,Disable,Disable,Disable,
15.06.2022 9:19:14,8,16,52800,52,9390,830,49600,56000,50000,0,3271,3275,3274,3274,3276,3278,3273,3275,3286,3280,3279,3279,3280,3283,3281,3279,3286,9,3271,1,15,24,24,24,25,25,25,33,25,4,24,1,Disable,Disable,Disable,Disable,Disable,Disable,Disable,Disable,Disable,Disable,Disable,Disable,Disable,Disable,Disable,Disable,Disable,Disable,Disable,Disablevvvvvvvv,Disable,Disable,Disable,Disable,Disable,Disable,Disable,Disable,Disable,Disable,Disable,Disable,Disable,Disable,Disable,Disable,Disable,
15.06.2022 9:19:16,8,16,52800,52,9390,830,49600,56000,50000,0,3271,3275,3274,3274,3276,3278,3273,3275,3286,3280,3279,3279,3280,3283,3281,3279,3286,9,3271,1,15,24,24,24,25,25,25,33,25,4,24,1,Disable,Disable,Disable,Disable,Disable,Disable,Disable,Disable,Disable,Disable,Disable,Disable,Disable,Disable,Disable,Disable,Disable,Disable,Disable,Disablevvvvvvvv,Disable,Disable,Disable,Disable,Disable,Disable,Disable,Disable,Disable,Disable,Disable,Disable,Disable,Disable,Disable,Disable,Disable,
