﻿时间,SOC(%),电池电流(A),电池电压(mV),堆包电压(V),总容量(mAh),剩余容量(mAh),放电电压(mV),充电电压(mV),充电请求电流(mA),放电请求电流(mA),电芯电压1(mv),电芯电压2(mv),电芯电压3(mv),电芯电压4(mv),电芯电压5(mv),电芯电压6(mv),电芯电压7(mv),电芯电压8(mv),电芯电压9(mv),电芯电压10(mv),电芯电压11(mv),电芯电压12(mv),电芯电压13(mv),电芯电压14(mv),电芯电压15(mv),电芯电压16(mv),最大电芯电压(mv),最大电芯序列,最小电芯电压(mv),最小电芯序列,电芯压差(mv),电芯温度(℃),电芯温度(℃),电芯温度(℃),电芯温度(℃),MOS温度(℃),MOS温度(℃),环境温度(℃),最大温度(℃),最大温度序列,最小温度(℃),最小温度序列,电芯过压告警,电芯欠压告警,总压过压告警,总压欠压告警,充电过温告警,充电欠温告警,放电过温告警,放电欠温告警,环境过温告警,环境欠温告警,MOS过温,充电过流告警,放电过流告警,压差告警,温差告警,电芯过压故障,电芯欠压故障,总压过压故障,总压欠压故障,充电过温故障,充电欠温故障,放电过温故障,放电欠温故障,环境过温故障,环境欠温故障,MOS过温故障,充电过流故障,放电过流故障,压差故障,温差故障,预充故障,禁止充电故障,硬件充电过流故障,硬件放电过流故障,硬件电芯过压故障,充电保护丢失,放电保护丢失
10.06.2022 9:41:00,0,0,42900,42,9390,0,48000,56000,50000,0,2656,2660,2668,2666,2659,2667,2676,2676,2670,2656,2668,2660,2667,2667,2680,2665,2680,15,2656,1,24,24,24,24,24,24,24,29,24,1,24,1,Disable,Enable,Disable,Enable,Disable,Disable,Disable,Disable,Disable,Disable,Disable,Disable,Disable,Disable,Disable,Disable,Enable,Disable,Enable,Disablevvvvvvvv,Disable,Disable,Disable,Disable,Disable,Disable,Disable,Disable,Disable,Disable,Disable,Disable,Disable,Disable,Disable,Disable,Disable,
10.06.2022 9:41:01,0,0,43000,42,9390,0,48000,56000,50000,0,2658,2662,2670,2668,2661,2669,2677,2678,2671,2657,2670,2662,2670,2669,2683,2669,2683,15,2657,10,26,24,24,24,24,24,24,29,24,1,24,1,Disable,Enable,Disable,Enable,Disable,Disable,Disable,Disable,Disable,Disable,Disable,Disable,Disable,Disable,Disable,Disable,Enable,Disable,Enable,Disablevvvvvvvv,Disable,Disable,Disable,Disable,Disable,Disable,Disable,Disable,Disable,Disable,Disable,Disable,Disable,Disable,Disable,Disable,Disable,
10.06.2022 9:41:02,0,0,43000,42,9390,0,48000,56000,50000,0,2658,2662,2670,2668,2661,2669,2677,2678,2671,2657,2670,2662,2670,2669,2683,2669,2683,15,2657,10,26,24,24,24,24,24,24,29,24,1,24,1,Disable,Enable,Disable,Enable,Disable,Disable,Disable,Disable,Disable,Disable,Disable,Disable,Disable,Disable,Disable,Disable,Enable,Disable,Enable,Disablevvvvvvvv,Disable,Disable,Disable,Disable,Disable,Disable,Disable,Disable,Disable,Disable,Disable,Disable,Disable,Disable,Disable,Disable,Disable,
10.06.2022 9:41:03,0,0,43000,42,9390,0,48000,56000,50000,0,2658,2662,2670,2668,2661,2669,2677,2678,2671,2657,2670,2662,2670,2669,2683,2669,2683,15,2657,10,26,24,24,24,24,24,24,29,24,1,24,1,Disable,Enable,Disable,Enable,Disable,Disable,Disable,Disable,Disable,Disable,Disable,Disable,Disable,Disable,Disable,Disable,Enable,Disable,Enable,Disablevvvvvvvv,Disable,Disable,Disable,Disable,Disable,Disable,Disable,Disable,Disable,Disable,Disable,Disable,Disable,Disable,Disable,Disable,Disable,
10.06.2022 9:41:04,0,0,43000,42,9390,0,48000,56000,50000,0,2658,2662,2670,2668,2661,2669,2677,2678,2671,2657,2670,2662,2670,2669,2683,2669,2683,15,2657,10,26,24,24,24,24,24,24,29,24,1,24,1,Disable,Enable,Disable,Enable,Disable,Disable,Disable,Disable,Disable,Disable,Disable,Disable,Disable,Disable,Disable,Disable,Enable,Disable,Enable,Disablevvvvvvvv,Disable,Disable,Disable,Disable,Disable,Disable,Disable,Disable,Disable,Disable,Disable,Disable,Disable,Disable,Disable,Disable,Disable,
10.06.2022 9:41:05,0,0,43000,42,9390,0,48000,56000,50000,0,2658,2662,2670,2668,2661,2669,2677,2677,2670,2657,2669,2662,2669,2669,2683,2671,2683,15,2657,10,26,24,24,24,24,24,24,29,24,1,24,1,Disable,Enable,Disable,Enable,Disable,Disable,Disable,Disable,Disable,Disable,Disable,Disable,Disable,Disable,Disable,Disable,Enable,Disable,Enable,Disablevvvvvvvv,Disable,Disable,Disable,Disable,Disable,Disable,Disable,Disable,Disable,Disable,Disable,Disable,Disable,Disable,Disable,Disable,Disable,
10.06.2022 9:41:06,0,0,43000,42,9390,0,48000,56000,50000,0,2658,2662,2670,2668,2661,2669,2677,2677,2670,2657,2669,2662,2669,2669,2683,2671,2683,15,2657,10,26,24,24,24,24,24,24,29,24,1,24,1,Disable,Enable,Disable,Enable,Disable,Disable,Disable,Disable,Disable,Disable,Disable,Disable,Disable,Disable,Disable,Disable,Enable,Disable,Enable,Disablevvvvvvvv,Disable,Disable,Disable,Disable,Disable,Disable,Disable,Disable,Disable,Disable,Disable,Disable,Disable,Disable,Disable,Disable,Disable,
10.06.2022 9:41:07,0,0,43000,42,9390,0,48000,56000,50000,0,2658,2662,2670,2668,2661,2669,2677,2677,2670,2657,2669,2662,2669,2669,2683,2671,2683,15,2657,10,26,24,24,24,24,24,24,29,24,1,24,1,Disable,Enable,Disable,Enable,Disable,Disable,Disable,Disable,Disable,Disable,Disable,Disable,Disable,Disable,Disable,Disable,Enable,Disable,Enable,Disablevvvvvvvv,Disable,Disable,Disable,Disable,Disable,Disable,Disable,Disable,Disable,Disable,Disable,Disable,Disable,Disable,Disable,Disable,Disable,
10.06.2022 9:41:08,0,0,43100,42,9390,0,48000,56000,50000,0,2659,2663,2671,2669,2663,2670,2679,2678,2671,2658,2671,2663,2670,2670,2684,2673,2684,15,2658,10,26,24,24,24,24,24,24,29,24,1,24,1,Disable,Enable,Disable,Enable,Disable,Disable,Disable,Disable,Disable,Disable,Disable,Disable,Disable,Disable,Disable,Disable,Enable,Disable,Enable,Disablevvvvvvvv,Disable,Disable,Disable,Disable,Disable,Disable,Disable,Disable,Disable,Disable,Disable,Disable,Disable,Disable,Disable,Disable,Disable,
10.06.2022 9:41:09,0,0,43100,42,9390,0,48000,56000,50000,0,2659,2663,2671,2669,2663,2670,2679,2678,2671,2658,2671,2663,2670,2670,2684,2673,2684,15,2658,10,26,24,24,24,24,24,24,29,24,1,24,1,Disable,Enable,Disable,Enable,Disable,Disable,Disable,Disable,Disable,Disable,Disable,Disable,Disable,Disable,Disable,Disable,Enable,Disable,Enable,Disablevvvvvvvv,Disable,Disable,Disable,Disable,Disable,Disable,Disable,Disable,Disable,Disable,Disable,Disable,Disable,Disable,Disable,Disable,Disable,
10.06.2022 9:41:10,0,0,43100,42,9390,0,48000,56000,50000,0,2659,2663,2671,2669,2663,2670,2679,2678,2671,2658,2671,2663,2670,2670,2684,2673,2684,15,2658,10,26,24,24,24,24,24,24,29,24,1,24,1,Disable,Enable,Disable,Enable,Disable,Disable,Disable,Disable,Disable,Disable,Disable,Disable,Disable,Disable,Disable,Disable,Enable,Disable,Enable,Disablevvvvvvvv,Disable,Disable,Disable,Disable,Disable,Disable,Disable,Disable,Disable,Disable,Disable,Disable,Disable,Disable,Disable,Disable,Disable,
10.06.2022 9:41:11,0,0,43100,42,9390,0,48000,56000,50000,0,2662,2666,2674,2672,2665,2673,2681,2681,2673,2661,2674,2666,2672,2672,2686,2675,2684,15,2658,10,25,24,24,24,24,24,24,29,24,1,24,1,Disable,Enable,Disable,Enable,Disable,Disable,Disable,Disable,Disable,Disable,Disable,Disable,Disable,Disable,Disable,Disable,Enable,Disable,Enable,Disablevvvvvvvv,Disable,Disable,Disable,Disable,Disable,Disable,Disable,Disable,Disable,Disable,Disable,Disable,Disable,Disable,Disable,Disable,Disable,
10.06.2022 9:41:12,0,0,43100,42,9390,0,48000,56000,50000,0,2662,2666,2674,2672,2665,2673,2681,2681,2673,2661,2674,2666,2672,2672,2686,2675,2686,15,2661,10,25,24,24,24,24,24,24,29,24,1,24,1,Disable,Enable,Disable,Enable,Disable,Disable,Disable,Disable,Disable,Disable,Disable,Disable,Disable,Disable,Disable,Disable,Enable,Disable,Enable,Disablevvvvvvvv,Disable,Disable,Disable,Disable,Disable,Disable,Disable,Disable,Disable,Disable,Disable,Disable,Disable,Disable,Disable,Disable,Disable,
10.06.2022 9:41:13,0,0,43100,42,9390,0,48000,56000,50000,0,2662,2666,2674,2672,2665,2673,2681,2681,2673,2661,2674,2666,2672,2672,2686,2675,2686,15,2661,10,25,24,24,24,24,24,24,29,24,1,24,1,Disable,Enable,Disable,Enable,Disable,Disable,Disable,Disable,Disable,Disable,Disable,Disable,Disable,Disable,Disable,Disable,Enable,Disable,Enable,Disablevvvvvvvv,Disable,Disable,Disable,Disable,Disable,Disable,Disable,Disable,Disable,Disable,Disable,Disable,Disable,Disable,Disable,Disable,Disable,
10.06.2022 9:41:14,0,0,43100,42,9390,0,48000,56000,50000,0,2662,2666,2674,2672,2665,2673,2681,2681,2673,2661,2674,2666,2672,2672,2686,2675,2686,15,2661,10,25,24,24,24,24,24,24,29,24,1,24,1,Disable,Enable,Disable,Enable,Disable,Disable,Disable,Disable,Disable,Disable,Disable,Disable,Disable,Disable,Disable,Disable,Enable,Disable,Enable,Disablevvvvvvvv,Disable,Disable,Disable,Disable,Disable,Disable,Disable,Disable,Disable,Disable,Disable,Disable,Disable,Disable,Disable,Disable,Disable,
10.06.2022 9:41:15,0,0,43200,42,9390,0,48000,56000,50000,0,2666,2670,2678,2676,2669,2676,2685,2685,2677,2665,2678,2670,2676,2675,2689,2679,2689,15,2665,10,24,24,24,24,24,24,24,29,24,1,24,1,Disable,Enable,Disable,Enable,Disable,Disable,Disable,Disable,Disable,Disable,Disable,Disable,Disable,Disable,Disable,Disable,Enable,Disable,Enable,Disablevvvvvvvv,Disable,Disable,Disable,Disable,Disable,Disable,Disable,Disable,Disable,Disable,Disable,Disable,Disable,Disable,Disable,Disable,Disable,
10.06.2022 9:41:16,0,0,43200,42,9390,0,48000,56000,50000,0,2666,2670,2678,2676,2669,2676,2685,2685,2677,2665,2678,2670,2676,2675,2689,2679,2689,15,2665,10,24,24,24,24,24,24,24,29,24,1,24,1,Disable,Enable,Disable,Enable,Disable,Disable,Disable,Disable,Disable,Disable,Disable,Disable,Disable,Disable,Disable,Disable,Enable,Disable,Enable,Disablevvvvvvvv,Disable,Disable,Disable,Disable,Disable,Disable,Disable,Disable,Disable,Disable,Disable,Disable,Disable,Disable,Disable,Disable,Disable,
10.06.2022 9:41:17,0,0,43200,42,9390,0,48000,56000,50000,0,2666,2670,2678,2676,2669,2676,2685,2685,2677,2665,2678,2670,2676,2675,2689,2679,2689,15,2665,10,24,24,24,24,24,24,24,29,24,1,24,1,Disable,Enable,Disable,Enable,Disable,Disable,Disable,Disable,Disable,Disable,Disable,Disable,Disable,Disable,Disable,Disable,Enable,Disable,Enable,Disablevvvvvvvv,Disable,Disable,Disable,Disable,Disable,Disable,Disable,Disable,Disable,Disable,Disable,Disable,Disable,Disable,Disable,Disable,Disable,
10.06.2022 9:41:18,0,0,43300,42,9390,0,48000,56000,50000,0,2674,2678,2686,2684,2677,2684,2693,2693,2685,2672,2685,2677,2684,2685,2698,2687,2698,15,2672,10,26,24,24,24,24,24,24,29,24,1,24,1,Disable,Enable,Disable,Enable,Disable,Disable,Disable,Disable,Disable,Disable,Disable,Disable,Disable,Disable,Disable,Disable,Enable,Disable,Enable,Disablevvvvvvvv,Disable,Disable,Disable,Disable,Disable,Disable,Disable,Disable,Disable,Disable,Disable,Disable,Disable,Disable,Disable,Disable,Disable,
10.06.2022 9:41:19,0,0,43300,42,9390,0,48000,56000,50000,0,2674,2678,2686,2684,2677,2684,2693,2693,2685,2672,2685,2677,2684,2685,2698,2687,2698,15,2672,10,26,24,24,24,24,24,24,29,24,1,24,1,Disable,Enable,Disable,Enable,Disable,Disable,Disable,Disable,Disable,Disable,Disable,Disable,Disable,Disable,Disable,Disable,Enable,Disable,Enable,Disablevvvvvvvv,Disable,Disable,Disable,Disable,Disable,Disable,Disable,Disable,Disable,Disable,Disable,Disable,Disable,Disable,Disable,Disable,Disable,
10.06.2022 9:41:20,0,0,43300,42,9390,0,48000,56000,50000,0,2674,2678,2686,2684,2677,2684,2693,2693,2685,2672,2685,2677,2684,2685,2698,2687,2698,15,2672,10,26,24,24,24,24,24,24,29,24,1,24,1,Disable,Enable,Disable,Enable,Disable,Disable,Disable,Disable,Disable,Disable,Disable,Disable,Disable,Disable,Disable,Disable,Enable,Disable,Enable,Disablevvvvvvvv,Disable,Disable,Disable,Disable,Disable,Disable,Disable,Disable,Disable,Disable,Disable,Disable,Disable,Disable,Disable,Disable,Disable,
10.06.2022 9:41:21,0,0,43300,42,9390,0,48000,56000,50000,0,2674,2678,2686,2684,2677,2684,2693,2693,2685,2672,2685,2677,2684,2685,2698,2687,2698,15,2672,10,26,24,24,24,24,24,24,29,24,1,24,1,Disable,Enable,Disable,Enable,Disable,Disable,Disable,Disable,Disable,Disable,Disable,Disable,Disable,Disable,Disable,Disable,Enable,Disable,Enable,Disablevvvvvvvv,Disable,Disable,Disable,Disable,Disable,Disable,Disable,Disable,Disable,Disable,Disable,Disable,Disable,Disable,Disable,Disable,Disable,
10.06.2022 9:41:22,0,0,43300,42,9390,0,48000,56000,50000,0,2676,2680,2688,2686,2679,2686,2695,2695,2687,2675,2688,2680,2686,2687,2700,2689,2700,15,2675,10,25,24,24,24,24,24,24,29,24,1,24,1,Disable,Enable,Disable,Enable,Disable,Disable,Disable,Disable,Disable,Disable,Disable,Disable,Disable,Disable,Disable,Disable,Enable,Disable,Enable,Disablevvvvvvvv,Disable,Disable,Disable,Disable,Disable,Disable,Disable,Disable,Disable,Disable,Disable,Disable,Disable,Disable,Disable,Disable,Disable,
10.06.2022 9:41:23,0,0,43300,42,9390,0,48000,56000,50000,0,2676,2680,2688,2686,2679,2686,2695,2695,2687,2675,2688,2680,2686,2687,2700,2689,2700,15,2675,10,25,24,24,24,24,24,24,29,24,1,24,1,Disable,Enable,Disable,Enable,Disable,Disable,Disable,Disable,Disable,Disable,Disable,Disable,Disable,Disable,Disable,Disable,Enable,Disable,Enable,Disablevvvvvvvv,Disable,Disable,Disable,Disable,Disable,Disable,Disable,Disable,Disable,Disable,Disable,Disable,Disable,Disable,Disable,Disable,Disable,
10.06.2022 9:41:24,0,0,43300,42,9390,0,48000,56000,50000,0,2676,2680,2688,2686,2679,2686,2695,2695,2687,2675,2688,2680,2686,2687,2700,2689,2700,15,2675,10,25,24,24,24,24,24,24,29,24,1,24,1,Disable,Enable,Disable,Enable,Disable,Disable,Disable,Disable,Disable,Disable,Disable,Disable,Disable,Disable,Disable,Disable,Enable,Disable,Enable,Disablevvvvvvvv,Disable,Disable,Disable,Disable,Disable,Disable,Disable,Disable,Disable,Disable,Disable,Disable,Disable,Disable,Disable,Disable,Disable,
10.06.2022 9:41:26,0,0,43400,43,9390,0,48000,56000,50000,0,2679,2683,2691,2689,2682,2689,2698,2698,2690,2678,2691,2683,2689,2690,2703,2692,2703,15,2678,10,25,24,24,24,24,24,24,29,24,1,24,1,Disable,Enable,Disable,Enable,Disable,Disable,Disable,Disable,Disable,Disable,Disable,Disable,Disable,Disable,Disable,Disable,Enable,Disable,Enable,Disablevvvvvvvv,Disable,Disable,Disable,Disable,Disable,Disable,Disable,Disable,Disable,Disable,Disable,Disable,Disable,Disable,Disable,Disable,Disable,
10.06.2022 9:41:26,0,0,43400,43,9390,0,48000,56000,50000,0,2679,2683,2691,2689,2682,2689,2698,2698,2690,2678,2691,2683,2689,2690,2703,2692,2703,15,2678,10,25,24,24,24,24,24,24,29,24,1,24,1,Disable,Enable,Disable,Enable,Disable,Disable,Disable,Disable,Disable,Disable,Disable,Disable,Disable,Disable,Disable,Disable,Enable,Disable,Enable,Disablevvvvvvvv,Disable,Disable,Disable,Disable,Disable,Disable,Disable,Disable,Disable,Disable,Disable,Disable,Disable,Disable,Disable,Disable,Disable,
10.06.2022 9:41:27,0,0,43400,43,9390,0,48000,56000,50000,0,2679,2683,2691,2689,2682,2689,2698,2698,2690,2678,2691,2683,2689,2690,2703,2692,2703,15,2678,10,25,24,24,24,24,24,24,29,24,1,24,1,Disable,Enable,Disable,Enable,Disable,Disable,Disable,Disable,Disable,Disable,Disable,Disable,Disable,Disable,Disable,Disable,Enable,Disable,Enable,Disablevvvvvvvv,Disable,Disable,Disable,Disable,Disable,Disable,Disable,Disable,Disable,Disable,Disable,Disable,Disable,Disable,Disable,Disable,Disable,
10.06.2022 9:41:29,0,0,43500,43,9390,0,48000,56000,50000,0,2683,2687,2694,2692,2686,2692,2701,2701,2693,2681,2694,2686,2692,2693,2706,2696,2706,15,2681,10,25,24,24,24,24,24,24,29,24,1,24,1,Disable,Enable,Disable,Enable,Disable,Disable,Disable,Disable,Disable,Disable,Disable,Disable,Disable,Disable,Disable,Disable,Enable,Disable,Enable,Disablevvvvvvvv,Disable,Disable,Disable,Disable,Disable,Disable,Disable,Disable,Disable,Disable,Disable,Disable,Disable,Disable,Disable,Disable,Disable,
10.06.2022 9:41:30,0,0,43500,43,9390,0,48000,56000,50000,0,2683,2687,2694,2692,2686,2692,2701,2701,2693,2681,2694,2686,2692,2693,2706,2696,2706,15,2681,10,25,24,24,24,24,24,24,29,24,1,24,1,Disable,Enable,Disable,Enable,Disable,Disable,Disable,Disable,Disable,Disable,Disable,Disable,Disable,Disable,Disable,Disable,Enable,Disable,Enable,Disablevvvvvvvv,Disable,Disable,Disable,Disable,Disable,Disable,Disable,Disable,Disable,Disable,Disable,Disable,Disable,Disable,Disable,Disable,Disable,
10.06.2022 9:41:31,0,0,43500,43,9390,0,48000,56000,50000,0,2683,2687,2694,2692,2686,2692,2701,2701,2693,2681,2694,2686,2692,2693,2706,2696,2706,15,2681,10,25,24,24,24,24,24,24,29,24,1,24,1,Disable,Enable,Disable,Enable,Disable,Disable,Disable,Disable,Disable,Disable,Disable,Disable,Disable,Disable,Disable,Disable,Enable,Disable,Enable,Disablevvvvvvvv,Disable,Disable,Disable,Disable,Disable,Disable,Disable,Disable,Disable,Disable,Disable,Disable,Disable,Disable,Disable,Disable,Disable,
10.06.2022 9:41:32,0,0,43500,43,9390,0,48000,56000,50000,0,2683,2687,2694,2692,2686,2692,2701,2701,2693,2681,2694,2686,2692,2693,2706,2696,2706,15,2681,10,25,24,24,24,24,24,24,29,24,1,24,1,Disable,Enable,Disable,Enable,Disable,Disable,Disable,Disable,Disable,Disable,Disable,Disable,Disable,Disable,Disable,Disable,Enable,Disable,Enable,Disablevvvvvvvv,Disable,Disable,Disable,Disable,Disable,Disable,Disable,Disable,Disable,Disable,Disable,Disable,Disable,Disable,Disable,Disable,Disable,
10.06.2022 9:41:33,0,0,43500,43,9390,0,48000,56000,50000,0,2686,2690,2697,2695,2689,2696,2704,2704,2697,2685,2697,2689,2696,2696,2709,2699,2709,15,2685,10,24,24,24,24,24,24,24,29,24,1,24,1,Disable,Enable,Disable,Enable,Disable,Disable,Disable,Disable,Disable,Disable,Disable,Disable,Disable,Disable,Disable,Disable,Enable,Disable,Enable,Disablevvvvvvvv,Disable,Disable,Disable,Disable,Disable,Disable,Disable,Disable,Disable,Disable,Disable,Disable,Disable,Disable,Disable,Disable,Disable,
10.06.2022 9:41:34,0,0,43500,43,9390,0,48000,56000,50000,0,2686,2690,2697,2695,2689,2696,2704,2704,2697,2685,2697,2689,2696,2696,2709,2699,2709,15,2685,10,24,24,24,24,24,24,24,29,24,1,24,1,Disable,Enable,Disable,Enable,Disable,Disable,Disable,Disable,Disable,Disable,Disable,Disable,Disable,Disable,Disable,Disable,Enable,Disable,Enable,Disablevvvvvvvv,Disable,Disable,Disable,Disable,Disable,Disable,Disable,Disable,Disable,Disable,Disable,Disable,Disable,Disable,Disable,Disable,Disable,
10.06.2022 9:41:35,0,0,43500,43,9390,0,48000,56000,50000,0,2686,2690,2697,2695,2689,2696,2704,2704,2697,2685,2697,2689,2696,2696,2709,2699,2709,15,2685,10,24,24,24,24,24,24,24,29,24,1,24,1,Disable,Enable,Disable,Enable,Disable,Disable,Disable,Disable,Disable,Disable,Disable,Disable,Disable,Disable,Disable,Disable,Enable,Disable,Enable,Disablevvvvvvvv,Disable,Disable,Disable,Disable,Disable,Disable,Disable,Disable,Disable,Disable,Disable,Disable,Disable,Disable,Disable,Disable,Disable,
10.06.2022 9:41:36,0,0,43600,43,9390,0,48000,56000,50000,0,2690,2693,2701,2699,2693,2699,2708,2708,2700,2688,2701,2693,2699,2699,2712,2702,2712,15,2688,10,24,24,24,24,24,25,24,29,24,1,24,1,Disable,Enable,Disable,Enable,Disable,Disable,Disable,Disable,Disable,Disable,Disable,Disable,Disable,Disable,Disable,Disable,Enable,Disable,Enable,Disablevvvvvvvv,Disable,Disable,Disable,Disable,Disable,Disable,Disable,Disable,Disable,Disable,Disable,Disable,Disable,Disable,Disable,Disable,Disable,
10.06.2022 9:41:37,0,0,43600,43,9390,0,48000,56000,50000,0,2690,2693,2701,2699,2693,2699,2708,2708,2700,2688,2701,2693,2699,2699,2712,2702,2712,15,2688,10,24,24,24,24,24,25,24,29,24,1,24,1,Disable,Enable,Disable,Enable,Disable,Disable,Disable,Disable,Disable,Disable,Disable,Disable,Disable,Disable,Disable,Disable,Enable,Disable,Enable,Disablevvvvvvvv,Disable,Disable,Disable,Disable,Disable,Disable,Disable,Disable,Disable,Disable,Disable,Disable,Disable,Disable,Disable,Disable,Disable,
10.06.2022 9:41:38,0,0,43600,43,9390,0,48000,56000,50000,0,2690,2693,2701,2699,2693,2699,2708,2708,2700,2688,2701,2693,2699,2699,2712,2702,2712,15,2688,10,24,24,24,24,24,25,24,29,24,1,24,1,Disable,Enable,Disable,Enable,Disable,Disable,Disable,Disable,Disable,Disable,Disable,Disable,Disable,Disable,Disable,Disable,Enable,Disable,Enable,Disablevvvvvvvv,Disable,Disable,Disable,Disable,Disable,Disable,Disable,Disable,Disable,Disable,Disable,Disable,Disable,Disable,Disable,Disable,Disable,
10.06.2022 9:41:39,0,0,43600,43,9390,0,48000,56000,50000,0,2690,2693,2701,2699,2693,2699,2708,2708,2700,2688,2701,2693,2699,2699,2712,2702,2712,15,2688,10,24,24,24,24,24,25,24,29,24,1,24,1,Disable,Enable,Disable,Enable,Disable,Disable,Disable,Disable,Disable,Disable,Disable,Disable,Disable,Disable,Disable,Disable,Enable,Disable,Enable,Disablevvvvvvvv,Disable,Disable,Disable,Disable,Disable,Disable,Disable,Disable,Disable,Disable,Disable,Disable,Disable,Disable,Disable,Disable,Disable,
10.06.2022 9:41:40,0,0,43600,43,9390,0,48000,56000,50000,0,2690,2693,2701,2699,2693,2699,2708,2708,2700,2688,2701,2693,2699,2699,2712,2702,2712,15,2688,10,24,24,24,24,24,25,24,29,24,1,24,1,Disable,Enable,Disable,Enable,Disable,Disable,Disable,Disable,Disable,Disable,Disable,Disable,Disable,Disable,Disable,Disable,Enable,Disable,Enable,Disablevvvvvvvv,Disable,Disable,Disable,Disable,Disable,Disable,Disable,Disable,Disable,Disable,Disable,Disable,Disable,Disable,Disable,Disable,Disable,
10.06.2022 9:41:41,0,0,43600,43,9390,0,48000,56000,50000,0,2690,2693,2701,2699,2693,2699,2708,2708,2700,2688,2701,2693,2699,2699,2712,2702,2712,15,2688,10,24,24,24,24,24,25,24,29,24,1,24,1,Disable,Enable,Disable,Enable,Disable,Disable,Disable,Disable,Disable,Disable,Disable,Disable,Disable,Disable,Disable,Disable,Enable,Disable,Enable,Disablevvvvvvvv,Disable,Disable,Disable,Disable,Disable,Disable,Disable,Disable,Disable,Disable,Disable,Disable,Disable,Disable,Disable,Disable,Disable,
10.06.2022 9:41:42,0,0,43600,43,9390,0,48000,56000,50000,0,2690,2693,2701,2699,2693,2699,2708,2708,2700,2688,2701,2693,2699,2699,2712,2702,2712,15,2688,10,24,24,24,24,24,25,24,29,24,1,24,1,Disable,Enable,Disable,Enable,Disable,Disable,Disable,Disable,Disable,Disable,Disable,Disable,Disable,Disable,Disable,Disable,Enable,Disable,Enable,Disablevvvvvvvv,Disable,Disable,Disable,Disable,Disable,Disable,Disable,Disable,Disable,Disable,Disable,Disable,Disable,Disable,Disable,Disable,Disable,
10.06.2022 9:41:43,0,0,43600,43,9390,0,48000,56000,50000,0,2690,2693,2701,2699,2693,2699,2708,2708,2700,2688,2701,2693,2699,2699,2712,2702,2712,15,2688,10,24,24,24,24,24,25,24,29,24,1,24,1,Disable,Enable,Disable,Enable,Disable,Disable,Disable,Disable,Disable,Disable,Disable,Disable,Disable,Disable,Disable,Disable,Enable,Disable,Enable,Disablevvvvvvvv,Disable,Disable,Disable,Disable,Disable,Disable,Disable,Disable,Disable,Disable,Disable,Disable,Disable,Disable,Disable,Disable,Disable,
10.06.2022 9:41:44,0,0,43600,43,9390,0,48000,56000,50000,0,2690,2693,2701,2699,2693,2699,2708,2708,2700,2688,2701,2693,2699,2699,2712,2702,2712,15,2688,10,24,24,24,24,24,25,24,29,24,1,24,1,Disable,Enable,Disable,Enable,Disable,Disable,Disable,Disable,Disable,Disable,Disable,Disable,Disable,Disable,Disable,Disable,Enable,Disable,Enable,Disablevvvvvvvv,Disable,Disable,Disable,Disable,Disable,Disable,Disable,Disable,Disable,Disable,Disable,Disable,Disable,Disable,Disable,Disable,Disable,
10.06.2022 9:41:45,0,0,43600,43,9390,0,48000,56000,50000,0,2690,2693,2701,2699,2693,2699,2708,2708,2700,2688,2701,2693,2699,2699,2712,2702,2712,15,2688,10,24,24,24,24,24,25,24,29,24,1,24,1,Disable,Enable,Disable,Enable,Disable,Disable,Disable,Disable,Disable,Disable,Disable,Disable,Disable,Disable,Disable,Disable,Enable,Disable,Enable,Disablevvvvvvvv,Disable,Disable,Disable,Disable,Disable,Disable,Disable,Disable,Disable,Disable,Disable,Disable,Disable,Disable,Disable,Disable,Disable,
10.06.2022 9:41:46,0,0,43600,43,9390,0,48000,56000,50000,0,2690,2693,2701,2699,2693,2699,2708,2708,2700,2688,2701,2693,2699,2699,2712,2702,2712,15,2688,10,24,24,24,24,24,25,24,29,24,1,24,1,Disable,Enable,Disable,Enable,Disable,Disable,Disable,Disable,Disable,Disable,Disable,Disable,Disable,Disable,Disable,Disable,Enable,Disable,Enable,Disablevvvvvvvv,Disable,Disable,Disable,Disable,Disable,Disable,Disable,Disable,Disable,Disable,Disable,Disable,Disable,Disable,Disable,Disable,Disable,
10.06.2022 9:41:47,0,0,43600,43,9390,0,48000,56000,50000,0,2690,2693,2701,2699,2693,2699,2708,2708,2700,2688,2701,2693,2699,2699,2712,2702,2712,15,2688,10,24,24,24,24,24,25,24,29,24,1,24,1,Disable,Enable,Disable,Enable,Disable,Disable,Disable,Disable,Disable,Disable,Disable,Disable,Disable,Disable,Disable,Disable,Enable,Disable,Enable,Disablevvvvvvvv,Disable,Disable,Disable,Disable,Disable,Disable,Disable,Disable,Disable,Disable,Disable,Disable,Disable,Disable,Disable,Disable,Disable,
10.06.2022 9:41:48,0,0,43600,43,9390,0,48000,56000,50000,0,2690,2693,2701,2699,2693,2699,2708,2708,2700,2688,2701,2693,2699,2699,2712,2702,2712,15,2688,10,24,24,24,24,24,25,24,29,24,1,24,1,Disable,Enable,Disable,Enable,Disable,Disable,Disable,Disable,Disable,Disable,Disable,Disable,Disable,Disable,Disable,Disable,Enable,Disable,Enable,Disablevvvvvvvv,Disable,Disable,Disable,Disable,Disable,Disable,Disable,Disable,Disable,Disable,Disable,Disable,Disable,Disable,Disable,Disable,Disable,
10.06.2022 9:41:49,0,0,43600,43,9390,0,48000,56000,50000,0,2690,2693,2701,2699,2693,2699,2708,2708,2700,2688,2701,2693,2699,2699,2712,2702,2712,15,2688,10,24,24,24,24,24,25,24,29,24,1,24,1,Disable,Enable,Disable,Enable,Disable,Disable,Disable,Disable,Disable,Disable,Disable,Disable,Disable,Disable,Disable,Disable,Enable,Disable,Enable,Disablevvvvvvvv,Disable,Disable,Disable,Disable,Disable,Disable,Disable,Disable,Disable,Disable,Disable,Disable,Disable,Disable,Disable,Disable,Disable,
10.06.2022 9:41:50,0,0,43600,43,9390,0,48000,56000,50000,0,2690,2693,2701,2699,2693,2699,2708,2708,2700,2688,2701,2693,2699,2699,2712,2702,2712,15,2688,10,24,24,24,24,24,25,24,29,24,1,24,1,Disable,Enable,Disable,Enable,Disable,Disable,Disable,Disable,Disable,Disable,Disable,Disable,Disable,Disable,Disable,Disable,Enable,Disable,Enable,Disablevvvvvvvv,Disable,Disable,Disable,Disable,Disable,Disable,Disable,Disable,Disable,Disable,Disable,Disable,Disable,Disable,Disable,Disable,Disable,
10.06.2022 9:41:51,0,0,43600,43,9390,0,48000,56000,50000,0,2690,2693,2701,2699,2693,2699,2708,2708,2700,2688,2701,2693,2699,2699,2712,2702,2712,15,2688,10,24,24,24,24,24,25,24,29,24,1,24,1,Disable,Enable,Disable,Enable,Disable,Disable,Disable,Disable,Disable,Disable,Disable,Disable,Disable,Disable,Disable,Disable,Enable,Disable,Enable,Disablevvvvvvvv,Disable,Disable,Disable,Disable,Disable,Disable,Disable,Disable,Disable,Disable,Disable,Disable,Disable,Disable,Disable,Disable,Disable,
10.06.2022 9:41:52,0,0,43600,43,9390,0,48000,56000,50000,0,2690,2693,2701,2699,2693,2699,2708,2708,2700,2688,2701,2693,2699,2699,2712,2702,2712,15,2688,10,24,24,24,24,24,25,24,29,24,1,24,1,Disable,Enable,Disable,Enable,Disable,Disable,Disable,Disable,Disable,Disable,Disable,Disable,Disable,Disable,Disable,Disable,Enable,Disable,Enable,Disablevvvvvvvv,Disable,Disable,Disable,Disable,Disable,Disable,Disable,Disable,Disable,Disable,Disable,Disable,Disable,Disable,Disable,Disable,Disable,
10.06.2022 9:41:53,0,0,43600,43,9390,0,48000,56000,50000,0,2690,2693,2701,2699,2693,2699,2708,2708,2700,2688,2701,2693,2699,2699,2712,2702,2712,15,2688,10,24,24,24,24,24,25,24,29,24,1,24,1,Disable,Enable,Disable,Enable,Disable,Disable,Disable,Disable,Disable,Disable,Disable,Disable,Disable,Disable,Disable,Disable,Enable,Disable,Enable,Disablevvvvvvvv,Disable,Disable,Disable,Disable,Disable,Disable,Disable,Disable,Disable,Disable,Disable,Disable,Disable,Disable,Disable,Disable,Disable,
10.06.2022 9:41:54,0,0,43600,43,9390,0,48000,56000,50000,0,2690,2693,2701,2699,2693,2699,2708,2708,2700,2688,2701,2693,2699,2699,2712,2702,2712,15,2688,10,24,24,24,24,24,25,24,29,24,1,24,1,Disable,Enable,Disable,Enable,Disable,Disable,Disable,Disable,Disable,Disable,Disable,Disable,Disable,Disable,Disable,Disable,Enable,Disable,Enable,Disablevvvvvvvv,Disable,Disable,Disable,Disable,Disable,Disable,Disable,Disable,Disable,Disable,Disable,Disable,Disable,Disable,Disable,Disable,Disable,
10.06.2022 9:41:55,0,0,43600,43,9390,0,48000,56000,50000,0,2690,2693,2701,2699,2693,2699,2708,2708,2700,2688,2701,2693,2699,2699,2712,2702,2712,15,2688,10,24,24,24,24,24,25,24,29,24,1,24,1,Disable,Enable,Disable,Enable,Disable,Disable,Disable,Disable,Disable,Disable,Disable,Disable,Disable,Disable,Disable,Disable,Enable,Disable,Enable,Disablevvvvvvvv,Disable,Disable,Disable,Disable,Disable,Disable,Disable,Disable,Disable,Disable,Disable,Disable,Disable,Disable,Disable,Disable,Disable,
10.06.2022 9:41:56,0,0,43600,43,9390,0,48000,56000,50000,0,2690,2693,2701,2699,2693,2699,2708,2708,2700,2688,2701,2693,2699,2699,2712,2702,2712,15,2688,10,24,24,24,24,24,25,24,29,24,1,24,1,Disable,Enable,Disable,Enable,Disable,Disable,Disable,Disable,Disable,Disable,Disable,Disable,Disable,Disable,Disable,Disable,Enable,Disable,Enable,Disablevvvvvvvv,Disable,Disable,Disable,Disable,Disable,Disable,Disable,Disable,Disable,Disable,Disable,Disable,Disable,Disable,Disable,Disable,Disable,
10.06.2022 9:41:57,0,0,43600,43,9390,0,48000,56000,50000,0,2690,2693,2701,2699,2693,2699,2708,2708,2700,2688,2701,2693,2699,2699,2712,2702,2712,15,2688,10,24,24,24,24,24,25,24,29,24,1,24,1,Disable,Enable,Disable,Enable,Disable,Disable,Disable,Disable,Disable,Disable,Disable,Disable,Disable,Disable,Disable,Disable,Enable,Disable,Enable,Disablevvvvvvvv,Disable,Disable,Disable,Disable,Disable,Disable,Disable,Disable,Disable,Disable,Disable,Disable,Disable,Disable,Disable,Disable,Disable,
10.06.2022 9:41:58,0,0,43600,43,9390,0,48000,56000,50000,0,2690,2693,2701,2699,2693,2699,2708,2708,2700,2688,2701,2693,2699,2699,2712,2702,2712,15,2688,10,24,24,24,24,24,25,24,29,24,1,24,1,Disable,Enable,Disable,Enable,Disable,Disable,Disable,Disable,Disable,Disable,Disable,Disable,Disable,Disable,Disable,Disable,Enable,Disable,Enable,Disablevvvvvvvv,Disable,Disable,Disable,Disable,Disable,Disable,Disable,Disable,Disable,Disable,Disable,Disable,Disable,Disable,Disable,Disable,Disable,
10.06.2022 9:41:59,0,0,43600,43,9390,0,48000,56000,50000,0,2690,2693,2701,2699,2693,2699,2708,2708,2700,2688,2701,2693,2699,2699,2712,2702,2712,15,2688,10,24,24,24,24,24,25,24,29,24,1,24,1,Disable,Enable,Disable,Enable,Disable,Disable,Disable,Disable,Disable,Disable,Disable,Disable,Disable,Disable,Disable,Disable,Enable,Disable,Enable,Disablevvvvvvvv,Disable,Disable,Disable,Disable,Disable,Disable,Disable,Disable,Disable,Disable,Disable,Disable,Disable,Disable,Disable,Disable,Disable,
10.06.2022 9:42:00,0,0,43600,43,9390,0,48000,56000,50000,0,2690,2693,2701,2699,2693,2699,2708,2708,2700,2688,2701,2693,2699,2699,2712,2702,2712,15,2688,10,24,24,24,24,24,25,24,29,24,1,24,1,Disable,Enable,Disable,Enable,Disable,Disable,Disable,Disable,Disable,Disable,Disable,Disable,Disable,Disable,Disable,Disable,Enable,Disable,Enable,Disablevvvvvvvv,Disable,Disable,Disable,Disable,Disable,Disable,Disable,Disable,Disable,Disable,Disable,Disable,Disable,Disable,Disable,Disable,Disable,
10.06.2022 9:42:01,0,0,43600,43,9390,0,48000,56000,50000,0,2690,2693,2701,2699,2693,2699,2708,2708,2700,2688,2701,2693,2699,2699,2712,2702,2712,15,2688,10,24,24,24,24,24,25,24,29,24,1,24,1,Disable,Enable,Disable,Enable,Disable,Disable,Disable,Disable,Disable,Disable,Disable,Disable,Disable,Disable,Disable,Disable,Enable,Disable,Enable,Disablevvvvvvvv,Disable,Disable,Disable,Disable,Disable,Disable,Disable,Disable,Disable,Disable,Disable,Disable,Disable,Disable,Disable,Disable,Disable,
10.06.2022 9:42:02,0,0,43600,43,9390,0,48000,56000,50000,0,2690,2693,2701,2699,2693,2699,2708,2708,2700,2688,2701,2693,2699,2699,2712,2702,2712,15,2688,10,24,24,24,24,24,25,24,29,24,1,24,1,Disable,Enable,Disable,Enable,Disable,Disable,Disable,Disable,Disable,Disable,Disable,Disable,Disable,Disable,Disable,Disable,Enable,Disable,Enable,Disablevvvvvvvv,Disable,Disable,Disable,Disable,Disable,Disable,Disable,Disable,Disable,Disable,Disable,Disable,Disable,Disable,Disable,Disable,Disable,
10.06.2022 9:42:03,0,0,43600,43,9390,0,48000,56000,50000,0,2690,2693,2701,2699,2693,2699,2708,2708,2700,2688,2701,2693,2699,2699,2712,2702,2712,15,2688,10,24,24,24,24,24,25,24,29,24,1,24,1,Disable,Enable,Disable,Enable,Disable,Disable,Disable,Disable,Disable,Disable,Disable,Disable,Disable,Disable,Disable,Disable,Enable,Disable,Enable,Disablevvvvvvvv,Disable,Disable,Disable,Disable,Disable,Disable,Disable,Disable,Disable,Disable,Disable,Disable,Disable,Disable,Disable,Disable,Disable,
10.06.2022 9:42:04,0,0,43600,43,9390,0,48000,56000,50000,0,2690,2693,2701,2699,2693,2699,2708,2708,2700,2688,2701,2693,2699,2699,2712,2702,2712,15,2688,10,24,24,24,24,24,25,24,29,24,1,24,1,Disable,Enable,Disable,Enable,Disable,Disable,Disable,Disable,Disable,Disable,Disable,Disable,Disable,Disable,Disable,Disable,Enable,Disable,Enable,Disablevvvvvvvv,Disable,Disable,Disable,Disable,Disable,Disable,Disable,Disable,Disable,Disable,Disable,Disable,Disable,Disable,Disable,Disable,Disable,
10.06.2022 9:42:05,0,0,43600,43,9390,0,48000,56000,50000,0,2690,2693,2701,2699,2693,2699,2708,2708,2700,2688,2701,2693,2699,2699,2712,2702,2712,15,2688,10,24,24,24,24,24,25,24,29,24,1,24,1,Disable,Enable,Disable,Enable,Disable,Disable,Disable,Disable,Disable,Disable,Disable,Disable,Disable,Disable,Disable,Disable,Enable,Disable,Enable,Disablevvvvvvvv,Disable,Disable,Disable,Disable,Disable,Disable,Disable,Disable,Disable,Disable,Disable,Disable,Disable,Disable,Disable,Disable,Disable,
10.06.2022 9:42:06,0,0,43600,43,9390,0,48000,56000,50000,0,2690,2693,2701,2699,2693,2699,2708,2708,2700,2688,2701,2693,2699,2699,2712,2702,2712,15,2688,10,24,24,24,24,24,25,24,29,24,1,24,1,Disable,Enable,Disable,Enable,Disable,Disable,Disable,Disable,Disable,Disable,Disable,Disable,Disable,Disable,Disable,Disable,Enable,Disable,Enable,Disablevvvvvvvv,Disable,Disable,Disable,Disable,Disable,Disable,Disable,Disable,Disable,Disable,Disable,Disable,Disable,Disable,Disable,Disable,Disable,
10.06.2022 9:42:07,0,0,43600,43,9390,0,48000,56000,50000,0,2690,2693,2701,2699,2693,2699,2708,2708,2700,2688,2701,2693,2699,2699,2712,2702,2712,15,2688,10,24,24,24,24,24,25,24,29,24,1,24,1,Disable,Enable,Disable,Enable,Disable,Disable,Disable,Disable,Disable,Disable,Disable,Disable,Disable,Disable,Disable,Disable,Enable,Disable,Enable,Disablevvvvvvvv,Disable,Disable,Disable,Disable,Disable,Disable,Disable,Disable,Disable,Disable,Disable,Disable,Disable,Disable,Disable,Disable,Disable,
10.06.2022 9:42:08,0,0,43600,43,9390,0,48000,56000,50000,0,2690,2693,2701,2699,2693,2699,2708,2708,2700,2688,2701,2693,2699,2699,2712,2702,2712,15,2688,10,24,24,24,24,24,25,24,29,24,1,24,1,Disable,Enable,Disable,Enable,Disable,Disable,Disable,Disable,Disable,Disable,Disable,Disable,Disable,Disable,Disable,Disable,Enable,Disable,Enable,Disablevvvvvvvv,Disable,Disable,Disable,Disable,Disable,Disable,Disable,Disable,Disable,Disable,Disable,Disable,Disable,Disable,Disable,Disable,Disable,
10.06.2022 9:42:09,0,0,43600,43,9390,0,48000,56000,50000,0,2690,2693,2701,2699,2693,2699,2708,2708,2700,2688,2701,2693,2699,2699,2712,2702,2712,15,2688,10,24,24,24,24,24,25,24,29,24,1,24,1,Disable,Enable,Disable,Enable,Disable,Disable,Disable,Disable,Disable,Disable,Disable,Disable,Disable,Disable,Disable,Disable,Enable,Disable,Enable,Disablevvvvvvvv,Disable,Disable,Disable,Disable,Disable,Disable,Disable,Disable,Disable,Disable,Disable,Disable,Disable,Disable,Disable,Disable,Disable,
10.06.2022 9:42:10,0,0,43600,43,9390,0,48000,56000,50000,0,2690,2693,2701,2699,2693,2699,2708,2708,2700,2688,2701,2693,2699,2699,2712,2702,2712,15,2688,10,24,24,24,24,24,25,24,29,24,1,24,1,Disable,Enable,Disable,Enable,Disable,Disable,Disable,Disable,Disable,Disable,Disable,Disable,Disable,Disable,Disable,Disable,Enable,Disable,Enable,Disablevvvvvvvv,Disable,Disable,Disable,Disable,Disable,Disable,Disable,Disable,Disable,Disable,Disable,Disable,Disable,Disable,Disable,Disable,Disable,
10.06.2022 9:42:11,0,0,43600,43,9390,0,48000,56000,50000,0,2690,2693,2701,2699,2693,2699,2708,2708,2700,2688,2701,2693,2699,2699,2712,2702,2712,15,2688,10,24,24,24,24,24,25,24,29,24,1,24,1,Disable,Enable,Disable,Enable,Disable,Disable,Disable,Disable,Disable,Disable,Disable,Disable,Disable,Disable,Disable,Disable,Enable,Disable,Enable,Disablevvvvvvvv,Disable,Disable,Disable,Disable,Disable,Disable,Disable,Disable,Disable,Disable,Disable,Disable,Disable,Disable,Disable,Disable,Disable,
10.06.2022 9:42:12,0,0,43600,43,9390,0,48000,56000,50000,0,2690,2693,2701,2699,2693,2699,2708,2708,2700,2688,2701,2693,2699,2699,2712,2702,2712,15,2688,10,24,24,24,24,24,25,24,29,24,1,24,1,Disable,Enable,Disable,Enable,Disable,Disable,Disable,Disable,Disable,Disable,Disable,Disable,Disable,Disable,Disable,Disable,Enable,Disable,Enable,Disablevvvvvvvv,Disable,Disable,Disable,Disable,Disable,Disable,Disable,Disable,Disable,Disable,Disable,Disable,Disable,Disable,Disable,Disable,Disable,
10.06.2022 9:42:13,0,0,43600,43,9390,0,48000,56000,50000,0,2690,2693,2701,2699,2693,2699,2708,2708,2700,2688,2701,2693,2699,2699,2712,2702,2712,15,2688,10,24,24,24,24,24,25,24,29,24,1,24,1,Disable,Enable,Disable,Enable,Disable,Disable,Disable,Disable,Disable,Disable,Disable,Disable,Disable,Disable,Disable,Disable,Enable,Disable,Enable,Disablevvvvvvvv,Disable,Disable,Disable,Disable,Disable,Disable,Disable,Disable,Disable,Disable,Disable,Disable,Disable,Disable,Disable,Disable,Disable,
10.06.2022 9:42:14,0,0,43600,43,9390,0,48000,56000,50000,0,2690,2693,2701,2699,2693,2699,2708,2708,2700,2688,2701,2693,2699,2699,2712,2702,2712,15,2688,10,24,24,24,24,24,25,24,29,24,1,24,1,Disable,Enable,Disable,Enable,Disable,Disable,Disable,Disable,Disable,Disable,Disable,Disable,Disable,Disable,Disable,Disable,Enable,Disable,Enable,Disablevvvvvvvv,Disable,Disable,Disable,Disable,Disable,Disable,Disable,Disable,Disable,Disable,Disable,Disable,Disable,Disable,Disable,Disable,Disable,
10.06.2022 9:42:15,0,0,43600,43,9390,0,48000,56000,50000,0,2690,2693,2701,2699,2693,2699,2708,2708,2700,2688,2701,2693,2699,2699,2712,2702,2712,15,2688,10,24,24,24,24,24,25,24,29,24,1,24,1,Disable,Enable,Disable,Enable,Disable,Disable,Disable,Disable,Disable,Disable,Disable,Disable,Disable,Disable,Disable,Disable,Enable,Disable,Enable,Disablevvvvvvvv,Disable,Disable,Disable,Disable,Disable,Disable,Disable,Disable,Disable,Disable,Disable,Disable,Disable,Disable,Disable,Disable,Disable,
10.06.2022 9:42:16,0,0,43600,43,9390,0,48000,56000,50000,0,2690,2693,2701,2699,2693,2699,2708,2708,2700,2688,2701,2693,2699,2699,2712,2702,2712,15,2688,10,24,24,24,24,24,25,24,29,24,1,24,1,Disable,Enable,Disable,Enable,Disable,Disable,Disable,Disable,Disable,Disable,Disable,Disable,Disable,Disable,Disable,Disable,Enable,Disable,Enable,Disablevvvvvvvv,Disable,Disable,Disable,Disable,Disable,Disable,Disable,Disable,Disable,Disable,Disable,Disable,Disable,Disable,Disable,Disable,Disable,
10.06.2022 9:42:17,0,0,43600,43,9390,0,48000,56000,50000,0,2690,2693,2701,2699,2693,2699,2708,2708,2700,2688,2701,2693,2699,2699,2712,2702,2712,15,2688,10,24,24,24,24,24,25,24,29,24,1,24,1,Disable,Enable,Disable,Enable,Disable,Disable,Disable,Disable,Disable,Disable,Disable,Disable,Disable,Disable,Disable,Disable,Enable,Disable,Enable,Disablevvvvvvvv,Disable,Disable,Disable,Disable,Disable,Disable,Disable,Disable,Disable,Disable,Disable,Disable,Disable,Disable,Disable,Disable,Disable,
10.06.2022 9:42:18,0,0,43600,43,9390,0,48000,56000,50000,0,2690,2693,2701,2699,2693,2699,2708,2708,2700,2688,2701,2693,2699,2699,2712,2702,2712,15,2688,10,24,24,24,24,24,25,24,29,24,1,24,1,Disable,Enable,Disable,Enable,Disable,Disable,Disable,Disable,Disable,Disable,Disable,Disable,Disable,Disable,Disable,Disable,Enable,Disable,Enable,Disablevvvvvvvv,Disable,Disable,Disable,Disable,Disable,Disable,Disable,Disable,Disable,Disable,Disable,Disable,Disable,Disable,Disable,Disable,Disable,
10.06.2022 9:42:19,0,0,43600,43,9390,0,48000,56000,50000,0,2690,2693,2701,2699,2693,2699,2708,2708,2700,2688,2701,2693,2699,2699,2712,2702,2712,15,2688,10,24,24,24,24,24,25,24,29,24,1,24,1,Disable,Enable,Disable,Enable,Disable,Disable,Disable,Disable,Disable,Disable,Disable,Disable,Disable,Disable,Disable,Disable,Enable,Disable,Enable,Disablevvvvvvvv,Disable,Disable,Disable,Disable,Disable,Disable,Disable,Disable,Disable,Disable,Disable,Disable,Disable,Disable,Disable,Disable,Disable,
10.06.2022 9:42:20,0,0,43600,43,9390,0,48000,56000,50000,0,2690,2693,2701,2699,2693,2699,2708,2708,2700,2688,2701,2693,2699,2699,2712,2702,2712,15,2688,10,24,24,24,24,24,25,24,29,24,1,24,1,Disable,Enable,Disable,Enable,Disable,Disable,Disable,Disable,Disable,Disable,Disable,Disable,Disable,Disable,Disable,Disable,Enable,Disable,Enable,Disablevvvvvvvv,Disable,Disable,Disable,Disable,Disable,Disable,Disable,Disable,Disable,Disable,Disable,Disable,Disable,Disable,Disable,Disable,Disable,
10.06.2022 9:42:21,0,0,43600,43,9390,0,48000,56000,50000,0,2690,2693,2701,2699,2693,2699,2708,2708,2700,2688,2701,2693,2699,2699,2712,2702,2712,15,2688,10,24,24,24,24,24,25,24,29,24,1,24,1,Disable,Enable,Disable,Enable,Disable,Disable,Disable,Disable,Disable,Disable,Disable,Disable,Disable,Disable,Disable,Disable,Enable,Disable,Enable,Disablevvvvvvvv,Disable,Disable,Disable,Disable,Disable,Disable,Disable,Disable,Disable,Disable,Disable,Disable,Disable,Disable,Disable,Disable,Disable,
10.06.2022 9:42:22,0,0,43600,43,9390,0,48000,56000,50000,0,2690,2693,2701,2699,2693,2699,2708,2708,2700,2688,2701,2693,2699,2699,2712,2702,2712,15,2688,10,24,24,24,24,24,25,24,29,24,1,24,1,Disable,Enable,Disable,Enable,Disable,Disable,Disable,Disable,Disable,Disable,Disable,Disable,Disable,Disable,Disable,Disable,Enable,Disable,Enable,Disablevvvvvvvv,Disable,Disable,Disable,Disable,Disable,Disable,Disable,Disable,Disable,Disable,Disable,Disable,Disable,Disable,Disable,Disable,Disable,
10.06.2022 9:42:23,0,0,43600,43,9390,0,48000,56000,50000,0,2690,2693,2701,2699,2693,2699,2708,2708,2700,2688,2701,2693,2699,2699,2712,2702,2712,15,2688,10,24,24,24,24,24,25,24,29,24,1,24,1,Disable,Enable,Disable,Enable,Disable,Disable,Disable,Disable,Disable,Disable,Disable,Disable,Disable,Disable,Disable,Disable,Enable,Disable,Enable,Disablevvvvvvvv,Disable,Disable,Disable,Disable,Disable,Disable,Disable,Disable,Disable,Disable,Disable,Disable,Disable,Disable,Disable,Disable,Disable,
10.06.2022 9:42:24,0,0,43600,43,9390,0,48000,56000,50000,0,2690,2693,2701,2699,2693,2699,2708,2708,2700,2688,2701,2693,2699,2699,2712,2702,2712,15,2688,10,24,24,24,24,24,25,24,29,24,1,24,1,Disable,Enable,Disable,Enable,Disable,Disable,Disable,Disable,Disable,Disable,Disable,Disable,Disable,Disable,Disable,Disable,Enable,Disable,Enable,Disablevvvvvvvv,Disable,Disable,Disable,Disable,Disable,Disable,Disable,Disable,Disable,Disable,Disable,Disable,Disable,Disable,Disable,Disable,Disable,
10.06.2022 9:42:25,0,0,43600,43,9390,0,48000,56000,50000,0,2690,2693,2701,2699,2693,2699,2708,2708,2700,2688,2701,2693,2699,2699,2712,2702,2712,15,2688,10,24,24,24,24,24,25,24,29,24,1,24,1,Disable,Enable,Disable,Enable,Disable,Disable,Disable,Disable,Disable,Disable,Disable,Disable,Disable,Disable,Disable,Disable,Enable,Disable,Enable,Disablevvvvvvvv,Disable,Disable,Disable,Disable,Disable,Disable,Disable,Disable,Disable,Disable,Disable,Disable,Disable,Disable,Disable,Disable,Disable,
10.06.2022 9:42:26,0,0,43600,43,9390,0,48000,56000,50000,0,2690,2693,2701,2699,2693,2699,2708,2708,2700,2688,2701,2693,2699,2699,2712,2702,2712,15,2688,10,24,24,24,24,24,25,24,29,24,1,24,1,Disable,Enable,Disable,Enable,Disable,Disable,Disable,Disable,Disable,Disable,Disable,Disable,Disable,Disable,Disable,Disable,Enable,Disable,Enable,Disablevvvvvvvv,Disable,Disable,Disable,Disable,Disable,Disable,Disable,Disable,Disable,Disable,Disable,Disable,Disable,Disable,Disable,Disable,Disable,
10.06.2022 9:42:27,0,0,43600,43,9390,0,48000,56000,50000,0,2690,2693,2701,2699,2693,2699,2708,2708,2700,2688,2701,2693,2699,2699,2712,2702,2712,15,2688,10,24,24,24,24,24,25,24,29,24,1,24,1,Disable,Enable,Disable,Enable,Disable,Disable,Disable,Disable,Disable,Disable,Disable,Disable,Disable,Disable,Disable,Disable,Enable,Disable,Enable,Disablevvvvvvvv,Disable,Disable,Disable,Disable,Disable,Disable,Disable,Disable,Disable,Disable,Disable,Disable,Disable,Disable,Disable,Disable,Disable,
10.06.2022 9:42:28,0,0,43600,43,9390,0,48000,56000,50000,0,2690,2693,2701,2699,2693,2699,2708,2708,2700,2688,2701,2693,2699,2699,2712,2702,2712,15,2688,10,24,24,24,24,24,25,24,29,24,1,24,1,Disable,Enable,Disable,Enable,Disable,Disable,Disable,Disable,Disable,Disable,Disable,Disable,Disable,Disable,Disable,Disable,Enable,Disable,Enable,Disablevvvvvvvv,Disable,Disable,Disable,Disable,Disable,Disable,Disable,Disable,Disable,Disable,Disable,Disable,Disable,Disable,Disable,Disable,Disable,
10.06.2022 9:42:29,0,0,43600,43,9390,0,48000,56000,50000,0,2690,2693,2701,2699,2693,2699,2708,2708,2700,2688,2701,2693,2699,2699,2712,2702,2712,15,2688,10,24,24,24,24,24,25,24,29,24,1,24,1,Disable,Enable,Disable,Enable,Disable,Disable,Disable,Disable,Disable,Disable,Disable,Disable,Disable,Disable,Disable,Disable,Enable,Disable,Enable,Disablevvvvvvvv,Disable,Disable,Disable,Disable,Disable,Disable,Disable,Disable,Disable,Disable,Disable,Disable,Disable,Disable,Disable,Disable,Disable,
10.06.2022 9:42:30,0,0,43600,43,9390,0,48000,56000,50000,0,2690,2693,2701,2699,2693,2699,2708,2708,2700,2688,2701,2693,2699,2699,2712,2702,2712,15,2688,10,24,24,24,24,24,25,24,29,24,1,24,1,Disable,Enable,Disable,Enable,Disable,Disable,Disable,Disable,Disable,Disable,Disable,Disable,Disable,Disable,Disable,Disable,Enable,Disable,Enable,Disablevvvvvvvv,Disable,Disable,Disable,Disable,Disable,Disable,Disable,Disable,Disable,Disable,Disable,Disable,Disable,Disable,Disable,Disable,Disable,
10.06.2022 9:42:31,0,0,43600,43,9390,0,48000,56000,50000,0,2690,2693,2701,2699,2693,2699,2708,2708,2700,2688,2701,2693,2699,2699,2712,2702,2712,15,2688,10,24,24,24,24,24,25,24,29,24,1,24,1,Disable,Enable,Disable,Enable,Disable,Disable,Disable,Disable,Disable,Disable,Disable,Disable,Disable,Disable,Disable,Disable,Enable,Disable,Enable,Disablevvvvvvvv,Disable,Disable,Disable,Disable,Disable,Disable,Disable,Disable,Disable,Disable,Disable,Disable,Disable,Disable,Disable,Disable,Disable,
10.06.2022 9:42:32,0,0,43600,43,9390,0,48000,56000,50000,0,2690,2693,2701,2699,2693,2699,2708,2708,2700,2688,2701,2693,2699,2699,2712,2702,2712,15,2688,10,24,24,24,24,24,25,24,29,24,1,24,1,Disable,Enable,Disable,Enable,Disable,Disable,Disable,Disable,Disable,Disable,Disable,Disable,Disable,Disable,Disable,Disable,Enable,Disable,Enable,Disablevvvvvvvv,Disable,Disable,Disable,Disable,Disable,Disable,Disable,Disable,Disable,Disable,Disable,Disable,Disable,Disable,Disable,Disable,Disable,
10.06.2022 9:42:33,0,0,43600,43,9390,0,48000,56000,50000,0,2690,2693,2701,2699,2693,2699,2708,2708,2700,2688,2701,2693,2699,2699,2712,2702,2712,15,2688,10,24,24,24,24,24,25,24,29,24,1,24,1,Disable,Enable,Disable,Enable,Disable,Disable,Disable,Disable,Disable,Disable,Disable,Disable,Disable,Disable,Disable,Disable,Enable,Disable,Enable,Disablevvvvvvvv,Disable,Disable,Disable,Disable,Disable,Disable,Disable,Disable,Disable,Disable,Disable,Disable,Disable,Disable,Disable,Disable,Disable,
10.06.2022 9:42:34,0,0,43600,43,9390,0,48000,56000,50000,0,2690,2693,2701,2699,2693,2699,2708,2708,2700,2688,2701,2693,2699,2699,2712,2702,2712,15,2688,10,24,24,24,24,24,25,24,29,24,1,24,1,Disable,Enable,Disable,Enable,Disable,Disable,Disable,Disable,Disable,Disable,Disable,Disable,Disable,Disable,Disable,Disable,Enable,Disable,Enable,Disablevvvvvvvv,Disable,Disable,Disable,Disable,Disable,Disable,Disable,Disable,Disable,Disable,Disable,Disable,Disable,Disable,Disable,Disable,Disable,
10.06.2022 9:42:35,0,0,43600,43,9390,0,48000,56000,50000,0,2690,2693,2701,2699,2693,2699,2708,2708,2700,2688,2701,2693,2699,2699,2712,2702,2712,15,2688,10,24,24,24,24,24,25,24,29,24,1,24,1,Disable,Enable,Disable,Enable,Disable,Disable,Disable,Disable,Disable,Disable,Disable,Disable,Disable,Disable,Disable,Disable,Enable,Disable,Enable,Disablevvvvvvvv,Disable,Disable,Disable,Disable,Disable,Disable,Disable,Disable,Disable,Disable,Disable,Disable,Disable,Disable,Disable,Disable,Disable,
10.06.2022 9:42:36,0,0,43600,43,9390,0,48000,56000,50000,0,2690,2693,2701,2699,2693,2699,2708,2708,2700,2688,2701,2693,2699,2699,2712,2702,2712,15,2688,10,24,24,24,24,24,25,24,29,24,1,24,1,Disable,Enable,Disable,Enable,Disable,Disable,Disable,Disable,Disable,Disable,Disable,Disable,Disable,Disable,Disable,Disable,Enable,Disable,Enable,Disablevvvvvvvv,Disable,Disable,Disable,Disable,Disable,Disable,Disable,Disable,Disable,Disable,Disable,Disable,Disable,Disable,Disable,Disable,Disable,
10.06.2022 9:42:37,0,0,43600,43,9390,0,48000,56000,50000,0,2690,2693,2701,2699,2693,2699,2708,2708,2700,2688,2701,2693,2699,2699,2712,2702,2712,15,2688,10,24,24,24,24,24,25,24,29,24,1,24,1,Disable,Enable,Disable,Enable,Disable,Disable,Disable,Disable,Disable,Disable,Disable,Disable,Disable,Disable,Disable,Disable,Enable,Disable,Enable,Disablevvvvvvvv,Disable,Disable,Disable,Disable,Disable,Disable,Disable,Disable,Disable,Disable,Disable,Disable,Disable,Disable,Disable,Disable,Disable,
10.06.2022 9:42:38,0,0,43600,43,9390,0,48000,56000,50000,0,2690,2693,2701,2699,2693,2699,2708,2708,2700,2688,2701,2693,2699,2699,2712,2702,2712,15,2688,10,24,24,24,24,24,25,24,29,24,1,24,1,Disable,Enable,Disable,Enable,Disable,Disable,Disable,Disable,Disable,Disable,Disable,Disable,Disable,Disable,Disable,Disable,Enable,Disable,Enable,Disablevvvvvvvv,Disable,Disable,Disable,Disable,Disable,Disable,Disable,Disable,Disable,Disable,Disable,Disable,Disable,Disable,Disable,Disable,Disable,
10.06.2022 9:42:39,0,0,43600,43,9390,0,48000,56000,50000,0,2690,2693,2701,2699,2693,2699,2708,2708,2700,2688,2701,2693,2699,2699,2712,2702,2712,15,2688,10,24,24,24,24,24,25,24,29,24,1,24,1,Disable,Enable,Disable,Enable,Disable,Disable,Disable,Disable,Disable,Disable,Disable,Disable,Disable,Disable,Disable,Disable,Enable,Disable,Enable,Disablevvvvvvvv,Disable,Disable,Disable,Disable,Disable,Disable,Disable,Disable,Disable,Disable,Disable,Disable,Disable,Disable,Disable,Disable,Disable,
10.06.2022 9:42:40,0,0,43600,43,9390,0,48000,56000,50000,0,2690,2693,2701,2699,2693,2699,2708,2708,2700,2688,2701,2693,2699,2699,2712,2702,2712,15,2688,10,24,24,24,24,24,25,24,29,24,1,24,1,Disable,Enable,Disable,Enable,Disable,Disable,Disable,Disable,Disable,Disable,Disable,Disable,Disable,Disable,Disable,Disable,Enable,Disable,Enable,Disablevvvvvvvv,Disable,Disable,Disable,Disable,Disable,Disable,Disable,Disable,Disable,Disable,Disable,Disable,Disable,Disable,Disable,Disable,Disable,
10.06.2022 9:42:41,0,0,43600,43,9390,0,48000,56000,50000,0,2690,2693,2701,2699,2693,2699,2708,2708,2700,2688,2701,2693,2699,2699,2712,2702,2712,15,2688,10,24,24,24,24,24,25,24,29,24,1,24,1,Disable,Enable,Disable,Enable,Disable,Disable,Disable,Disable,Disable,Disable,Disable,Disable,Disable,Disable,Disable,Disable,Enable,Disable,Enable,Disablevvvvvvvv,Disable,Disable,Disable,Disable,Disable,Disable,Disable,Disable,Disable,Disable,Disable,Disable,Disable,Disable,Disable,Disable,Disable,
10.06.2022 9:42:42,0,0,43600,43,9390,0,48000,56000,50000,0,2690,2693,2701,2699,2693,2699,2708,2708,2700,2688,2701,2693,2699,2699,2712,2702,2712,15,2688,10,24,24,24,24,24,25,24,29,24,1,24,1,Disable,Enable,Disable,Enable,Disable,Disable,Disable,Disable,Disable,Disable,Disable,Disable,Disable,Disable,Disable,Disable,Enable,Disable,Enable,Disablevvvvvvvv,Disable,Disable,Disable,Disable,Disable,Disable,Disable,Disable,Disable,Disable,Disable,Disable,Disable,Disable,Disable,Disable,Disable,
10.06.2022 9:42:43,0,0,43600,43,9390,0,48000,56000,50000,0,2690,2693,2701,2699,2693,2699,2708,2708,2700,2688,2701,2693,2699,2699,2712,2702,2712,15,2688,10,24,24,24,24,24,25,24,29,24,1,24,1,Disable,Enable,Disable,Enable,Disable,Disable,Disable,Disable,Disable,Disable,Disable,Disable,Disable,Disable,Disable,Disable,Enable,Disable,Enable,Disablevvvvvvvv,Disable,Disable,Disable,Disable,Disable,Disable,Disable,Disable,Disable,Disable,Disable,Disable,Disable,Disable,Disable,Disable,Disable,
10.06.2022 9:42:44,0,0,43600,43,9390,0,48000,56000,50000,0,2690,2693,2701,2699,2693,2699,2708,2708,2700,2688,2701,2693,2699,2699,2712,2702,2712,15,2688,10,24,24,24,24,24,25,24,29,24,1,24,1,Disable,Enable,Disable,Enable,Disable,Disable,Disable,Disable,Disable,Disable,Disable,Disable,Disable,Disable,Disable,Disable,Enable,Disable,Enable,Disablevvvvvvvv,Disable,Disable,Disable,Disable,Disable,Disable,Disable,Disable,Disable,Disable,Disable,Disable,Disable,Disable,Disable,Disable,Disable,
10.06.2022 9:42:45,0,0,43600,43,9390,0,48000,56000,50000,0,2690,2693,2701,2699,2693,2699,2708,2708,2700,2688,2701,2693,2699,2699,2712,2702,2712,15,2688,10,24,24,24,24,24,25,24,29,24,1,24,1,Disable,Enable,Disable,Enable,Disable,Disable,Disable,Disable,Disable,Disable,Disable,Disable,Disable,Disable,Disable,Disable,Enable,Disable,Enable,Disablevvvvvvvv,Disable,Disable,Disable,Disable,Disable,Disable,Disable,Disable,Disable,Disable,Disable,Disable,Disable,Disable,Disable,Disable,Disable,
10.06.2022 9:42:46,0,0,43600,43,9390,0,48000,56000,50000,0,2690,2693,2701,2699,2693,2699,2708,2708,2700,2688,2701,2693,2699,2699,2712,2702,2712,15,2688,10,24,24,24,24,24,25,24,29,24,1,24,1,Disable,Enable,Disable,Enable,Disable,Disable,Disable,Disable,Disable,Disable,Disable,Disable,Disable,Disable,Disable,Disable,Enable,Disable,Enable,Disablevvvvvvvv,Disable,Disable,Disable,Disable,Disable,Disable,Disable,Disable,Disable,Disable,Disable,Disable,Disable,Disable,Disable,Disable,Disable,
10.06.2022 9:42:47,0,0,43600,43,9390,0,48000,56000,50000,0,2690,2693,2701,2699,2693,2699,2708,2708,2700,2688,2701,2693,2699,2699,2712,2702,2712,15,2688,10,24,24,24,24,24,25,24,29,24,1,24,1,Disable,Enable,Disable,Enable,Disable,Disable,Disable,Disable,Disable,Disable,Disable,Disable,Disable,Disable,Disable,Disable,Enable,Disable,Enable,Disablevvvvvvvv,Disable,Disable,Disable,Disable,Disable,Disable,Disable,Disable,Disable,Disable,Disable,Disable,Disable,Disable,Disable,Disable,Disable,
10.06.2022 9:42:48,0,0,43600,43,9390,0,48000,56000,50000,0,2690,2693,2701,2699,2693,2699,2708,2708,2700,2688,2701,2693,2699,2699,2712,2702,2712,15,2688,10,24,24,24,24,24,25,24,29,24,1,24,1,Disable,Enable,Disable,Enable,Disable,Disable,Disable,Disable,Disable,Disable,Disable,Disable,Disable,Disable,Disable,Disable,Enable,Disable,Enable,Disablevvvvvvvv,Disable,Disable,Disable,Disable,Disable,Disable,Disable,Disable,Disable,Disable,Disable,Disable,Disable,Disable,Disable,Disable,Disable,
10.06.2022 9:42:49,0,0,43600,43,9390,0,48000,56000,50000,0,2690,2693,2701,2699,2693,2699,2708,2708,2700,2688,2701,2693,2699,2699,2712,2702,2712,15,2688,10,24,24,24,24,24,25,24,29,24,1,24,1,Disable,Enable,Disable,Enable,Disable,Disable,Disable,Disable,Disable,Disable,Disable,Disable,Disable,Disable,Disable,Disable,Enable,Disable,Enable,Disablevvvvvvvv,Disable,Disable,Disable,Disable,Disable,Disable,Disable,Disable,Disable,Disable,Disable,Disable,Disable,Disable,Disable,Disable,Disable,
10.06.2022 9:42:50,0,0,43600,43,9390,0,48000,56000,50000,0,2690,2693,2701,2699,2693,2699,2708,2708,2700,2688,2701,2693,2699,2699,2712,2702,2712,15,2688,10,24,24,24,24,24,25,24,29,24,1,24,1,Disable,Enable,Disable,Enable,Disable,Disable,Disable,Disable,Disable,Disable,Disable,Disable,Disable,Disable,Disable,Disable,Enable,Disable,Enable,Disablevvvvvvvv,Disable,Disable,Disable,Disable,Disable,Disable,Disable,Disable,Disable,Disable,Disable,Disable,Disable,Disable,Disable,Disable,Disable,
10.06.2022 9:42:51,0,0,43600,43,9390,0,48000,56000,50000,0,2690,2693,2701,2699,2693,2699,2708,2708,2700,2688,2701,2693,2699,2699,2712,2702,2712,15,2688,10,24,24,24,24,24,25,24,29,24,1,24,1,Disable,Enable,Disable,Enable,Disable,Disable,Disable,Disable,Disable,Disable,Disable,Disable,Disable,Disable,Disable,Disable,Enable,Disable,Enable,Disablevvvvvvvv,Disable,Disable,Disable,Disable,Disable,Disable,Disable,Disable,Disable,Disable,Disable,Disable,Disable,Disable,Disable,Disable,Disable,
10.06.2022 9:42:52,0,0,43600,43,9390,0,48000,56000,50000,0,2690,2693,2701,2699,2693,2699,2708,2708,2700,2688,2701,2693,2699,2699,2712,2702,2712,15,2688,10,24,24,24,24,24,25,24,29,24,1,24,1,Disable,Enable,Disable,Enable,Disable,Disable,Disable,Disable,Disable,Disable,Disable,Disable,Disable,Disable,Disable,Disable,Enable,Disable,Enable,Disablevvvvvvvv,Disable,Disable,Disable,Disable,Disable,Disable,Disable,Disable,Disable,Disable,Disable,Disable,Disable,Disable,Disable,Disable,Disable,
10.06.2022 9:42:53,0,0,43600,43,9390,0,48000,56000,50000,0,2690,2693,2701,2699,2693,2699,2708,2708,2700,2688,2701,2693,2699,2699,2712,2702,2712,15,2688,10,24,24,24,24,24,25,24,29,24,1,24,1,Disable,Enable,Disable,Enable,Disable,Disable,Disable,Disable,Disable,Disable,Disable,Disable,Disable,Disable,Disable,Disable,Enable,Disable,Enable,Disablevvvvvvvv,Disable,Disable,Disable,Disable,Disable,Disable,Disable,Disable,Disable,Disable,Disable,Disable,Disable,Disable,Disable,Disable,Disable,
10.06.2022 9:42:54,0,0,43600,43,9390,0,48000,56000,50000,0,2690,2693,2701,2699,2693,2699,2708,2708,2700,2688,2701,2693,2699,2699,2712,2702,2712,15,2688,10,24,24,24,24,24,25,24,29,24,1,24,1,Disable,Enable,Disable,Enable,Disable,Disable,Disable,Disable,Disable,Disable,Disable,Disable,Disable,Disable,Disable,Disable,Enable,Disable,Enable,Disablevvvvvvvv,Disable,Disable,Disable,Disable,Disable,Disable,Disable,Disable,Disable,Disable,Disable,Disable,Disable,Disable,Disable,Disable,Disable,
10.06.2022 9:42:55,0,0,43600,43,9390,0,48000,56000,50000,0,2690,2693,2701,2699,2693,2699,2708,2708,2700,2688,2701,2693,2699,2699,2712,2702,2712,15,2688,10,24,24,24,24,24,25,24,29,24,1,24,1,Disable,Enable,Disable,Enable,Disable,Disable,Disable,Disable,Disable,Disable,Disable,Disable,Disable,Disable,Disable,Disable,Enable,Disable,Enable,Disablevvvvvvvv,Disable,Disable,Disable,Disable,Disable,Disable,Disable,Disable,Disable,Disable,Disable,Disable,Disable,Disable,Disable,Disable,Disable,
10.06.2022 9:42:56,0,0,43600,43,9390,0,48000,56000,50000,0,2690,2693,2701,2699,2693,2699,2708,2708,2700,2688,2701,2693,2699,2699,2712,2702,2712,15,2688,10,24,24,24,24,24,25,24,29,24,1,24,1,Disable,Enable,Disable,Enable,Disable,Disable,Disable,Disable,Disable,Disable,Disable,Disable,Disable,Disable,Disable,Disable,Enable,Disable,Enable,Disablevvvvvvvv,Disable,Disable,Disable,Disable,Disable,Disable,Disable,Disable,Disable,Disable,Disable,Disable,Disable,Disable,Disable,Disable,Disable,
10.06.2022 9:42:57,0,0,43600,43,9390,0,48000,56000,50000,0,2690,2693,2701,2699,2693,2699,2708,2708,2700,2688,2701,2693,2699,2699,2712,2702,2712,15,2688,10,24,24,24,24,24,25,24,29,24,1,24,1,Disable,Enable,Disable,Enable,Disable,Disable,Disable,Disable,Disable,Disable,Disable,Disable,Disable,Disable,Disable,Disable,Enable,Disable,Enable,Disablevvvvvvvv,Disable,Disable,Disable,Disable,Disable,Disable,Disable,Disable,Disable,Disable,Disable,Disable,Disable,Disable,Disable,Disable,Disable,
10.06.2022 9:42:58,0,0,43600,43,9390,0,48000,56000,50000,0,2690,2693,2701,2699,2693,2699,2708,2708,2700,2688,2701,2693,2699,2699,2712,2702,2712,15,2688,10,24,24,24,24,24,25,24,29,24,1,24,1,Disable,Enable,Disable,Enable,Disable,Disable,Disable,Disable,Disable,Disable,Disable,Disable,Disable,Disable,Disable,Disable,Enable,Disable,Enable,Disablevvvvvvvv,Disable,Disable,Disable,Disable,Disable,Disable,Disable,Disable,Disable,Disable,Disable,Disable,Disable,Disable,Disable,Disable,Disable,
10.06.2022 9:42:59,0,0,43600,43,9390,0,48000,56000,50000,0,2690,2693,2701,2699,2693,2699,2708,2708,2700,2688,2701,2693,2699,2699,2712,2702,2712,15,2688,10,24,24,24,24,24,25,24,29,24,1,24,1,Disable,Enable,Disable,Enable,Disable,Disable,Disable,Disable,Disable,Disable,Disable,Disable,Disable,Disable,Disable,Disable,Enable,Disable,Enable,Disablevvvvvvvv,Disable,Disable,Disable,Disable,Disable,Disable,Disable,Disable,Disable,Disable,Disable,Disable,Disable,Disable,Disable,Disable,Disable,
10.06.2022 9:43:00,0,0,43600,43,9390,0,48000,56000,50000,0,2690,2693,2701,2699,2693,2699,2708,2708,2700,2688,2701,2693,2699,2699,2712,2702,2712,15,2688,10,24,24,24,24,24,25,24,29,24,1,24,1,Disable,Enable,Disable,Enable,Disable,Disable,Disable,Disable,Disable,Disable,Disable,Disable,Disable,Disable,Disable,Disable,Enable,Disable,Enable,Disablevvvvvvvv,Disable,Disable,Disable,Disable,Disable,Disable,Disable,Disable,Disable,Disable,Disable,Disable,Disable,Disable,Disable,Disable,Disable,
10.06.2022 9:43:01,0,0,43600,43,9390,0,48000,56000,50000,0,2690,2693,2701,2699,2693,2699,2708,2708,2700,2688,2701,2693,2699,2699,2712,2702,2712,15,2688,10,24,24,24,24,24,25,24,29,24,1,24,1,Disable,Enable,Disable,Enable,Disable,Disable,Disable,Disable,Disable,Disable,Disable,Disable,Disable,Disable,Disable,Disable,Enable,Disable,Enable,Disablevvvvvvvv,Disable,Disable,Disable,Disable,Disable,Disable,Disable,Disable,Disable,Disable,Disable,Disable,Disable,Disable,Disable,Disable,Disable,
10.06.2022 9:43:02,0,0,43600,43,9390,0,48000,56000,50000,0,2690,2693,2701,2699,2693,2699,2708,2708,2700,2688,2701,2693,2699,2699,2712,2702,2712,15,2688,10,24,24,24,24,24,25,24,29,24,1,24,1,Disable,Enable,Disable,Enable,Disable,Disable,Disable,Disable,Disable,Disable,Disable,Disable,Disable,Disable,Disable,Disable,Enable,Disable,Enable,Disablevvvvvvvv,Disable,Disable,Disable,Disable,Disable,Disable,Disable,Disable,Disable,Disable,Disable,Disable,Disable,Disable,Disable,Disable,Disable,
10.06.2022 9:43:03,0,0,43600,43,9390,0,48000,56000,50000,0,2690,2693,2701,2699,2693,2699,2708,2708,2700,2688,2701,2693,2699,2699,2712,2702,2712,15,2688,10,24,24,24,24,24,25,24,29,24,1,24,1,Disable,Enable,Disable,Enable,Disable,Disable,Disable,Disable,Disable,Disable,Disable,Disable,Disable,Disable,Disable,Disable,Enable,Disable,Enable,Disablevvvvvvvv,Disable,Disable,Disable,Disable,Disable,Disable,Disable,Disable,Disable,Disable,Disable,Disable,Disable,Disable,Disable,Disable,Disable,
10.06.2022 9:43:04,0,0,43600,43,9390,0,48000,56000,50000,0,2690,2693,2701,2699,2693,2699,2708,2708,2700,2688,2701,2693,2699,2699,2712,2702,2712,15,2688,10,24,24,24,24,24,25,24,29,24,1,24,1,Disable,Enable,Disable,Enable,Disable,Disable,Disable,Disable,Disable,Disable,Disable,Disable,Disable,Disable,Disable,Disable,Enable,Disable,Enable,Disablevvvvvvvv,Disable,Disable,Disable,Disable,Disable,Disable,Disable,Disable,Disable,Disable,Disable,Disable,Disable,Disable,Disable,Disable,Disable,
10.06.2022 9:43:05,0,0,43600,43,9390,0,48000,56000,50000,0,2690,2693,2701,2699,2693,2699,2708,2708,2700,2688,2701,2693,2699,2699,2712,2702,2712,15,2688,10,24,24,24,24,24,25,24,29,24,1,24,1,Disable,Enable,Disable,Enable,Disable,Disable,Disable,Disable,Disable,Disable,Disable,Disable,Disable,Disable,Disable,Disable,Enable,Disable,Enable,Disablevvvvvvvv,Disable,Disable,Disable,Disable,Disable,Disable,Disable,Disable,Disable,Disable,Disable,Disable,Disable,Disable,Disable,Disable,Disable,
10.06.2022 9:43:06,0,0,43600,43,9390,0,48000,56000,50000,0,2690,2693,2701,2699,2693,2699,2708,2708,2700,2688,2701,2693,2699,2699,2712,2702,2712,15,2688,10,24,24,24,24,24,25,24,29,24,1,24,1,Disable,Enable,Disable,Enable,Disable,Disable,Disable,Disable,Disable,Disable,Disable,Disable,Disable,Disable,Disable,Disable,Enable,Disable,Enable,Disablevvvvvvvv,Disable,Disable,Disable,Disable,Disable,Disable,Disable,Disable,Disable,Disable,Disable,Disable,Disable,Disable,Disable,Disable,Disable,
10.06.2022 9:43:07,0,0,43600,43,9390,0,48000,56000,50000,0,2690,2693,2701,2699,2693,2699,2708,2708,2700,2688,2701,2693,2699,2699,2712,2702,2712,15,2688,10,24,24,24,24,24,25,24,29,24,1,24,1,Disable,Enable,Disable,Enable,Disable,Disable,Disable,Disable,Disable,Disable,Disable,Disable,Disable,Disable,Disable,Disable,Enable,Disable,Enable,Disablevvvvvvvv,Disable,Disable,Disable,Disable,Disable,Disable,Disable,Disable,Disable,Disable,Disable,Disable,Disable,Disable,Disable,Disable,Disable,
10.06.2022 9:43:08,0,0,43600,43,9390,0,48000,56000,50000,0,2690,2693,2701,2699,2693,2699,2708,2708,2700,2688,2701,2693,2699,2699,2712,2702,2712,15,2688,10,24,24,24,24,24,25,24,29,24,1,24,1,Disable,Enable,Disable,Enable,Disable,Disable,Disable,Disable,Disable,Disable,Disable,Disable,Disable,Disable,Disable,Disable,Enable,Disable,Enable,Disablevvvvvvvv,Disable,Disable,Disable,Disable,Disable,Disable,Disable,Disable,Disable,Disable,Disable,Disable,Disable,Disable,Disable,Disable,Disable,
10.06.2022 9:43:09,0,0,43600,43,9390,0,48000,56000,50000,0,2690,2693,2701,2699,2693,2699,2708,2708,2700,2688,2701,2693,2699,2699,2712,2702,2712,15,2688,10,24,24,24,24,24,25,24,29,24,1,24,1,Disable,Enable,Disable,Enable,Disable,Disable,Disable,Disable,Disable,Disable,Disable,Disable,Disable,Disable,Disable,Disable,Enable,Disable,Enable,Disablevvvvvvvv,Disable,Disable,Disable,Disable,Disable,Disable,Disable,Disable,Disable,Disable,Disable,Disable,Disable,Disable,Disable,Disable,Disable,
10.06.2022 9:43:10,0,0,43600,43,9390,0,48000,56000,50000,0,2690,2693,2701,2699,2693,2699,2708,2708,2700,2688,2701,2693,2699,2699,2712,2702,2712,15,2688,10,24,24,24,24,24,25,24,29,24,1,24,1,Disable,Enable,Disable,Enable,Disable,Disable,Disable,Disable,Disable,Disable,Disable,Disable,Disable,Disable,Disable,Disable,Enable,Disable,Enable,Disablevvvvvvvv,Disable,Disable,Disable,Disable,Disable,Disable,Disable,Disable,Disable,Disable,Disable,Disable,Disable,Disable,Disable,Disable,Disable,
