﻿时间,SOC(%),电池电流(A),电池电压(mV),堆包电压(V),总容量(mAh),剩余容量(mAh),放电电压(mV),充电电压(mV),充电请求电流(mA),放电请求电流(mA),电芯电压1(mv),电芯电压2(mv),电芯电压3(mv),电芯电压4(mv),电芯电压5(mv),电芯电压6(mv),电芯电压7(mv),电芯电压8(mv),电芯电压9(mv),电芯电压10(mv),电芯电压11(mv),电芯电压12(mv),电芯电压13(mv),电芯电压14(mv),电芯电压15(mv),电芯电压16(mv),最大电芯电压(mv),最大电芯序列,最小电芯电压(mv),最小电芯序列,电芯压差(mv),电芯温度(℃),电芯温度(℃),电芯温度(℃),电芯温度(℃),MOS温度(℃),MOS温度(℃),环境温度(℃),最大温度(℃),最大温度序列,最小温度(℃),最小温度序列,电芯过压告警,电芯欠压告警,总压过压告警,总压欠压告警,充电过温告警,充电欠温告警,放电过温告警,放电欠温告警,环境过温告警,环境欠温告警,MOS过温,充电过流告警,放电过流告警,压差告警,温差告警,电芯过压故障,电芯欠压故障,总压过压故障,总压欠压故障,充电过温故障,充电欠温故障,放电过温故障,放电欠温故障,环境过温故障,环境欠温故障,MOS过温故障,充电过流故障,放电过流故障,压差故障,温差故障,预充故障,禁止充电故障,硬件充电过流故障,硬件放电过流故障,硬件电芯过压故障,充电保护丢失,放电保护丢失
08.06.2022 16:18:31,5,-42,49300,48,9890,490,48000,56000,10000,0,3037,3038,3047,3048,3042,3045,3044,3038,3038,3055,3054,3059,3049,3051,3056,3060,3060,16,3037,1,23,37,37,38,37,33,32,39,38,3,37,1,Disable,Disable,Disable,Disable,Disable,Disable,Disable,Disable,Disable,Disable,Disable,Disable,Disable,Disable,Disable,Disable,Disable,Disable,Disable,Disablevvvvvvvv,Disable,Disable,Disable,Disable,Disable,Disable,Disable,Disable,Disable,Disable,Disable,Disable,Disable,Disable,Disable,Disable,Disable,
08.06.2022 16:18:32,5,-42,49300,48,9890,490,48000,56000,10000,0,3037,3038,3047,3048,3042,3045,3044,3038,3038,3055,3054,3059,3049,3051,3056,3060,3060,16,3037,1,23,37,37,38,37,33,32,39,38,3,37,1,Disable,Disable,Disable,Disable,Disable,Disable,Disable,Disable,Disable,Disable,Disable,Disable,Disable,Disable,Disable,Disable,Disable,Disable,Disable,Disablevvvvvvvv,Disable,Disable,Disable,Disable,Disable,Disable,Disable,Disable,Disable,Disable,Disable,Disable,Disable,Disable,Disable,Disable,Disable,
08.06.2022 16:18:33,5,-42,49300,48,9890,490,48000,56000,10000,0,3037,3038,3047,3048,3042,3045,3044,3038,3038,3055,3054,3059,3049,3051,3056,3060,3060,16,3037,1,23,37,37,38,37,33,32,39,38,3,37,1,Disable,Disable,Disable,Disable,Disable,Disable,Disable,Disable,Disable,Disable,Disable,Disable,Disable,Disable,Disable,Disable,Disable,Disable,Disable,Disablevvvvvvvv,Disable,Disable,Disable,Disable,Disable,Disable,Disable,Disable,Disable,Disable,Disable,Disable,Disable,Disable,Disable,Disable,Disable,
08.06.2022 16:18:34,5,-42,49200,48,9890,490,48000,56000,10000,0,3032,3032,3042,3043,3037,3040,3039,3032,3032,3050,3049,3054,3043,3044,3050,3054,3054,12,3032,1,22,37,37,38,37,33,32,39,38,3,37,1,Disable,Disable,Disable,Disable,Disable,Disable,Disable,Disable,Disable,Disable,Disable,Disable,Disable,Disable,Disable,Disable,Disable,Disable,Disable,Disablevvvvvvvv,Disable,Disable,Disable,Disable,Disable,Disable,Disable,Disable,Disable,Disable,Disable,Disable,Disable,Disable,Disable,Disable,Disable,
08.06.2022 16:18:35,5,-42,49200,48,9890,490,48000,56000,10000,0,3032,3032,3042,3043,3037,3040,3039,3032,3032,3050,3049,3054,3043,3044,3050,3054,3054,12,3032,1,22,37,37,38,37,33,32,39,38,3,37,1,Disable,Disable,Disable,Disable,Disable,Disable,Disable,Disable,Disable,Disable,Disable,Disable,Disable,Disable,Disable,Disable,Disable,Disable,Disable,Disablevvvvvvvv,Disable,Disable,Disable,Disable,Disable,Disable,Disable,Disable,Disable,Disable,Disable,Disable,Disable,Disable,Disable,Disable,Disable,
08.06.2022 16:18:36,5,-42,49200,48,9890,490,48000,56000,10000,0,3032,3032,3042,3043,3037,3040,3039,3032,3032,3050,3049,3054,3043,3044,3050,3054,3054,12,3032,1,22,37,37,38,37,33,32,39,38,3,37,1,Disable,Disable,Disable,Disable,Disable,Disable,Disable,Disable,Disable,Disable,Disable,Disable,Disable,Disable,Disable,Disable,Disable,Disable,Disable,Disablevvvvvvvv,Disable,Disable,Disable,Disable,Disable,Disable,Disable,Disable,Disable,Disable,Disable,Disable,Disable,Disable,Disable,Disable,Disable,
08.06.2022 16:18:37,5,-42,49200,48,9890,490,48000,56000,10000,0,3029,3029,3039,3040,3033,3037,3036,3029,3029,3047,3047,3051,3040,3040,3046,3050,3051,12,3029,9,22,37,37,38,37,33,32,39,38,3,37,1,Disable,Disable,Disable,Disable,Disable,Disable,Disable,Disable,Disable,Disable,Disable,Disable,Disable,Disable,Disable,Disable,Disable,Disable,Disable,Disablevvvvvvvv,Disable,Disable,Disable,Disable,Disable,Disable,Disable,Disable,Disable,Disable,Disable,Disable,Disable,Disable,Disable,Disable,Disable,
08.06.2022 16:18:38,5,-42,49200,48,9890,490,48000,56000,10000,0,3029,3029,3039,3040,3033,3037,3036,3029,3029,3047,3047,3051,3040,3040,3046,3050,3051,12,3029,9,22,37,37,38,37,33,32,39,38,3,37,1,Disable,Disable,Disable,Disable,Disable,Disable,Disable,Disable,Disable,Disable,Disable,Disable,Disable,Disable,Disable,Disable,Disable,Disable,Disable,Disablevvvvvvvv,Disable,Disable,Disable,Disable,Disable,Disable,Disable,Disable,Disable,Disable,Disable,Disable,Disable,Disable,Disable,Disable,Disable,
08.06.2022 16:18:39,5,-42,49200,48,9890,490,48000,56000,10000,0,3029,3029,3039,3040,3033,3037,3036,3029,3029,3047,3047,3051,3040,3040,3046,3050,3051,12,3029,9,22,37,37,38,37,33,32,39,38,3,37,1,Disable,Disable,Disable,Disable,Disable,Disable,Disable,Disable,Disable,Disable,Disable,Disable,Disable,Disable,Disable,Disable,Disable,Disable,Disable,Disablevvvvvvvv,Disable,Disable,Disable,Disable,Disable,Disable,Disable,Disable,Disable,Disable,Disable,Disable,Disable,Disable,Disable,Disable,Disable,
08.06.2022 16:18:40,5,-42,49200,48,9890,490,48000,56000,10000,0,3027,3027,3037,3038,3031,3036,3034,3028,3026,3046,3046,3050,3038,3038,3042,3047,3050,12,3026,9,24,37,37,38,37,33,32,39,38,3,37,1,Disable,Disable,Disable,Disable,Disable,Disable,Disable,Disable,Disable,Disable,Disable,Disable,Disable,Disable,Disable,Disable,Disable,Disable,Disable,Disablevvvvvvvv,Disable,Disable,Disable,Disable,Disable,Disable,Disable,Disable,Disable,Disable,Disable,Disable,Disable,Disable,Disable,Disable,Disable,
08.06.2022 16:18:41,5,-42,49200,48,9890,490,48000,56000,10000,0,3027,3027,3037,3038,3031,3036,3034,3028,3026,3046,3046,3050,3038,3038,3042,3047,3050,12,3026,9,24,37,37,38,37,33,32,39,38,3,37,1,Disable,Disable,Disable,Disable,Disable,Disable,Disable,Disable,Disable,Disable,Disable,Disable,Disable,Disable,Disable,Disable,Disable,Disable,Disable,Disablevvvvvvvv,Disable,Disable,Disable,Disable,Disable,Disable,Disable,Disable,Disable,Disable,Disable,Disable,Disable,Disable,Disable,Disable,Disable,
08.06.2022 16:18:42,5,-42,49200,48,9890,490,48000,56000,10000,0,3027,3027,3037,3038,3031,3036,3034,3028,3026,3046,3046,3050,3038,3038,3042,3047,3050,12,3026,9,24,37,37,38,37,33,32,39,38,3,37,1,Disable,Disable,Disable,Disable,Disable,Disable,Disable,Disable,Disable,Disable,Disable,Disable,Disable,Disable,Disable,Disable,Disable,Disable,Disable,Disablevvvvvvvv,Disable,Disable,Disable,Disable,Disable,Disable,Disable,Disable,Disable,Disable,Disable,Disable,Disable,Disable,Disable,Disable,Disable,
08.06.2022 16:18:43,5,-42,49200,48,9890,490,48000,56000,10000,0,3028,3028,3038,3038,3032,3036,3035,3029,3027,3047,3047,3050,3038,3037,3041,3045,3050,12,3027,9,23,37,37,38,37,33,32,39,38,3,37,1,Disable,Disable,Disable,Disable,Disable,Disable,Disable,Disable,Disable,Disable,Disable,Disable,Disable,Disable,Disable,Disable,Disable,Disable,Disable,Disablevvvvvvvv,Disable,Disable,Disable,Disable,Disable,Disable,Disable,Disable,Disable,Disable,Disable,Disable,Disable,Disable,Disable,Disable,Disable,
08.06.2022 16:18:44,5,-42,49200,48,9890,490,48000,56000,10000,0,3028,3028,3038,3038,3032,3036,3035,3029,3027,3047,3047,3050,3038,3037,3041,3045,3050,12,3027,9,23,37,37,38,37,33,32,39,38,3,37,1,Disable,Disable,Disable,Disable,Disable,Disable,Disable,Disable,Disable,Disable,Disable,Disable,Disable,Disable,Disable,Disable,Disable,Disable,Disable,Disablevvvvvvvv,Disable,Disable,Disable,Disable,Disable,Disable,Disable,Disable,Disable,Disable,Disable,Disable,Disable,Disable,Disable,Disable,Disable,
08.06.2022 16:18:45,5,-42,49200,48,9890,490,48000,56000,10000,0,3028,3028,3038,3038,3032,3036,3035,3029,3027,3047,3047,3050,3038,3037,3041,3045,3050,12,3027,9,23,37,37,38,37,33,32,39,38,3,37,1,Disable,Disable,Disable,Disable,Disable,Disable,Disable,Disable,Disable,Disable,Disable,Disable,Disable,Disable,Disable,Disable,Disable,Disable,Disable,Disablevvvvvvvv,Disable,Disable,Disable,Disable,Disable,Disable,Disable,Disable,Disable,Disable,Disable,Disable,Disable,Disable,Disable,Disable,Disable,
08.06.2022 16:18:46,5,-42,49100,48,9890,490,48000,56000,10000,0,3031,3031,3041,3042,3035,3040,3039,3033,3032,3052,3051,3054,3041,3040,3042,3044,3054,12,3031,1,23,37,37,38,37,33,32,39,38,3,37,1,Disable,Disable,Disable,Disable,Disable,Disable,Disable,Disable,Disable,Disable,Disable,Disable,Disable,Disable,Disable,Disable,Disable,Disable,Disable,Disablevvvvvvvv,Disable,Disable,Disable,Disable,Disable,Disable,Disable,Disable,Disable,Disable,Disable,Disable,Disable,Disable,Disable,Disable,Disable,
08.06.2022 16:18:47,5,-42,49100,48,9890,490,48000,56000,10000,0,3031,3031,3041,3042,3035,3040,3039,3033,3032,3052,3051,3054,3041,3040,3042,3044,3054,12,3031,1,23,37,37,38,37,33,32,39,38,3,37,1,Disable,Disable,Disable,Disable,Disable,Disable,Disable,Disable,Disable,Disable,Disable,Disable,Disable,Disable,Disable,Disable,Disable,Disable,Disable,Disablevvvvvvvv,Disable,Disable,Disable,Disable,Disable,Disable,Disable,Disable,Disable,Disable,Disable,Disable,Disable,Disable,Disable,Disable,Disable,
08.06.2022 16:18:48,5,-42,49100,48,9890,490,48000,56000,10000,0,3031,3031,3041,3042,3035,3040,3039,3033,3032,3052,3051,3054,3041,3040,3042,3044,3054,12,3031,1,23,37,37,38,37,33,32,39,38,3,37,1,Disable,Disable,Disable,Disable,Disable,Disable,Disable,Disable,Disable,Disable,Disable,Disable,Disable,Disable,Disable,Disable,Disable,Disable,Disable,Disablevvvvvvvv,Disable,Disable,Disable,Disable,Disable,Disable,Disable,Disable,Disable,Disable,Disable,Disable,Disable,Disable,Disable,Disable,Disable,
08.06.2022 16:18:49,5,-42,49100,48,9890,490,48000,56000,10000,0,3036,3035,3046,3046,3040,3045,3044,3038,3038,3058,3057,3059,3046,3044,3045,3045,3059,12,3035,1,24,37,37,38,37,33,32,39,38,3,37,1,Disable,Disable,Disable,Disable,Disable,Disable,Disable,Disable,Disable,Disable,Disable,Disable,Disable,Disable,Disable,Disable,Disable,Disable,Disable,Disablevvvvvvvv,Disable,Disable,Disable,Disable,Disable,Disable,Disable,Disable,Disable,Disable,Disable,Disable,Disable,Disable,Disable,Disable,Disable,
08.06.2022 16:18:50,5,-42,49100,48,9890,490,48000,56000,10000,0,3036,3035,3046,3046,3040,3045,3044,3038,3038,3058,3057,3059,3046,3044,3045,3045,3059,12,3035,1,24,37,37,38,37,33,32,39,38,3,37,1,Disable,Disable,Disable,Disable,Disable,Disable,Disable,Disable,Disable,Disable,Disable,Disable,Disable,Disable,Disable,Disable,Disable,Disable,Disable,Disablevvvvvvvv,Disable,Disable,Disable,Disable,Disable,Disable,Disable,Disable,Disable,Disable,Disable,Disable,Disable,Disable,Disable,Disable,Disable,
08.06.2022 16:18:51,5,-42,49100,48,9890,490,48000,56000,10000,0,3036,3035,3046,3046,3040,3045,3044,3038,3038,3058,3057,3059,3046,3044,3045,3045,3059,12,3035,1,24,37,37,38,37,33,32,39,38,3,37,1,Disable,Disable,Disable,Disable,Disable,Disable,Disable,Disable,Disable,Disable,Disable,Disable,Disable,Disable,Disable,Disable,Disable,Disable,Disable,Disablevvvvvvvv,Disable,Disable,Disable,Disable,Disable,Disable,Disable,Disable,Disable,Disable,Disable,Disable,Disable,Disable,Disable,Disable,Disable,
08.06.2022 16:18:52,5,-42,49100,48,9890,490,48000,56000,10000,0,3041,3041,3051,3052,3045,3051,3050,3045,3046,3064,3063,3065,3051,3049,3050,3048,3065,10,3041,2,24,37,37,38,37,33,32,39,38,3,37,1,Disable,Disable,Disable,Disable,Disable,Disable,Disable,Disable,Disable,Disable,Disable,Disable,Disable,Disable,Disable,Disable,Disable,Disable,Disable,Disablevvvvvvvv,Disable,Disable,Disable,Disable,Disable,Disable,Disable,Disable,Disable,Disable,Disable,Disable,Disable,Disable,Disable,Disable,Disable,
08.06.2022 16:18:53,5,-42,49100,48,9890,490,48000,56000,10000,0,3041,3041,3051,3052,3045,3051,3050,3045,3046,3064,3063,3065,3051,3049,3050,3048,3065,10,3041,2,24,37,37,38,37,33,32,39,38,3,37,1,Disable,Disable,Disable,Disable,Disable,Disable,Disable,Disable,Disable,Disable,Disable,Disable,Disable,Disable,Disable,Disable,Disable,Disable,Disable,Disablevvvvvvvv,Disable,Disable,Disable,Disable,Disable,Disable,Disable,Disable,Disable,Disable,Disable,Disable,Disable,Disable,Disable,Disable,Disable,
08.06.2022 16:18:54,5,-42,49100,48,9890,490,48000,56000,10000,0,3041,3041,3051,3052,3045,3051,3050,3045,3046,3064,3063,3065,3051,3049,3050,3048,3065,10,3041,2,24,37,37,38,37,33,32,39,38,3,37,1,Disable,Disable,Disable,Disable,Disable,Disable,Disable,Disable,Disable,Disable,Disable,Disable,Disable,Disable,Disable,Disable,Disable,Disable,Disable,Disablevvvvvvvv,Disable,Disable,Disable,Disable,Disable,Disable,Disable,Disable,Disable,Disable,Disable,Disable,Disable,Disable,Disable,Disable,Disable,
08.06.2022 16:18:55,5,-42,49100,48,9890,490,48000,56000,10000,0,3047,3046,3057,3057,3051,3057,3056,3052,3054,3071,3069,3071,3058,3056,3055,3051,3071,10,3046,2,25,37,37,38,37,33,32,39,38,3,37,1,Disable,Disable,Disable,Disable,Disable,Disable,Disable,Disable,Disable,Disable,Disable,Disable,Disable,Disable,Disable,Disable,Disable,Disable,Disable,Disablevvvvvvvv,Disable,Disable,Disable,Disable,Disable,Disable,Disable,Disable,Disable,Disable,Disable,Disable,Disable,Disable,Disable,Disable,Disable,
08.06.2022 16:18:56,5,-42,49100,48,9890,490,48000,56000,10000,0,3047,3046,3057,3057,3051,3057,3056,3052,3054,3071,3069,3071,3058,3056,3055,3051,3071,10,3046,2,25,37,37,38,37,33,32,39,38,3,37,1,Disable,Disable,Disable,Disable,Disable,Disable,Disable,Disable,Disable,Disable,Disable,Disable,Disable,Disable,Disable,Disable,Disable,Disable,Disable,Disablevvvvvvvv,Disable,Disable,Disable,Disable,Disable,Disable,Disable,Disable,Disable,Disable,Disable,Disable,Disable,Disable,Disable,Disable,Disable,
08.06.2022 16:18:57,5,-42,49100,48,9890,490,48000,56000,10000,0,3047,3046,3057,3057,3051,3057,3056,3052,3054,3071,3069,3071,3058,3056,3055,3051,3071,10,3046,2,25,37,37,38,37,33,32,39,38,3,37,1,Disable,Disable,Disable,Disable,Disable,Disable,Disable,Disable,Disable,Disable,Disable,Disable,Disable,Disable,Disable,Disable,Disable,Disable,Disable,Disablevvvvvvvv,Disable,Disable,Disable,Disable,Disable,Disable,Disable,Disable,Disable,Disable,Disable,Disable,Disable,Disable,Disable,Disable,Disable,
08.06.2022 16:18:58,5,-42,49100,48,9890,490,48000,56000,10000,0,3047,3046,3057,3057,3051,3057,3056,3052,3054,3071,3069,3071,3058,3056,3055,3051,3071,10,3046,2,25,37,37,38,37,33,32,39,38,3,37,1,Disable,Disable,Disable,Disable,Disable,Disable,Disable,Disable,Disable,Disable,Disable,Disable,Disable,Disable,Disable,Disable,Disable,Disable,Disable,Disablevvvvvvvv,Disable,Disable,Disable,Disable,Disable,Disable,Disable,Disable,Disable,Disable,Disable,Disable,Disable,Disable,Disable,Disable,Disable,
08.06.2022 16:18:59,5,-42,49100,48,9890,490,48000,56000,10000,0,3051,3051,3061,3062,3055,3062,3060,3057,3060,3076,3074,3076,3063,3061,3060,3054,3076,10,3051,2,25,37,37,38,37,33,32,39,38,3,37,1,Disable,Disable,Disable,Disable,Disable,Disable,Disable,Disable,Disable,Disable,Disable,Disable,Disable,Disable,Disable,Disable,Disable,Disable,Disable,Disablevvvvvvvv,Disable,Disable,Disable,Disable,Disable,Disable,Disable,Disable,Disable,Disable,Disable,Disable,Disable,Disable,Disable,Disable,Disable,
08.06.2022 16:19:00,5,-42,49100,48,9890,490,48000,56000,10000,0,3051,3051,3061,3062,3055,3062,3060,3057,3060,3076,3074,3076,3063,3061,3060,3054,3076,10,3051,2,25,37,37,38,37,33,32,39,38,3,37,1,Disable,Disable,Disable,Disable,Disable,Disable,Disable,Disable,Disable,Disable,Disable,Disable,Disable,Disable,Disable,Disable,Disable,Disable,Disable,Disablevvvvvvvv,Disable,Disable,Disable,Disable,Disable,Disable,Disable,Disable,Disable,Disable,Disable,Disable,Disable,Disable,Disable,Disable,Disable,
08.06.2022 16:19:01,5,-42,49100,48,9890,490,48000,56000,10000,0,3051,3051,3061,3062,3055,3062,3060,3057,3060,3076,3074,3076,3063,3061,3060,3054,3076,10,3051,2,25,37,37,38,37,33,32,39,38,3,37,1,Disable,Disable,Disable,Disable,Disable,Disable,Disable,Disable,Disable,Disable,Disable,Disable,Disable,Disable,Disable,Disable,Disable,Disable,Disable,Disablevvvvvvvv,Disable,Disable,Disable,Disable,Disable,Disable,Disable,Disable,Disable,Disable,Disable,Disable,Disable,Disable,Disable,Disable,Disable,
08.06.2022 16:19:02,5,-42,49000,49,9890,490,48000,56000,10000,0,3054,3053,3065,3065,3058,3065,3063,3060,3065,3080,3077,3079,3066,3065,3065,3057,3080,10,3053,2,27,37,37,38,37,33,32,39,38,3,37,1,Disable,Disable,Disable,Disable,Disable,Disable,Disable,Disable,Disable,Disable,Disable,Disable,Disable,Disable,Disable,Disable,Disable,Disable,Disable,Disablevvvvvvvv,Disable,Disable,Disable,Disable,Disable,Disable,Disable,Disable,Disable,Disable,Disable,Disable,Disable,Disable,Disable,Disable,Disable,
08.06.2022 16:19:03,5,-42,49000,49,9890,490,48000,56000,10000,0,3054,3053,3065,3065,3058,3065,3063,3060,3065,3080,3077,3079,3066,3065,3065,3057,3080,10,3053,2,27,37,37,38,37,33,32,39,38,3,37,1,Disable,Disable,Disable,Disable,Disable,Disable,Disable,Disable,Disable,Disable,Disable,Disable,Disable,Disable,Disable,Disable,Disable,Disable,Disable,Disablevvvvvvvv,Disable,Disable,Disable,Disable,Disable,Disable,Disable,Disable,Disable,Disable,Disable,Disable,Disable,Disable,Disable,Disable,Disable,
08.06.2022 16:19:04,5,-42,49000,49,9890,490,48000,56000,10000,0,3054,3053,3065,3065,3058,3065,3063,3060,3065,3080,3077,3079,3066,3065,3065,3057,3080,10,3053,2,27,37,37,38,37,33,32,39,38,3,37,1,Disable,Disable,Disable,Disable,Disable,Disable,Disable,Disable,Disable,Disable,Disable,Disable,Disable,Disable,Disable,Disable,Disable,Disable,Disable,Disablevvvvvvvv,Disable,Disable,Disable,Disable,Disable,Disable,Disable,Disable,Disable,Disable,Disable,Disable,Disable,Disable,Disable,Disable,Disable,
08.06.2022 16:19:05,5,-42,49000,49,9890,490,48000,56000,10000,0,3055,3054,3065,3066,3059,3066,3064,3060,3067,3080,3077,3079,3068,3067,3068,3059,3080,10,3054,2,26,37,37,38,37,33,32,39,38,3,37,1,Disable,Disable,Disable,Disable,Disable,Disable,Disable,Disable,Disable,Disable,Disable,Disable,Disable,Disable,Disable,Disable,Disable,Disable,Disable,Disablevvvvvvvv,Disable,Disable,Disable,Disable,Disable,Disable,Disable,Disable,Disable,Disable,Disable,Disable,Disable,Disable,Disable,Disable,Disable,
08.06.2022 16:19:06,5,-42,49000,49,9890,490,48000,56000,10000,0,3055,3054,3065,3066,3059,3066,3064,3060,3067,3080,3077,3079,3068,3067,3068,3059,3080,10,3054,2,26,37,37,38,37,33,32,39,38,3,37,1,Disable,Disable,Disable,Disable,Disable,Disable,Disable,Disable,Disable,Disable,Disable,Disable,Disable,Disable,Disable,Disable,Disable,Disable,Disable,Disablevvvvvvvv,Disable,Disable,Disable,Disable,Disable,Disable,Disable,Disable,Disable,Disable,Disable,Disable,Disable,Disable,Disable,Disable,Disable,
08.06.2022 16:19:07,5,-42,49000,49,9890,490,48000,56000,10000,0,3055,3054,3065,3066,3059,3066,3064,3060,3067,3080,3077,3079,3068,3067,3068,3059,3080,10,3054,2,26,37,37,38,37,33,32,39,38,3,37,1,Disable,Disable,Disable,Disable,Disable,Disable,Disable,Disable,Disable,Disable,Disable,Disable,Disable,Disable,Disable,Disable,Disable,Disable,Disable,Disablevvvvvvvv,Disable,Disable,Disable,Disable,Disable,Disable,Disable,Disable,Disable,Disable,Disable,Disable,Disable,Disable,Disable,Disable,Disable,
08.06.2022 16:19:08,5,-42,49000,48,9890,490,48000,56000,10000,0,3036,3035,3047,3048,3040,3048,3045,3040,3044,3060,3058,3061,3049,3048,3050,3046,3061,12,3035,2,26,37,37,38,37,33,32,39,38,3,37,1,Disable,Disable,Disable,Disable,Disable,Disable,Disable,Disable,Disable,Disable,Disable,Disable,Disable,Disable,Disable,Disable,Disable,Disable,Disable,Disablevvvvvvvv,Disable,Disable,Disable,Disable,Disable,Disable,Disable,Disable,Disable,Disable,Disable,Disable,Disable,Disable,Disable,Disable,Disable,
08.06.2022 16:19:09,5,-42,49000,48,9890,490,48000,56000,10000,0,3036,3035,3047,3048,3040,3048,3045,3040,3044,3060,3058,3061,3049,3048,3050,3046,3061,12,3035,2,26,37,37,38,37,33,32,39,38,3,37,1,Disable,Disable,Disable,Disable,Disable,Disable,Disable,Disable,Disable,Disable,Disable,Disable,Disable,Disable,Disable,Disable,Disable,Disable,Disable,Disablevvvvvvvv,Disable,Disable,Disable,Disable,Disable,Disable,Disable,Disable,Disable,Disable,Disable,Disable,Disable,Disable,Disable,Disable,Disable,
08.06.2022 16:19:10,5,-42,49000,48,9890,490,48000,56000,10000,0,3036,3035,3047,3048,3040,3048,3045,3040,3044,3060,3058,3061,3049,3048,3050,3046,3061,12,3035,2,26,37,37,38,37,33,32,39,38,3,37,1,Disable,Disable,Disable,Disable,Disable,Disable,Disable,Disable,Disable,Disable,Disable,Disable,Disable,Disable,Disable,Disable,Disable,Disable,Disable,Disablevvvvvvvv,Disable,Disable,Disable,Disable,Disable,Disable,Disable,Disable,Disable,Disable,Disable,Disable,Disable,Disable,Disable,Disable,Disable,
08.06.2022 16:19:11,5,-42,49000,48,9890,490,48000,56000,10000,0,3022,3021,3033,3034,3027,3034,3031,3025,3026,3046,3044,3047,3034,3032,3034,3035,3047,12,3021,2,26,37,37,38,37,33,32,39,38,3,37,1,Disable,Disable,Disable,Disable,Disable,Disable,Disable,Disable,Disable,Disable,Disable,Disable,Disable,Disable,Disable,Disable,Disable,Disable,Disable,Disablevvvvvvvv,Disable,Disable,Disable,Disable,Disable,Disable,Disable,Disable,Disable,Disable,Disable,Disable,Disable,Disable,Disable,Disable,Disable,
08.06.2022 16:19:12,5,-42,49000,48,9890,490,48000,56000,10000,0,3022,3021,3033,3034,3027,3034,3031,3025,3026,3046,3044,3047,3034,3032,3034,3035,3047,12,3021,2,26,37,37,38,37,33,32,39,38,3,37,1,Disable,Disable,Disable,Disable,Disable,Disable,Disable,Disable,Disable,Disable,Disable,Disable,Disable,Disable,Disable,Disable,Disable,Disable,Disable,Disablevvvvvvvv,Disable,Disable,Disable,Disable,Disable,Disable,Disable,Disable,Disable,Disable,Disable,Disable,Disable,Disable,Disable,Disable,Disable,
08.06.2022 16:19:13,5,-42,49000,48,9890,490,48000,56000,10000,0,3022,3021,3033,3034,3027,3034,3031,3025,3026,3046,3044,3047,3034,3032,3034,3035,3047,12,3021,2,26,37,37,38,37,33,32,39,38,3,37,1,Disable,Disable,Disable,Disable,Disable,Disable,Disable,Disable,Disable,Disable,Disable,Disable,Disable,Disable,Disable,Disable,Disable,Disable,Disable,Disablevvvvvvvv,Disable,Disable,Disable,Disable,Disable,Disable,Disable,Disable,Disable,Disable,Disable,Disable,Disable,Disable,Disable,Disable,Disable,
08.06.2022 16:19:14,5,-42,48900,48,9890,490,48000,56000,10000,0,3028,3027,3039,3039,3032,3040,3037,3032,3034,3053,3051,3053,3040,3037,3039,3037,3053,12,3027,2,26,37,37,38,37,33,32,39,38,3,37,1,Disable,Disable,Disable,Disable,Disable,Disable,Disable,Disable,Disable,Disable,Disable,Disable,Disable,Disable,Disable,Disable,Disable,Disable,Disable,Disablevvvvvvvv,Disable,Disable,Disable,Disable,Disable,Disable,Disable,Disable,Disable,Disable,Disable,Disable,Disable,Disable,Disable,Disable,Disable,
08.06.2022 16:19:15,5,-42,48900,48,9890,490,48000,56000,10000,0,3028,3027,3039,3039,3032,3040,3037,3032,3034,3053,3051,3053,3040,3037,3039,3037,3053,12,3027,2,26,37,37,38,37,33,32,39,38,3,37,1,Disable,Disable,Disable,Disable,Disable,Disable,Disable,Disable,Disable,Disable,Disable,Disable,Disable,Disable,Disable,Disable,Disable,Disable,Disable,Disablevvvvvvvv,Disable,Disable,Disable,Disable,Disable,Disable,Disable,Disable,Disable,Disable,Disable,Disable,Disable,Disable,Disable,Disable,Disable,
08.06.2022 16:19:16,5,-42,48900,48,9890,490,48000,56000,10000,0,3028,3027,3039,3039,3032,3040,3037,3032,3034,3053,3051,3053,3040,3037,3039,3037,3053,12,3027,2,26,37,37,38,37,33,32,39,38,3,37,1,Disable,Disable,Disable,Disable,Disable,Disable,Disable,Disable,Disable,Disable,Disable,Disable,Disable,Disable,Disable,Disable,Disable,Disable,Disable,Disablevvvvvvvv,Disable,Disable,Disable,Disable,Disable,Disable,Disable,Disable,Disable,Disable,Disable,Disable,Disable,Disable,Disable,Disable,Disable,
08.06.2022 16:19:17,5,-42,48900,48,9890,490,48000,56000,10000,0,3028,3027,3039,3039,3032,3040,3037,3032,3034,3053,3051,3053,3040,3037,3039,3037,3053,10,3032,2,27,37,37,38,37,33,32,39,38,3,37,1,Disable,Disable,Disable,Disable,Disable,Disable,Disable,Disable,Disable,Disable,Disable,Disable,Disable,Disable,Disable,Disable,Disable,Disable,Disable,Disablevvvvvvvv,Disable,Disable,Disable,Disable,Disable,Disable,Disable,Disable,Disable,Disable,Disable,Disable,Disable,Disable,Disable,Disable,Disable,
08.06.2022 16:19:18,5,-42,48900,48,9890,490,48000,56000,10000,0,3033,3032,3044,3045,3037,3046,3043,3038,3041,3059,3057,3059,3045,3043,3044,3040,3059,10,3032,2,27,37,37,38,37,33,32,39,38,3,37,1,Disable,Disable,Disable,Disable,Disable,Disable,Disable,Disable,Disable,Disable,Disable,Disable,Disable,Disable,Disable,Disable,Disable,Disable,Disable,Disablevvvvvvvv,Disable,Disable,Disable,Disable,Disable,Disable,Disable,Disable,Disable,Disable,Disable,Disable,Disable,Disable,Disable,Disable,Disable,
08.06.2022 16:19:19,5,-42,48900,48,9890,490,48000,56000,10000,0,3033,3032,3044,3045,3037,3046,3043,3038,3041,3059,3057,3059,3045,3043,3044,3040,3059,10,3032,2,27,37,37,38,37,33,32,39,38,3,37,1,Disable,Disable,Disable,Disable,Disable,Disable,Disable,Disable,Disable,Disable,Disable,Disable,Disable,Disable,Disable,Disable,Disable,Disable,Disable,Disablevvvvvvvv,Disable,Disable,Disable,Disable,Disable,Disable,Disable,Disable,Disable,Disable,Disable,Disable,Disable,Disable,Disable,Disable,Disable,
08.06.2022 16:19:20,5,-42,48900,48,9890,490,48000,56000,10000,0,3033,3032,3044,3045,3037,3046,3043,3038,3041,3059,3057,3059,3045,3043,3044,3040,3059,10,3032,2,27,37,37,38,37,33,32,39,38,3,37,1,Disable,Disable,Disable,Disable,Disable,Disable,Disable,Disable,Disable,Disable,Disable,Disable,Disable,Disable,Disable,Disable,Disable,Disable,Disable,Disablevvvvvvvv,Disable,Disable,Disable,Disable,Disable,Disable,Disable,Disable,Disable,Disable,Disable,Disable,Disable,Disable,Disable,Disable,Disable,
08.06.2022 16:19:21,5,-42,48900,48,9890,490,48000,56000,10000,0,3038,3037,3049,3049,3042,3051,3048,3043,3048,3065,3062,3064,3051,3049,3049,3043,3065,10,3037,2,28,37,37,38,37,33,32,39,38,3,37,1,Disable,Disable,Disable,Disable,Disable,Disable,Disable,Disable,Disable,Disable,Disable,Disable,Disable,Disable,Disable,Disable,Disable,Disable,Disable,Disablevvvvvvvv,Disable,Disable,Disable,Disable,Disable,Disable,Disable,Disable,Disable,Disable,Disable,Disable,Disable,Disable,Disable,Disable,Disable,
