﻿时间,SOC(%),电池电流(A),电池电压(mV),堆包电压(V),总容量(mAh),剩余容量(mAh),放电电压(mV),充电电压(mV),充电请求电流(mA),放电请求电流(mA),电芯电压1(mv),电芯电压2(mv),电芯电压3(mv),电芯电压4(mv),电芯电压5(mv),电芯电压6(mv),电芯电压7(mv),电芯电压8(mv),电芯电压9(mv),电芯电压10(mv),电芯电压11(mv),电芯电压12(mv),电芯电压13(mv),电芯电压14(mv),电芯电压15(mv),电芯电压16(mv),最大电芯电压(mv),最大电芯序列,最小电芯电压(mv),最小电芯序列,电芯压差(mv),电芯温度(℃),电芯温度(℃),电芯温度(℃),电芯温度(℃),MOS温度(℃),MOS温度(℃),环境温度(℃),最大温度(℃),最大温度序列,最小温度(℃),最小温度序列,电芯过压告警,电芯欠压告警,总压过压告警,总压欠压告警,充电过温告警,充电欠温告警,放电过温告警,放电欠温告警,环境过温告警,环境欠温告警,MOS过温,充电过流告警,放电过流告警,压差告警,温差告警,电芯过压故障,电芯欠压故障,总压过压故障,总压欠压故障,充电过温故障,充电欠温故障,放电过温故障,放电欠温故障,环境过温故障,环境欠温故障,MOS过温故障,充电过流故障,放电过流故障,压差故障,温差故障,预充故障,禁止充电故障,硬件充电过流故障,硬件放电过流故障,硬件电芯过压故障,充电保护丢失,放电保护丢失
26.04.2022 9:24:00,91,0,53400,53,9190,8420,0,0,0,0,3321,3325,3325,3325,3325,3325,3325,3325,3326,3325,3326,3326,3325,3325,3326,3325,3326,9,3321,1,5,21,21,21,21,22,22,31,21,1,21,1,Disable,Disable,Disable,Disable,Disable,Disable,Disable,Disable,Disable,Disable,Disable,Disable,Disable,Disable,Disable,Disable,Disable,Disable,Disable,Disablevvvvvvvv,Disable,Disable,Disable,Disable,Disable,Disable,Disable,Disable,Disable,Disable,Disable,Disable,Disable,Disable,Disable,Disable,Disable,
26.04.2022 9:24:01,91,0,53400,53,9190,8420,48000,56000,50000,-100000,3321,3325,3325,3325,3325,3325,3325,3325,3326,3325,3326,3326,3325,3325,3326,3325,3326,9,3321,1,5,21,21,21,21,22,22,31,21,1,21,1,Disable,Disable,Disable,Disable,Disable,Disable,Disable,Disable,Disable,Disable,Disable,Disable,Disable,Disable,Disable,Disable,Disable,Disable,Disable,Disablevvvvvvvv,Disable,Disable,Disable,Disable,Disable,Disable,Disable,Disable,Disable,Disable,Disable,Disable,Disable,Disable,Disable,Disable,Disable,
26.04.2022 9:24:02,91,0,53400,53,9190,8420,48000,56000,50000,-100000,3321,3325,3325,3325,3325,3325,3325,3325,3326,3325,3326,3326,3325,3325,3326,3325,3326,9,3321,1,5,21,21,21,21,22,22,31,21,1,21,1,Disable,Disable,Disable,Disable,Disable,Disable,Disable,Disable,Disable,Disable,Disable,Disable,Disable,Disable,Disable,Disable,Disable,Disable,Disable,Disablevvvvvvvv,Disable,Disable,Disable,Disable,Disable,Disable,Disable,Disable,Disable,Disable,Disable,Disable,Disable,Disable,Disable,Disable,Disable,
26.04.2022 9:24:03,91,0,53400,53,9190,8420,48000,56000,50000,-100000,3321,3325,3325,3325,3325,3325,3325,3325,3326,3325,3326,3326,3325,3325,3326,3325,3326,9,3321,1,5,21,21,21,21,22,22,31,21,1,21,1,Disable,Disable,Disable,Disable,Disable,Disable,Disable,Disable,Disable,Disable,Disable,Disable,Disable,Disable,Disable,Disable,Disable,Disable,Disable,Disablevvvvvvvv,Disable,Disable,Disable,Disable,Disable,Disable,Disable,Disable,Disable,Disable,Disable,Disable,Disable,Disable,Disable,Disable,Disable,
26.04.2022 9:24:04,91,0,53400,53,9190,8420,48000,56000,50000,-100000,3321,3325,3325,3325,3325,3325,3325,3325,3326,3325,3326,3326,3325,3325,3326,3325,3326,9,3321,1,5,21,21,21,21,22,22,31,21,1,21,1,Disable,Disable,Disable,Disable,Disable,Disable,Disable,Disable,Disable,Disable,Disable,Disable,Disable,Disable,Disable,Disable,Disable,Disable,Disable,Disablevvvvvvvv,Disable,Disable,Disable,Disable,Disable,Disable,Disable,Disable,Disable,Disable,Disable,Disable,Disable,Disable,Disable,Disable,Disable,
26.04.2022 9:24:05,91,0,53400,53,9190,8420,48000,56000,50000,-100000,3321,3325,3325,3325,3325,3325,3325,3325,3326,3325,3326,3326,3325,3325,3326,3325,3326,9,3321,1,5,21,21,21,21,22,22,31,21,1,21,1,Disable,Disable,Disable,Disable,Disable,Disable,Disable,Disable,Disable,Disable,Disable,Disable,Disable,Disable,Disable,Disable,Disable,Disable,Disable,Disablevvvvvvvv,Disable,Disable,Disable,Disable,Disable,Disable,Disable,Disable,Disable,Disable,Disable,Disable,Disable,Disable,Disable,Disable,Disable,
26.04.2022 9:24:07,91,0,53400,53,9190,8420,48000,56000,50000,-100000,3321,3325,3325,3325,3325,3325,3325,3325,3326,3325,3326,3326,3325,3325,3326,3325,3326,9,3321,1,5,21,21,21,21,22,22,31,21,1,21,1,Disable,Disable,Disable,Disable,Disable,Disable,Disable,Disable,Disable,Disable,Disable,Disable,Disable,Disable,Disable,Disable,Disable,Disable,Disable,Disablevvvvvvvv,Disable,Disable,Disable,Disable,Disable,Disable,Disable,Disable,Disable,Disable,Disable,Disable,Disable,Disable,Disable,Disable,Disable,
26.04.2022 9:24:08,91,0,53400,53,9190,8420,48000,56000,50000,-100000,3321,3325,3325,3325,3325,3325,3325,3325,3326,3325,3326,3326,3325,3325,3326,3325,3326,9,3321,1,5,21,21,21,21,22,22,31,21,1,21,1,Disable,Disable,Disable,Disable,Disable,Disable,Disable,Disable,Disable,Disable,Disable,Disable,Disable,Disable,Disable,Disable,Disable,Disable,Disable,Disablevvvvvvvv,Disable,Disable,Disable,Disable,Disable,Disable,Disable,Disable,Disable,Disable,Disable,Disable,Disable,Disable,Disable,Disable,Disable,
26.04.2022 9:24:08,91,0,53400,53,9190,8420,48000,56000,50000,-100000,3321,3325,3325,3325,3325,3325,3325,3325,3326,3325,3326,3326,3325,3325,3326,3325,3326,9,3321,1,5,21,21,21,21,22,22,31,21,1,21,1,Disable,Disable,Disable,Disable,Disable,Disable,Disable,Disable,Disable,Disable,Disable,Disable,Disable,Disable,Disable,Disable,Disable,Disable,Disable,Disablevvvvvvvv,Disable,Disable,Disable,Disable,Disable,Disable,Disable,Disable,Disable,Disable,Disable,Disable,Disable,Disable,Disable,Disable,Disable,
26.04.2022 9:24:09,91,0,53400,53,9190,8420,48000,56000,50000,-100000,3321,3325,3325,3325,3325,3325,3325,3325,3326,3325,3326,3326,3325,3325,3326,3325,3326,9,3321,1,5,21,21,21,21,22,22,31,21,1,21,1,Disable,Disable,Disable,Disable,Disable,Disable,Disable,Disable,Disable,Disable,Disable,Disable,Disable,Disable,Disable,Disable,Disable,Disable,Disable,Disablevvvvvvvv,Disable,Disable,Disable,Disable,Disable,Disable,Disable,Disable,Disable,Disable,Disable,Disable,Disable,Disable,Disable,Disable,Disable,
26.04.2022 9:24:10,91,0,53400,53,9190,8420,48000,56000,50000,-100000,3321,3325,3325,3325,3325,3325,3325,3325,3326,3325,3326,3326,3325,3325,3326,3325,3326,9,3321,1,5,21,21,21,21,22,22,31,21,1,21,1,Disable,Disable,Disable,Disable,Disable,Disable,Disable,Disable,Disable,Disable,Disable,Disable,Disable,Disable,Disable,Disable,Disable,Disable,Disable,Disablevvvvvvvv,Disable,Disable,Disable,Disable,Disable,Disable,Disable,Disable,Disable,Disable,Disable,Disable,Disable,Disable,Disable,Disable,Disable,
26.04.2022 9:24:11,91,0,53400,53,9190,8420,48000,56000,50000,-100000,3321,3325,3325,3325,3325,3325,3325,3325,3326,3325,3326,3326,3325,3325,3326,3325,3326,9,3321,1,5,21,21,21,21,22,22,31,21,1,21,1,Disable,Disable,Disable,Disable,Disable,Disable,Disable,Disable,Disable,Disable,Disable,Disable,Disable,Disable,Disable,Disable,Disable,Disable,Disable,Disablevvvvvvvv,Disable,Disable,Disable,Disable,Disable,Disable,Disable,Disable,Disable,Disable,Disable,Disable,Disable,Disable,Disable,Disable,Disable,
26.04.2022 9:24:12,91,0,53400,53,9190,8420,48000,56000,50000,-100000,3321,3325,3325,3325,3325,3325,3325,3325,3326,3325,3326,3326,3325,3325,3326,3325,3326,9,3321,1,5,21,21,21,21,22,22,31,21,1,21,1,Disable,Disable,Disable,Disable,Disable,Disable,Disable,Disable,Disable,Disable,Disable,Disable,Disable,Disable,Disable,Disable,Disable,Disable,Disable,Disablevvvvvvvv,Disable,Disable,Disable,Disable,Disable,Disable,Disable,Disable,Disable,Disable,Disable,Disable,Disable,Disable,Disable,Disable,Disable,
26.04.2022 9:24:14,91,0,53400,53,9190,8420,48000,56000,50000,-100000,3321,3325,3325,3325,3325,3325,3325,3325,3326,3325,3326,3326,3325,3325,3326,3325,3326,9,3321,1,5,21,21,21,21,22,22,31,21,1,21,1,Disable,Disable,Disable,Disable,Disable,Disable,Disable,Disable,Disable,Disable,Disable,Disable,Disable,Disable,Disable,Disable,Disable,Disable,Disable,Disablevvvvvvvv,Disable,Disable,Disable,Disable,Disable,Disable,Disable,Disable,Disable,Disable,Disable,Disable,Disable,Disable,Disable,Disable,Disable,
26.04.2022 9:24:14,91,0,53400,53,9190,8420,48000,56000,50000,-100000,3321,3325,3325,3325,3325,3325,3325,3325,3326,3325,3326,3326,3325,3325,3326,3325,3326,9,3321,1,5,21,21,21,21,22,22,31,21,1,21,1,Disable,Disable,Disable,Disable,Disable,Disable,Disable,Disable,Disable,Disable,Disable,Disable,Disable,Disable,Disable,Disable,Disable,Disable,Disable,Disablevvvvvvvv,Disable,Disable,Disable,Disable,Disable,Disable,Disable,Disable,Disable,Disable,Disable,Disable,Disable,Disable,Disable,Disable,Disable,
26.04.2022 9:24:15,91,0,53400,53,9190,8420,48000,56000,50000,-100000,3321,3325,3325,3325,3325,3325,3325,3325,3326,3325,3326,3326,3325,3325,3326,3325,3326,9,3321,1,5,21,21,21,21,22,22,31,21,1,21,1,Disable,Disable,Disable,Disable,Disable,Disable,Disable,Disable,Disable,Disable,Disable,Disable,Disable,Disable,Disable,Disable,Disable,Disable,Disable,Disablevvvvvvvv,Disable,Disable,Disable,Disable,Disable,Disable,Disable,Disable,Disable,Disable,Disable,Disable,Disable,Disable,Disable,Disable,Disable,
26.04.2022 9:24:16,91,0,53400,53,9190,8420,48000,56000,50000,-100000,3321,3325,3325,3325,3325,3325,3325,3325,3326,3325,3326,3326,3325,3325,3326,3325,3326,9,3321,1,5,21,21,21,21,22,22,31,21,1,21,1,Disable,Disable,Disable,Disable,Disable,Disable,Disable,Disable,Disable,Disable,Disable,Disable,Disable,Disable,Disable,Disable,Disable,Disable,Disable,Disablevvvvvvvv,Disable,Disable,Disable,Disable,Disable,Disable,Disable,Disable,Disable,Disable,Disable,Disable,Disable,Disable,Disable,Disable,Disable,
26.04.2022 9:24:17,91,0,53400,53,9190,8420,48000,56000,50000,-100000,3321,3325,3325,3325,3325,3325,3325,3325,3326,3325,3326,3326,3325,3325,3326,3325,3326,9,3321,1,5,21,21,21,21,22,22,31,21,1,21,1,Disable,Disable,Disable,Disable,Disable,Disable,Disable,Disable,Disable,Disable,Disable,Disable,Disable,Disable,Disable,Disable,Disable,Disable,Disable,Disablevvvvvvvv,Disable,Disable,Disable,Disable,Disable,Disable,Disable,Disable,Disable,Disable,Disable,Disable,Disable,Disable,Disable,Disable,Disable,
26.04.2022 9:24:18,91,0,53400,53,9190,8420,48000,56000,50000,-100000,3321,3325,3325,3325,3325,3325,3325,3325,3326,3325,3326,3326,3325,3325,3326,3325,3326,9,3321,1,5,21,21,21,21,22,22,31,21,1,21,1,Disable,Disable,Disable,Disable,Disable,Disable,Disable,Disable,Disable,Disable,Disable,Disable,Disable,Disable,Disable,Disable,Disable,Disable,Disable,Disablevvvvvvvv,Disable,Disable,Disable,Disable,Disable,Disable,Disable,Disable,Disable,Disable,Disable,Disable,Disable,Disable,Disable,Disable,Disable,
26.04.2022 9:24:19,91,0,53400,53,9190,8420,48000,56000,50000,-100000,3321,3325,3325,3325,3325,3325,3325,3325,3326,3325,3326,3326,3325,3325,3326,3325,3326,9,3321,1,5,21,21,21,21,22,22,31,21,1,21,1,Disable,Disable,Disable,Disable,Disable,Disable,Disable,Disable,Disable,Disable,Disable,Disable,Disable,Disable,Disable,Disable,Disable,Disable,Disable,Disablevvvvvvvv,Disable,Disable,Disable,Disable,Disable,Disable,Disable,Disable,Disable,Disable,Disable,Disable,Disable,Disable,Disable,Disable,Disable,
26.04.2022 9:24:20,91,0,53400,53,9190,8420,48000,56000,50000,-100000,3321,3325,3325,3325,3325,3325,3325,3325,3326,3325,3326,3326,3325,3325,3326,3325,3326,9,3321,1,5,21,21,21,21,22,22,31,21,1,21,1,Disable,Disable,Disable,Disable,Disable,Disable,Disable,Disable,Disable,Disable,Disable,Disable,Disable,Disable,Disable,Disable,Disable,Disable,Disable,Disablevvvvvvvv,Disable,Disable,Disable,Disable,Disable,Disable,Disable,Disable,Disable,Disable,Disable,Disable,Disable,Disable,Disable,Disable,Disable,
26.04.2022 9:24:21,91,0,53400,53,9190,8420,48000,56000,50000,-100000,3321,3325,3325,3325,3325,3325,3325,3325,3326,3325,3326,3326,3325,3325,3326,3325,3326,9,3321,1,5,21,21,21,21,22,22,31,21,1,21,1,Disable,Disable,Disable,Disable,Disable,Disable,Disable,Disable,Disable,Disable,Disable,Disable,Disable,Disable,Disable,Disable,Disable,Disable,Disable,Disablevvvvvvvv,Disable,Disable,Disable,Disable,Disable,Disable,Disable,Disable,Disable,Disable,Disable,Disable,Disable,Disable,Disable,Disable,Disable,
26.04.2022 9:24:22,91,0,53400,53,9190,8420,48000,56000,50000,-100000,3321,3325,3325,3325,3325,3325,3325,3325,3326,3325,3326,3326,3325,3325,3326,3325,3326,9,3321,1,5,21,21,21,21,22,22,31,21,1,21,1,Disable,Disable,Disable,Disable,Disable,Disable,Disable,Disable,Disable,Disable,Disable,Disable,Disable,Disable,Disable,Disable,Disable,Disable,Disable,Disablevvvvvvvv,Disable,Disable,Disable,Disable,Disable,Disable,Disable,Disable,Disable,Disable,Disable,Disable,Disable,Disable,Disable,Disable,Disable,
26.04.2022 9:24:24,91,0,53400,53,9190,8420,48000,56000,50000,-100000,3321,3325,3325,3325,3325,3325,3325,3325,3326,3325,3326,3326,3325,3325,3326,3325,3326,9,3321,1,5,21,21,21,21,22,22,31,21,1,21,1,Disable,Disable,Disable,Disable,Disable,Disable,Disable,Disable,Disable,Disable,Disable,Disable,Disable,Disable,Disable,Disable,Disable,Disable,Disable,Disablevvvvvvvv,Disable,Disable,Disable,Disable,Disable,Disable,Disable,Disable,Disable,Disable,Disable,Disable,Disable,Disable,Disable,Disable,Disable,
26.04.2022 9:24:25,91,0,53400,53,9190,8420,48000,56000,50000,-100000,3321,3325,3325,3325,3325,3325,3325,3325,3326,3325,3326,3326,3325,3325,3326,3325,3326,9,3321,1,5,21,21,21,21,22,22,31,21,1,21,1,Disable,Disable,Disable,Disable,Disable,Disable,Disable,Disable,Disable,Disable,Disable,Disable,Disable,Disable,Disable,Disable,Disable,Disable,Disable,Disablevvvvvvvv,Disable,Disable,Disable,Disable,Disable,Disable,Disable,Disable,Disable,Disable,Disable,Disable,Disable,Disable,Disable,Disable,Disable,
26.04.2022 9:24:26,91,0,53400,53,9190,8420,48000,56000,50000,-100000,3321,3325,3325,3325,3325,3325,3325,3325,3326,3325,3326,3326,3325,3325,3326,3325,3326,9,3321,1,5,21,21,21,21,22,22,31,21,1,21,1,Disable,Disable,Disable,Disable,Disable,Disable,Disable,Disable,Disable,Disable,Disable,Disable,Disable,Disable,Disable,Disable,Disable,Disable,Disable,Disablevvvvvvvv,Disable,Disable,Disable,Disable,Disable,Disable,Disable,Disable,Disable,Disable,Disable,Disable,Disable,Disable,Disable,Disable,Disable,
26.04.2022 9:24:26,91,0,53400,53,9190,8420,48000,56000,50000,-100000,3321,3325,3325,3325,3325,3325,3325,3325,3326,3325,3326,3326,3325,3325,3326,3325,3326,9,3321,1,5,21,21,21,21,22,22,31,21,1,21,1,Disable,Disable,Disable,Disable,Disable,Disable,Disable,Disable,Disable,Disable,Disable,Disable,Disable,Disable,Disable,Disable,Disable,Disable,Disable,Disablevvvvvvvv,Disable,Disable,Disable,Disable,Disable,Disable,Disable,Disable,Disable,Disable,Disable,Disable,Disable,Disable,Disable,Disable,Disable,
26.04.2022 9:24:27,91,0,53400,53,9190,8420,48000,56000,50000,-100000,3321,3325,3325,3325,3325,3325,3325,3325,3326,3325,3326,3326,3325,3325,3326,3325,3326,9,3321,1,5,21,21,21,21,22,22,31,21,1,21,1,Disable,Disable,Disable,Disable,Disable,Disable,Disable,Disable,Disable,Disable,Disable,Disable,Disable,Disable,Disable,Disable,Disable,Disable,Disable,Disablevvvvvvvv,Disable,Disable,Disable,Disable,Disable,Disable,Disable,Disable,Disable,Disable,Disable,Disable,Disable,Disable,Disable,Disable,Disable,
26.04.2022 9:24:28,91,0,53400,53,9190,8420,48000,56000,50000,-100000,3321,3325,3325,3325,3325,3325,3325,3325,3326,3325,3326,3326,3325,3325,3326,3325,3326,9,3321,1,5,21,21,21,21,22,22,31,21,1,21,1,Disable,Disable,Disable,Disable,Disable,Disable,Disable,Disable,Disable,Disable,Disable,Disable,Disable,Disable,Disable,Disable,Disable,Disable,Disable,Disablevvvvvvvv,Disable,Disable,Disable,Disable,Disable,Disable,Disable,Disable,Disable,Disable,Disable,Disable,Disable,Disable,Disable,Disable,Disable,
26.04.2022 9:24:29,91,0,53400,53,9190,8420,48000,56000,50000,-100000,3321,3325,3325,3325,3325,3325,3325,3325,3326,3325,3326,3326,3325,3325,3326,3325,3326,9,3321,1,5,21,21,21,21,22,22,31,21,1,21,1,Disable,Disable,Disable,Disable,Disable,Disable,Disable,Disable,Disable,Disable,Disable,Disable,Disable,Disable,Disable,Disable,Disable,Disable,Disable,Disablevvvvvvvv,Disable,Disable,Disable,Disable,Disable,Disable,Disable,Disable,Disable,Disable,Disable,Disable,Disable,Disable,Disable,Disable,Disable,
26.04.2022 9:24:30,91,0,53400,53,9190,8420,48000,56000,50000,-100000,3321,3325,3325,3325,3325,3325,3325,3325,3326,3325,3326,3326,3325,3325,3326,3325,3326,9,3321,1,5,21,21,21,21,22,22,31,21,1,21,1,Disable,Disable,Disable,Disable,Disable,Disable,Disable,Disable,Disable,Disable,Disable,Disable,Disable,Disable,Disable,Disable,Disable,Disable,Disable,Disablevvvvvvvv,Disable,Disable,Disable,Disable,Disable,Disable,Disable,Disable,Disable,Disable,Disable,Disable,Disable,Disable,Disable,Disable,Disable,
26.04.2022 9:24:32,91,0,53400,53,9190,8420,48000,56000,50000,-100000,3321,3325,3325,3325,3325,3325,3325,3325,3326,3325,3326,3326,3325,3325,3326,3325,3326,9,3321,1,5,21,21,21,21,22,22,31,21,1,21,1,Disable,Disable,Disable,Disable,Disable,Disable,Disable,Disable,Disable,Disable,Disable,Disable,Disable,Disable,Disable,Disable,Disable,Disable,Disable,Disablevvvvvvvv,Disable,Disable,Disable,Disable,Disable,Disable,Disable,Disable,Disable,Disable,Disable,Disable,Disable,Disable,Disable,Disable,Disable,
26.04.2022 9:24:32,91,0,53400,53,9190,8420,48000,56000,50000,-100000,3321,3325,3325,3325,3325,3325,3325,3325,3326,3325,3326,3326,3325,3325,3326,3325,3326,9,3321,1,5,21,21,21,21,22,22,31,21,1,21,1,Disable,Disable,Disable,Disable,Disable,Disable,Disable,Disable,Disable,Disable,Disable,Disable,Disable,Disable,Disable,Disable,Disable,Disable,Disable,Disablevvvvvvvv,Disable,Disable,Disable,Disable,Disable,Disable,Disable,Disable,Disable,Disable,Disable,Disable,Disable,Disable,Disable,Disable,Disable,
26.04.2022 9:24:33,91,0,53400,53,9190,8420,48000,56000,50000,-100000,3321,3325,3325,3325,3325,3325,3325,3325,3326,3325,3326,3326,3325,3325,3326,3325,3326,9,3321,1,5,21,21,21,21,22,22,31,21,1,21,1,Disable,Disable,Disable,Disable,Disable,Disable,Disable,Disable,Disable,Disable,Disable,Disable,Disable,Disable,Disable,Disable,Disable,Disable,Disable,Disablevvvvvvvv,Disable,Disable,Disable,Disable,Disable,Disable,Disable,Disable,Disable,Disable,Disable,Disable,Disable,Disable,Disable,Disable,Disable,
26.04.2022 9:24:34,91,0,53400,53,9190,8420,48000,56000,50000,-100000,3321,3325,3325,3325,3325,3325,3325,3325,3326,3325,3326,3326,3325,3325,3326,3325,3326,9,3321,1,5,21,21,21,21,22,22,31,21,1,21,1,Disable,Disable,Disable,Disable,Disable,Disable,Disable,Disable,Disable,Disable,Disable,Disable,Disable,Disable,Disable,Disable,Disable,Disable,Disable,Disablevvvvvvvv,Disable,Disable,Disable,Disable,Disable,Disable,Disable,Disable,Disable,Disable,Disable,Disable,Disable,Disable,Disable,Disable,Disable,
26.04.2022 9:24:35,91,0,53400,53,9190,8420,48000,56000,50000,-100000,3321,3325,3325,3325,3325,3325,3325,3325,3326,3325,3326,3326,3325,3325,3326,3325,3326,9,3321,1,5,21,21,21,21,22,22,31,21,1,21,1,Disable,Disable,Disable,Disable,Disable,Disable,Disable,Disable,Disable,Disable,Disable,Disable,Disable,Disable,Disable,Disable,Disable,Disable,Disable,Disablevvvvvvvv,Disable,Disable,Disable,Disable,Disable,Disable,Disable,Disable,Disable,Disable,Disable,Disable,Disable,Disable,Disable,Disable,Disable,
26.04.2022 9:24:36,91,0,53400,53,9190,8420,48000,56000,50000,-100000,3321,3325,3325,3325,3325,3325,3325,3325,3326,3325,3326,3326,3325,3325,3326,3325,3326,9,3321,1,5,21,21,21,21,22,22,31,21,1,21,1,Disable,Disable,Disable,Disable,Disable,Disable,Disable,Disable,Disable,Disable,Disable,Disable,Disable,Disable,Disable,Disable,Disable,Disable,Disable,Disablevvvvvvvv,Disable,Disable,Disable,Disable,Disable,Disable,Disable,Disable,Disable,Disable,Disable,Disable,Disable,Disable,Disable,Disable,Disable,
26.04.2022 9:24:37,91,0,53400,53,9190,8420,48000,56000,50000,-100000,3321,3325,3325,3325,3325,3325,3325,3325,3326,3325,3326,3326,3325,3325,3326,3325,3326,9,3321,1,5,21,21,21,21,22,22,31,21,1,21,1,Disable,Disable,Disable,Disable,Disable,Disable,Disable,Disable,Disable,Disable,Disable,Disable,Disable,Disable,Disable,Disable,Disable,Disable,Disable,Disablevvvvvvvv,Disable,Disable,Disable,Disable,Disable,Disable,Disable,Disable,Disable,Disable,Disable,Disable,Disable,Disable,Disable,Disable,Disable,
26.04.2022 9:24:39,91,0,53400,53,9190,8420,48000,56000,50000,-100000,3321,3325,3325,3325,3325,3325,3325,3325,3326,3325,3326,3326,3325,3325,3326,3325,3326,9,3321,1,5,21,21,21,21,22,22,31,21,1,21,1,Disable,Disable,Disable,Disable,Disable,Disable,Disable,Disable,Disable,Disable,Disable,Disable,Disable,Disable,Disable,Disable,Disable,Disable,Disable,Disablevvvvvvvv,Disable,Disable,Disable,Disable,Disable,Disable,Disable,Disable,Disable,Disable,Disable,Disable,Disable,Disable,Disable,Disable,Disable,
26.04.2022 9:24:40,91,0,53400,53,9190,8420,48000,56000,50000,-100000,3321,3325,3325,3325,3325,3325,3325,3325,3326,3325,3326,3326,3325,3325,3326,3325,3326,9,3321,1,5,21,21,21,21,22,22,31,21,1,21,1,Disable,Disable,Disable,Disable,Disable,Disable,Disable,Disable,Disable,Disable,Disable,Disable,Disable,Disable,Disable,Disable,Disable,Disable,Disable,Disablevvvvvvvv,Disable,Disable,Disable,Disable,Disable,Disable,Disable,Disable,Disable,Disable,Disable,Disable,Disable,Disable,Disable,Disable,Disable,
26.04.2022 9:24:40,91,0,53400,53,9190,8420,48000,56000,50000,-100000,3321,3325,3325,3325,3325,3325,3325,3325,3326,3325,3326,3326,3325,3325,3326,3325,3326,9,3321,1,5,21,21,21,21,22,22,31,21,1,21,1,Disable,Disable,Disable,Disable,Disable,Disable,Disable,Disable,Disable,Disable,Disable,Disable,Disable,Disable,Disable,Disable,Disable,Disable,Disable,Disablevvvvvvvv,Disable,Disable,Disable,Disable,Disable,Disable,Disable,Disable,Disable,Disable,Disable,Disable,Disable,Disable,Disable,Disable,Disable,
26.04.2022 9:24:42,91,0,53400,53,9190,8420,48000,56000,50000,-100000,3321,3325,3325,3325,3325,3325,3325,3325,3326,3325,3326,3326,3325,3325,3326,3325,3326,9,3321,1,5,21,21,21,21,22,22,31,21,1,21,1,Disable,Disable,Disable,Disable,Disable,Disable,Disable,Disable,Disable,Disable,Disable,Disable,Disable,Disable,Disable,Disable,Disable,Disable,Disable,Disablevvvvvvvv,Disable,Disable,Disable,Disable,Disable,Disable,Disable,Disable,Disable,Disable,Disable,Disable,Disable,Disable,Disable,Disable,Disable,
26.04.2022 9:24:42,91,0,53400,53,9190,8420,48000,56000,50000,-100000,3321,3325,3325,3325,3325,3325,3325,3325,3326,3325,3326,3326,3325,3325,3326,3325,3326,9,3321,1,5,21,21,21,21,22,22,31,21,1,21,1,Disable,Disable,Disable,Disable,Disable,Disable,Disable,Disable,Disable,Disable,Disable,Disable,Disable,Disable,Disable,Disable,Disable,Disable,Disable,Disablevvvvvvvv,Disable,Disable,Disable,Disable,Disable,Disable,Disable,Disable,Disable,Disable,Disable,Disable,Disable,Disable,Disable,Disable,Disable,
26.04.2022 9:24:43,91,0,53400,53,9190,8420,48000,56000,50000,-100000,3321,3325,3325,3325,3325,3325,3325,3325,3326,3325,3326,3326,3325,3325,3326,3325,3326,9,3321,1,5,21,21,21,21,22,22,31,21,1,21,1,Disable,Disable,Disable,Disable,Disable,Disable,Disable,Disable,Disable,Disable,Disable,Disable,Disable,Disable,Disable,Disable,Disable,Disable,Disable,Disablevvvvvvvv,Disable,Disable,Disable,Disable,Disable,Disable,Disable,Disable,Disable,Disable,Disable,Disable,Disable,Disable,Disable,Disable,Disable,
26.04.2022 9:24:45,91,0,53400,53,9190,8420,48000,56000,50000,-100000,3321,3325,3325,3325,3325,3325,3325,3325,3326,3325,3326,3326,3325,3325,3326,3325,3326,9,3321,1,5,21,21,21,21,22,22,31,21,1,21,1,Disable,Disable,Disable,Disable,Disable,Disable,Disable,Disable,Disable,Disable,Disable,Disable,Disable,Disable,Disable,Disable,Disable,Disable,Disable,Disablevvvvvvvv,Disable,Disable,Disable,Disable,Disable,Disable,Disable,Disable,Disable,Disable,Disable,Disable,Disable,Disable,Disable,Disable,Disable,
26.04.2022 9:24:46,91,0,53400,53,9190,8420,48000,56000,50000,-100000,3321,3325,3325,3325,3325,3325,3325,3325,3326,3325,3326,3326,3325,3325,3326,3325,3326,9,3321,1,5,21,21,21,21,22,22,31,21,1,21,1,Disable,Disable,Disable,Disable,Disable,Disable,Disable,Disable,Disable,Disable,Disable,Disable,Disable,Disable,Disable,Disable,Disable,Disable,Disable,Disablevvvvvvvv,Disable,Disable,Disable,Disable,Disable,Disable,Disable,Disable,Disable,Disable,Disable,Disable,Disable,Disable,Disable,Disable,Disable,
26.04.2022 9:24:46,91,0,53400,53,9190,8420,48000,56000,50000,-100000,3321,3325,3325,3325,3325,3325,3325,3325,3326,3325,3326,3326,3325,3325,3326,3325,3326,9,3321,1,5,21,21,21,21,22,22,31,21,1,21,1,Disable,Disable,Disable,Disable,Disable,Disable,Disable,Disable,Disable,Disable,Disable,Disable,Disable,Disable,Disable,Disable,Disable,Disable,Disable,Disablevvvvvvvv,Disable,Disable,Disable,Disable,Disable,Disable,Disable,Disable,Disable,Disable,Disable,Disable,Disable,Disable,Disable,Disable,Disable,
26.04.2022 9:24:47,91,0,53400,53,9190,8420,48000,56000,50000,-100000,3321,3325,3325,3325,3325,3325,3325,3325,3326,3325,3326,3326,3325,3325,3326,3325,3326,9,3321,1,5,21,21,21,21,22,22,31,21,1,21,1,Disable,Disable,Disable,Disable,Disable,Disable,Disable,Disable,Disable,Disable,Disable,Disable,Disable,Disable,Disable,Disable,Disable,Disable,Disable,Disablevvvvvvvv,Disable,Disable,Disable,Disable,Disable,Disable,Disable,Disable,Disable,Disable,Disable,Disable,Disable,Disable,Disable,Disable,Disable,
26.04.2022 9:24:48,91,0,53400,53,9190,8420,48000,56000,50000,-100000,3321,3325,3325,3325,3325,3325,3325,3325,3326,3325,3326,3326,3325,3325,3326,3325,3326,9,3321,1,5,21,21,21,21,22,22,31,21,1,21,1,Disable,Disable,Disable,Disable,Disable,Disable,Disable,Disable,Disable,Disable,Disable,Disable,Disable,Disable,Disable,Disable,Disable,Disable,Disable,Disablevvvvvvvv,Disable,Disable,Disable,Disable,Disable,Disable,Disable,Disable,Disable,Disable,Disable,Disable,Disable,Disable,Disable,Disable,Disable,
26.04.2022 9:24:49,91,0,53400,53,9190,8420,48000,56000,50000,-100000,3321,3325,3325,3325,3325,3325,3325,3325,3326,3325,3326,3326,3325,3325,3326,3325,3326,9,3321,1,5,21,21,21,21,22,22,31,21,1,21,1,Disable,Disable,Disable,Disable,Disable,Disable,Disable,Disable,Disable,Disable,Disable,Disable,Disable,Disable,Disable,Disable,Disable,Disable,Disable,Disablevvvvvvvv,Disable,Disable,Disable,Disable,Disable,Disable,Disable,Disable,Disable,Disable,Disable,Disable,Disable,Disable,Disable,Disable,Disable,
26.04.2022 9:24:50,91,0,53400,53,9190,8420,48000,56000,50000,-100000,3321,3325,3325,3325,3325,3325,3325,3325,3326,3325,3326,3326,3325,3325,3326,3325,3326,9,3321,1,5,21,21,21,21,22,22,31,21,1,21,1,Disable,Disable,Disable,Disable,Disable,Disable,Disable,Disable,Disable,Disable,Disable,Disable,Disable,Disable,Disable,Disable,Disable,Disable,Disable,Disablevvvvvvvv,Disable,Disable,Disable,Disable,Disable,Disable,Disable,Disable,Disable,Disable,Disable,Disable,Disable,Disable,Disable,Disable,Disable,
26.04.2022 9:24:51,91,0,53400,53,9190,8420,48000,56000,50000,-100000,3321,3325,3325,3325,3325,3325,3325,3325,3326,3325,3326,3326,3325,3325,3326,3325,3326,9,3321,1,5,21,21,21,21,22,22,31,21,1,21,1,Disable,Disable,Disable,Disable,Disable,Disable,Disable,Disable,Disable,Disable,Disable,Disable,Disable,Disable,Disable,Disable,Disable,Disable,Disable,Disablevvvvvvvv,Disable,Disable,Disable,Disable,Disable,Disable,Disable,Disable,Disable,Disable,Disable,Disable,Disable,Disable,Disable,Disable,Disable,
26.04.2022 9:24:53,91,0,53400,53,9190,8420,48000,56000,50000,-100000,3321,3325,3325,3325,3325,3325,3325,3325,3326,3325,3326,3326,3325,3325,3326,3325,3326,9,3321,1,5,21,21,21,21,22,22,31,21,1,21,1,Disable,Disable,Disable,Disable,Disable,Disable,Disable,Disable,Disable,Disable,Disable,Disable,Disable,Disable,Disable,Disable,Disable,Disable,Disable,Disablevvvvvvvv,Disable,Disable,Disable,Disable,Disable,Disable,Disable,Disable,Disable,Disable,Disable,Disable,Disable,Disable,Disable,Disable,Disable,
26.04.2022 9:24:54,91,0,53400,53,9190,8420,48000,56000,50000,-100000,3321,3325,3325,3325,3325,3325,3325,3325,3326,3325,3326,3326,3325,3325,3326,3325,3326,9,3321,1,5,21,21,21,21,22,22,31,21,1,21,1,Disable,Disable,Disable,Disable,Disable,Disable,Disable,Disable,Disable,Disable,Disable,Disable,Disable,Disable,Disable,Disable,Disable,Disable,Disable,Disablevvvvvvvv,Disable,Disable,Disable,Disable,Disable,Disable,Disable,Disable,Disable,Disable,Disable,Disable,Disable,Disable,Disable,Disable,Disable,
26.04.2022 9:24:54,91,0,53400,53,9190,8420,48000,56000,50000,-100000,3321,3325,3325,3325,3325,3325,3325,3325,3326,3325,3326,3326,3325,3325,3326,3325,3326,9,3321,1,5,21,21,21,21,22,22,31,21,1,21,1,Disable,Disable,Disable,Disable,Disable,Disable,Disable,Disable,Disable,Disable,Disable,Disable,Disable,Disable,Disable,Disable,Disable,Disable,Disable,Disablevvvvvvvv,Disable,Disable,Disable,Disable,Disable,Disable,Disable,Disable,Disable,Disable,Disable,Disable,Disable,Disable,Disable,Disable,Disable,
26.04.2022 9:24:55,91,0,53400,53,9190,8420,48000,56000,50000,-100000,3321,3325,3325,3325,3325,3325,3325,3325,3326,3325,3326,3326,3325,3325,3326,3325,3326,9,3321,1,5,21,21,21,21,22,22,31,21,1,21,1,Disable,Disable,Disable,Disable,Disable,Disable,Disable,Disable,Disable,Disable,Disable,Disable,Disable,Disable,Disable,Disable,Disable,Disable,Disable,Disablevvvvvvvv,Disable,Disable,Disable,Disable,Disable,Disable,Disable,Disable,Disable,Disable,Disable,Disable,Disable,Disable,Disable,Disable,Disable,
26.04.2022 9:24:56,91,0,53400,53,9190,8420,48000,56000,50000,-100000,3321,3325,3325,3325,3325,3325,3325,3325,3326,3325,3326,3326,3325,3325,3326,3325,3326,9,3321,1,5,21,21,21,21,22,22,31,21,1,21,1,Disable,Disable,Disable,Disable,Disable,Disable,Disable,Disable,Disable,Disable,Disable,Disable,Disable,Disable,Disable,Disable,Disable,Disable,Disable,Disablevvvvvvvv,Disable,Disable,Disable,Disable,Disable,Disable,Disable,Disable,Disable,Disable,Disable,Disable,Disable,Disable,Disable,Disable,Disable,
26.04.2022 9:24:57,91,0,53400,53,9190,8420,48000,56000,50000,-100000,3321,3325,3325,3325,3325,3325,3325,3325,3326,3325,3326,3326,3325,3325,3326,3325,3326,9,3321,1,5,21,21,21,21,22,22,31,21,1,21,1,Disable,Disable,Disable,Disable,Disable,Disable,Disable,Disable,Disable,Disable,Disable,Disable,Disable,Disable,Disable,Disable,Disable,Disable,Disable,Disablevvvvvvvv,Disable,Disable,Disable,Disable,Disable,Disable,Disable,Disable,Disable,Disable,Disable,Disable,Disable,Disable,Disable,Disable,Disable,
26.04.2022 9:24:59,91,0,53400,53,9190,8420,48000,56000,50000,-100000,3321,3325,3325,3325,3325,3325,3325,3325,3326,3325,3326,3326,3325,3325,3326,3325,3326,9,3321,1,5,21,21,21,21,22,22,31,21,1,21,1,Disable,Disable,Disable,Disable,Disable,Disable,Disable,Disable,Disable,Disable,Disable,Disable,Disable,Disable,Disable,Disable,Disable,Disable,Disable,Disablevvvvvvvv,Disable,Disable,Disable,Disable,Disable,Disable,Disable,Disable,Disable,Disable,Disable,Disable,Disable,Disable,Disable,Disable,Disable,
26.04.2022 9:25:00,91,0,53400,53,9190,8420,48000,56000,50000,-100000,3321,3325,3325,3325,3325,3325,3325,3325,3326,3325,3326,3326,3325,3325,3326,3325,3326,9,3321,1,5,21,21,21,21,22,22,31,21,1,21,1,Disable,Disable,Disable,Disable,Disable,Disable,Disable,Disable,Disable,Disable,Disable,Disable,Disable,Disable,Disable,Disable,Disable,Disable,Disable,Disablevvvvvvvv,Disable,Disable,Disable,Disable,Disable,Disable,Disable,Disable,Disable,Disable,Disable,Disable,Disable,Disable,Disable,Disable,Disable,
26.04.2022 9:25:00,91,0,53400,53,9190,8420,48000,56000,50000,-100000,3321,3325,3325,3325,3325,3325,3325,3325,3326,3325,3326,3326,3325,3325,3326,3325,3326,9,3321,1,5,21,21,21,21,22,22,31,21,1,21,1,Disable,Disable,Disable,Disable,Disable,Disable,Disable,Disable,Disable,Disable,Disable,Disable,Disable,Disable,Disable,Disable,Disable,Disable,Disable,Disablevvvvvvvv,Disable,Disable,Disable,Disable,Disable,Disable,Disable,Disable,Disable,Disable,Disable,Disable,Disable,Disable,Disable,Disable,Disable,
26.04.2022 9:25:01,91,0,53400,53,9190,8420,48000,56000,50000,-100000,3321,3325,3325,3325,3325,3325,3325,3325,3326,3325,3326,3326,3325,3325,3326,3325,3326,9,3321,1,5,21,21,21,21,22,22,31,21,1,21,1,Disable,Disable,Disable,Disable,Disable,Disable,Disable,Disable,Disable,Disable,Disable,Disable,Disable,Disable,Disable,Disable,Disable,Disable,Disable,Disablevvvvvvvv,Disable,Disable,Disable,Disable,Disable,Disable,Disable,Disable,Disable,Disable,Disable,Disable,Disable,Disable,Disable,Disable,Disable,
26.04.2022 9:25:02,91,0,53400,53,9190,8420,48000,56000,50000,-100000,3321,3325,3325,3325,3325,3325,3325,3325,3326,3325,3326,3326,3325,3325,3326,3325,3326,9,3321,1,5,21,21,21,21,22,22,31,21,1,21,1,Disable,Disable,Disable,Disable,Disable,Disable,Disable,Disable,Disable,Disable,Disable,Disable,Disable,Disable,Disable,Disable,Disable,Disable,Disable,Disablevvvvvvvv,Disable,Disable,Disable,Disable,Disable,Disable,Disable,Disable,Disable,Disable,Disable,Disable,Disable,Disable,Disable,Disable,Disable,
26.04.2022 9:25:03,91,0,53400,53,9190,8420,48000,56000,50000,-100000,3321,3325,3325,3325,3325,3325,3325,3325,3326,3325,3326,3326,3325,3325,3326,3325,3326,9,3321,1,5,21,21,21,21,22,22,31,21,1,21,1,Disable,Disable,Disable,Disable,Disable,Disable,Disable,Disable,Disable,Disable,Disable,Disable,Disable,Disable,Disable,Disable,Disable,Disable,Disable,Disablevvvvvvvv,Disable,Disable,Disable,Disable,Disable,Disable,Disable,Disable,Disable,Disable,Disable,Disable,Disable,Disable,Disable,Disable,Disable,
26.04.2022 9:25:04,91,0,53400,53,9190,8420,48000,56000,50000,-100000,3321,3325,3325,3325,3325,3325,3325,3325,3326,3325,3326,3326,3325,3325,3326,3325,3326,9,3321,1,5,21,21,21,21,22,22,31,21,1,21,1,Disable,Disable,Disable,Disable,Disable,Disable,Disable,Disable,Disable,Disable,Disable,Disable,Disable,Disable,Disable,Disable,Disable,Disable,Disable,Disablevvvvvvvv,Disable,Disable,Disable,Disable,Disable,Disable,Disable,Disable,Disable,Disable,Disable,Disable,Disable,Disable,Disable,Disable,Disable,
26.04.2022 9:25:05,91,0,53400,53,9190,8420,48000,56000,50000,-100000,3321,3325,3325,3325,3325,3325,3325,3325,3326,3325,3326,3326,3325,3325,3326,3325,3326,9,3321,1,5,21,21,21,21,22,22,31,21,1,21,1,Disable,Disable,Disable,Disable,Disable,Disable,Disable,Disable,Disable,Disable,Disable,Disable,Disable,Disable,Disable,Disable,Disable,Disable,Disable,Disablevvvvvvvv,Disable,Disable,Disable,Disable,Disable,Disable,Disable,Disable,Disable,Disable,Disable,Disable,Disable,Disable,Disable,Disable,Disable,
26.04.2022 9:25:07,91,0,53400,53,9190,8420,48000,56000,50000,-100000,3321,3325,3325,3325,3325,3325,3325,3325,3326,3325,3326,3326,3325,3325,3326,3325,3326,9,3321,1,5,21,21,21,21,22,22,31,21,1,21,1,Disable,Disable,Disable,Disable,Disable,Disable,Disable,Disable,Disable,Disable,Disable,Disable,Disable,Disable,Disable,Disable,Disable,Disable,Disable,Disablevvvvvvvv,Disable,Disable,Disable,Disable,Disable,Disable,Disable,Disable,Disable,Disable,Disable,Disable,Disable,Disable,Disable,Disable,Disable,
26.04.2022 9:25:07,91,0,53400,53,9190,8420,48000,56000,50000,-100000,3321,3325,3325,3325,3325,3325,3325,3325,3326,3325,3326,3326,3325,3325,3326,3325,3326,9,3321,1,5,21,21,21,21,22,22,31,21,1,21,1,Disable,Disable,Disable,Disable,Disable,Disable,Disable,Disable,Disable,Disable,Disable,Disable,Disable,Disable,Disable,Disable,Disable,Disable,Disable,Disablevvvvvvvv,Disable,Disable,Disable,Disable,Disable,Disable,Disable,Disable,Disable,Disable,Disable,Disable,Disable,Disable,Disable,Disable,Disable,
26.04.2022 9:25:10,91,0,53400,53,9190,8420,48000,56000,50000,-100000,3321,3325,3325,3325,3325,3325,3325,3325,3326,3325,3326,3326,3325,3325,3326,3325,3326,9,3321,1,5,21,21,21,21,22,22,31,21,1,21,1,Disable,Disable,Disable,Disable,Disable,Disable,Disable,Disable,Disable,Disable,Disable,Disable,Disable,Disable,Disable,Disable,Disable,Disable,Disable,Disablevvvvvvvv,Disable,Disable,Disable,Disable,Disable,Disable,Disable,Disable,Disable,Disable,Disable,Disable,Disable,Disable,Disable,Disable,Disable,
26.04.2022 9:25:10,91,0,53400,53,9190,8420,48000,56000,50000,-100000,3321,3325,3325,3325,3325,3325,3325,3325,3326,3325,3326,3326,3325,3325,3326,3325,3326,9,3321,1,5,21,21,21,21,22,22,31,21,1,21,1,Disable,Disable,Disable,Disable,Disable,Disable,Disable,Disable,Disable,Disable,Disable,Disable,Disable,Disable,Disable,Disable,Disable,Disable,Disable,Disablevvvvvvvv,Disable,Disable,Disable,Disable,Disable,Disable,Disable,Disable,Disable,Disable,Disable,Disable,Disable,Disable,Disable,Disable,Disable,
26.04.2022 9:25:11,91,0,53400,53,9190,8420,48000,56000,50000,-100000,3321,3325,3325,3325,3325,3325,3325,3325,3326,3325,3326,3326,3325,3325,3326,3325,3326,9,3321,1,5,21,21,21,21,22,22,31,21,1,21,1,Disable,Disable,Disable,Disable,Disable,Disable,Disable,Disable,Disable,Disable,Disable,Disable,Disable,Disable,Disable,Disable,Disable,Disable,Disable,Disablevvvvvvvv,Disable,Disable,Disable,Disable,Disable,Disable,Disable,Disable,Disable,Disable,Disable,Disable,Disable,Disable,Disable,Disable,Disable,
26.04.2022 9:25:12,91,0,53400,53,9190,8420,48000,56000,50000,-100000,3321,3325,3325,3325,3325,3325,3325,3325,3326,3325,3326,3326,3325,3325,3326,3325,3326,9,3321,1,5,21,21,21,21,22,22,31,21,1,21,1,Disable,Disable,Disable,Disable,Disable,Disable,Disable,Disable,Disable,Disable,Disable,Disable,Disable,Disable,Disable,Disable,Disable,Disable,Disable,Disablevvvvvvvv,Disable,Disable,Disable,Disable,Disable,Disable,Disable,Disable,Disable,Disable,Disable,Disable,Disable,Disable,Disable,Disable,Disable,
26.04.2022 9:25:13,91,0,53400,53,9190,8420,48000,56000,50000,-100000,3321,3325,3325,3325,3325,3325,3325,3325,3326,3325,3326,3326,3325,3325,3326,3325,3326,9,3321,1,5,21,21,21,21,22,22,31,21,1,21,1,Disable,Disable,Disable,Disable,Disable,Disable,Disable,Disable,Disable,Disable,Disable,Disable,Disable,Disable,Disable,Disable,Disable,Disable,Disable,Disablevvvvvvvv,Disable,Disable,Disable,Disable,Disable,Disable,Disable,Disable,Disable,Disable,Disable,Disable,Disable,Disable,Disable,Disable,Disable,
26.04.2022 9:25:14,91,0,53400,53,9190,8420,48000,56000,50000,-100000,3321,3325,3325,3325,3325,3325,3325,3325,3326,3325,3326,3326,3325,3325,3326,3325,3326,9,3321,1,5,21,21,21,21,22,22,31,21,1,21,1,Disable,Disable,Disable,Disable,Disable,Disable,Disable,Disable,Disable,Disable,Disable,Disable,Disable,Disable,Disable,Disable,Disable,Disable,Disable,Disablevvvvvvvv,Disable,Disable,Disable,Disable,Disable,Disable,Disable,Disable,Disable,Disable,Disable,Disable,Disable,Disable,Disable,Disable,Disable,
26.04.2022 9:25:16,91,0,53400,53,9190,8420,48000,56000,50000,-100000,3321,3325,3325,3325,3325,3325,3325,3325,3326,3325,3326,3326,3325,3325,3326,3325,3326,9,3321,1,5,21,21,21,21,22,22,31,21,1,21,1,Disable,Disable,Disable,Disable,Disable,Disable,Disable,Disable,Disable,Disable,Disable,Disable,Disable,Disable,Disable,Disable,Disable,Disable,Disable,Disablevvvvvvvv,Disable,Disable,Disable,Disable,Disable,Disable,Disable,Disable,Disable,Disable,Disable,Disable,Disable,Disable,Disable,Disable,Disable,
26.04.2022 9:25:16,91,0,53400,53,9190,8420,48000,56000,50000,-100000,3321,3325,3325,3325,3325,3325,3325,3325,3326,3325,3326,3326,3325,3325,3326,3325,3326,9,3321,1,5,21,21,21,21,22,22,31,21,1,21,1,Disable,Disable,Disable,Disable,Disable,Disable,Disable,Disable,Disable,Disable,Disable,Disable,Disable,Disable,Disable,Disable,Disable,Disable,Disable,Disablevvvvvvvv,Disable,Disable,Disable,Disable,Disable,Disable,Disable,Disable,Disable,Disable,Disable,Disable,Disable,Disable,Disable,Disable,Disable,
26.04.2022 9:25:17,91,0,53400,53,9190,8420,48000,56000,50000,-100000,3321,3325,3325,3325,3325,3325,3325,3325,3326,3325,3326,3326,3325,3325,3326,3325,3326,9,3321,1,5,21,21,21,21,22,22,31,21,1,21,1,Disable,Disable,Disable,Disable,Disable,Disable,Disable,Disable,Disable,Disable,Disable,Disable,Disable,Disable,Disable,Disable,Disable,Disable,Disable,Disablevvvvvvvv,Disable,Disable,Disable,Disable,Disable,Disable,Disable,Disable,Disable,Disable,Disable,Disable,Disable,Disable,Disable,Disable,Disable,
26.04.2022 9:25:18,91,0,53400,53,9190,8420,48000,56000,50000,-100000,3321,3325,3325,3325,3325,3325,3325,3325,3326,3325,3326,3326,3325,3325,3326,3325,3326,9,3321,1,5,21,21,21,21,22,22,31,21,1,21,1,Disable,Disable,Disable,Disable,Disable,Disable,Disable,Disable,Disable,Disable,Disable,Disable,Disable,Disable,Disable,Disable,Disable,Disable,Disable,Disablevvvvvvvv,Disable,Disable,Disable,Disable,Disable,Disable,Disable,Disable,Disable,Disable,Disable,Disable,Disable,Disable,Disable,Disable,Disable,
26.04.2022 9:25:19,91,0,53400,53,9190,8420,48000,56000,50000,-100000,3321,3325,3325,3325,3325,3325,3325,3325,3326,3325,3326,3326,3325,3325,3326,3325,3326,9,3321,1,5,21,21,21,21,22,22,31,21,1,21,1,Disable,Disable,Disable,Disable,Disable,Disable,Disable,Disable,Disable,Disable,Disable,Disable,Disable,Disable,Disable,Disable,Disable,Disable,Disable,Disablevvvvvvvv,Disable,Disable,Disable,Disable,Disable,Disable,Disable,Disable,Disable,Disable,Disable,Disable,Disable,Disable,Disable,Disable,Disable,
26.04.2022 9:25:20,91,0,53400,53,9190,8420,48000,56000,50000,-100000,3321,3325,3325,3325,3325,3325,3325,3325,3326,3325,3326,3326,3325,3325,3326,3325,3326,9,3321,1,5,21,21,21,21,22,22,31,21,1,21,1,Disable,Disable,Disable,Disable,Disable,Disable,Disable,Disable,Disable,Disable,Disable,Disable,Disable,Disable,Disable,Disable,Disable,Disable,Disable,Disablevvvvvvvv,Disable,Disable,Disable,Disable,Disable,Disable,Disable,Disable,Disable,Disable,Disable,Disable,Disable,Disable,Disable,Disable,Disable,
26.04.2022 9:25:21,91,0,53400,53,9190,8420,48000,56000,50000,-100000,3321,3325,3325,3325,3325,3325,3325,3325,3326,3325,3326,3326,3325,3325,3326,3325,3326,9,3321,1,5,21,21,21,21,22,22,31,21,1,21,1,Disable,Disable,Disable,Disable,Disable,Disable,Disable,Disable,Disable,Disable,Disable,Disable,Disable,Disable,Disable,Disable,Disable,Disable,Disable,Disablevvvvvvvv,Disable,Disable,Disable,Disable,Disable,Disable,Disable,Disable,Disable,Disable,Disable,Disable,Disable,Disable,Disable,Disable,Disable,
26.04.2022 9:25:24,91,0,53400,53,9190,8420,48000,56000,50000,-100000,3321,3325,3325,3325,3325,3325,3325,3325,3326,3325,3326,3326,3325,3325,3326,3325,3326,9,3321,1,5,21,21,21,21,22,22,31,21,1,21,1,Disable,Disable,Disable,Disable,Disable,Disable,Disable,Disable,Disable,Disable,Disable,Disable,Disable,Disable,Disable,Disable,Disable,Disable,Disable,Disablevvvvvvvv,Disable,Disable,Disable,Disable,Disable,Disable,Disable,Disable,Disable,Disable,Disable,Disable,Disable,Disable,Disable,Disable,Disable,
26.04.2022 9:25:24,91,0,53400,53,9190,8420,48000,56000,50000,-100000,3321,3325,3325,3325,3325,3325,3325,3325,3326,3325,3326,3326,3325,3325,3326,3325,3326,9,3321,1,5,21,21,21,21,22,22,31,21,1,21,1,Disable,Disable,Disable,Disable,Disable,Disable,Disable,Disable,Disable,Disable,Disable,Disable,Disable,Disable,Disable,Disable,Disable,Disable,Disable,Disablevvvvvvvv,Disable,Disable,Disable,Disable,Disable,Disable,Disable,Disable,Disable,Disable,Disable,Disable,Disable,Disable,Disable,Disable,Disable,
26.04.2022 9:25:25,91,0,53400,53,9190,8420,48000,56000,50000,-100000,3321,3325,3325,3325,3325,3325,3325,3325,3326,3325,3326,3326,3325,3325,3326,3325,3326,9,3321,1,5,21,21,21,21,22,22,31,21,1,21,1,Disable,Disable,Disable,Disable,Disable,Disable,Disable,Disable,Disable,Disable,Disable,Disable,Disable,Disable,Disable,Disable,Disable,Disable,Disable,Disablevvvvvvvv,Disable,Disable,Disable,Disable,Disable,Disable,Disable,Disable,Disable,Disable,Disable,Disable,Disable,Disable,Disable,Disable,Disable,
26.04.2022 9:25:26,91,0,53400,53,9190,8420,48000,56000,50000,-100000,3321,3325,3325,3325,3325,3325,3325,3325,3326,3325,3326,3326,3325,3325,3326,3325,3326,9,3321,1,5,21,21,21,21,22,22,31,21,1,21,1,Disable,Disable,Disable,Disable,Disable,Disable,Disable,Disable,Disable,Disable,Disable,Disable,Disable,Disable,Disable,Disable,Disable,Disable,Disable,Disablevvvvvvvv,Disable,Disable,Disable,Disable,Disable,Disable,Disable,Disable,Disable,Disable,Disable,Disable,Disable,Disable,Disable,Disable,Disable,
26.04.2022 9:25:28,91,0,53400,53,9190,8420,48000,56000,50000,-100000,3321,3325,3325,3325,3325,3325,3325,3325,3326,3325,3326,3326,3325,3325,3326,3325,3326,9,3321,1,5,21,21,21,21,22,22,31,21,1,21,1,Disable,Disable,Disable,Disable,Disable,Disable,Disable,Disable,Disable,Disable,Disable,Disable,Disable,Disable,Disable,Disable,Disable,Disable,Disable,Disablevvvvvvvv,Disable,Disable,Disable,Disable,Disable,Disable,Disable,Disable,Disable,Disable,Disable,Disable,Disable,Disable,Disable,Disable,Disable,
26.04.2022 9:25:28,91,0,53400,53,9190,8420,48000,56000,50000,-100000,3321,3325,3325,3325,3325,3325,3325,3325,3326,3325,3326,3326,3325,3325,3326,3325,3326,9,3321,1,5,21,21,21,21,22,22,31,21,1,21,1,Disable,Disable,Disable,Disable,Disable,Disable,Disable,Disable,Disable,Disable,Disable,Disable,Disable,Disable,Disable,Disable,Disable,Disable,Disable,Disablevvvvvvvv,Disable,Disable,Disable,Disable,Disable,Disable,Disable,Disable,Disable,Disable,Disable,Disable,Disable,Disable,Disable,Disable,Disable,
26.04.2022 9:25:29,91,0,53400,53,9190,8420,48000,56000,50000,-100000,3321,3325,3325,3325,3325,3325,3325,3325,3326,3325,3326,3326,3325,3325,3326,3325,3326,9,3321,1,5,21,21,21,21,22,22,31,21,1,21,1,Disable,Disable,Disable,Disable,Disable,Disable,Disable,Disable,Disable,Disable,Disable,Disable,Disable,Disable,Disable,Disable,Disable,Disable,Disable,Disablevvvvvvvv,Disable,Disable,Disable,Disable,Disable,Disable,Disable,Disable,Disable,Disable,Disable,Disable,Disable,Disable,Disable,Disable,Disable,
26.04.2022 9:25:30,91,0,53400,53,9190,8420,48000,56000,50000,-100000,3321,3325,3325,3325,3325,3325,3325,3325,3326,3325,3326,3326,3325,3325,3326,3325,3326,9,3321,1,5,21,21,21,21,22,22,31,21,1,21,1,Disable,Disable,Disable,Disable,Disable,Disable,Disable,Disable,Disable,Disable,Disable,Disable,Disable,Disable,Disable,Disable,Disable,Disable,Disable,Disablevvvvvvvv,Disable,Disable,Disable,Disable,Disable,Disable,Disable,Disable,Disable,Disable,Disable,Disable,Disable,Disable,Disable,Disable,Disable,
26.04.2022 9:25:32,91,0,53400,53,9190,8420,48000,56000,50000,-100000,3321,3325,3325,3325,3325,3325,3325,3325,3326,3325,3326,3326,3325,3325,3326,3325,3326,9,3321,1,5,21,21,21,21,22,22,31,21,1,21,1,Disable,Disable,Disable,Disable,Disable,Disable,Disable,Disable,Disable,Disable,Disable,Disable,Disable,Disable,Disable,Disable,Disable,Disable,Disable,Disablevvvvvvvv,Disable,Disable,Disable,Disable,Disable,Disable,Disable,Disable,Disable,Disable,Disable,Disable,Disable,Disable,Disable,Disable,Disable,
26.04.2022 9:25:32,91,0,53400,53,9190,8420,48000,56000,50000,-100000,3321,3325,3325,3325,3325,3325,3325,3325,3326,3325,3326,3326,3325,3325,3326,3325,3326,9,3321,1,5,21,21,21,21,22,22,31,21,1,21,1,Disable,Disable,Disable,Disable,Disable,Disable,Disable,Disable,Disable,Disable,Disable,Disable,Disable,Disable,Disable,Disable,Disable,Disable,Disable,Disablevvvvvvvv,Disable,Disable,Disable,Disable,Disable,Disable,Disable,Disable,Disable,Disable,Disable,Disable,Disable,Disable,Disable,Disable,Disable,
26.04.2022 9:25:33,91,0,53400,53,9190,8420,48000,56000,50000,-100000,3321,3325,3325,3325,3325,3325,3325,3325,3326,3325,3326,3326,3325,3325,3326,3325,3326,9,3321,1,5,21,21,21,21,22,22,31,21,1,21,1,Disable,Disable,Disable,Disable,Disable,Disable,Disable,Disable,Disable,Disable,Disable,Disable,Disable,Disable,Disable,Disable,Disable,Disable,Disable,Disablevvvvvvvv,Disable,Disable,Disable,Disable,Disable,Disable,Disable,Disable,Disable,Disable,Disable,Disable,Disable,Disable,Disable,Disable,Disable,
26.04.2022 9:25:35,91,0,53400,53,9190,8420,48000,56000,50000,-100000,3321,3325,3325,3325,3325,3325,3325,3325,3326,3325,3326,3326,3325,3325,3326,3325,3326,9,3321,1,5,21,21,21,21,22,22,31,21,1,21,1,Disable,Disable,Disable,Disable,Disable,Disable,Disable,Disable,Disable,Disable,Disable,Disable,Disable,Disable,Disable,Disable,Disable,Disable,Disable,Disablevvvvvvvv,Disable,Disable,Disable,Disable,Disable,Disable,Disable,Disable,Disable,Disable,Disable,Disable,Disable,Disable,Disable,Disable,Disable,
26.04.2022 9:25:36,91,0,53400,53,9190,8420,48000,56000,50000,-100000,3321,3325,3325,3325,3325,3325,3325,3325,3326,3325,3326,3326,3325,3325,3326,3325,3326,9,3321,1,5,21,21,21,21,22,22,31,21,1,21,1,Disable,Disable,Disable,Disable,Disable,Disable,Disable,Disable,Disable,Disable,Disable,Disable,Disable,Disable,Disable,Disable,Disable,Disable,Disable,Disablevvvvvvvv,Disable,Disable,Disable,Disable,Disable,Disable,Disable,Disable,Disable,Disable,Disable,Disable,Disable,Disable,Disable,Disable,Disable,
26.04.2022 9:25:36,91,0,53400,53,9190,8420,48000,56000,50000,-100000,3321,3325,3325,3325,3325,3325,3325,3325,3326,3325,3326,3326,3325,3325,3326,3325,3326,9,3321,1,5,21,21,21,21,22,22,31,21,1,21,1,Disable,Disable,Disable,Disable,Disable,Disable,Disable,Disable,Disable,Disable,Disable,Disable,Disable,Disable,Disable,Disable,Disable,Disable,Disable,Disablevvvvvvvv,Disable,Disable,Disable,Disable,Disable,Disable,Disable,Disable,Disable,Disable,Disable,Disable,Disable,Disable,Disable,Disable,Disable,
26.04.2022 9:25:37,91,0,53400,53,9190,8420,48000,56000,50000,-100000,3321,3325,3325,3325,3325,3325,3325,3325,3326,3325,3326,3326,3325,3325,3326,3325,3326,9,3321,1,5,21,21,21,21,22,22,31,21,1,21,1,Disable,Disable,Disable,Disable,Disable,Disable,Disable,Disable,Disable,Disable,Disable,Disable,Disable,Disable,Disable,Disable,Disable,Disable,Disable,Disablevvvvvvvv,Disable,Disable,Disable,Disable,Disable,Disable,Disable,Disable,Disable,Disable,Disable,Disable,Disable,Disable,Disable,Disable,Disable,
26.04.2022 9:25:38,91,0,53400,53,9190,8420,48000,56000,50000,-100000,3321,3325,3325,3325,3325,3325,3325,3325,3326,3325,3326,3326,3325,3325,3326,3325,3326,9,3321,1,5,21,21,21,21,22,22,31,21,1,21,1,Disable,Disable,Disable,Disable,Disable,Disable,Disable,Disable,Disable,Disable,Disable,Disable,Disable,Disable,Disable,Disable,Disable,Disable,Disable,Disablevvvvvvvv,Disable,Disable,Disable,Disable,Disable,Disable,Disable,Disable,Disable,Disable,Disable,Disable,Disable,Disable,Disable,Disable,Disable,
26.04.2022 9:25:39,91,0,53400,53,9190,8420,48000,56000,50000,-100000,3321,3325,3325,3325,3325,3325,3325,3325,3326,3325,3326,3326,3325,3325,3326,3325,3326,9,3321,1,5,21,21,21,21,22,22,31,21,1,21,1,Disable,Disable,Disable,Disable,Disable,Disable,Disable,Disable,Disable,Disable,Disable,Disable,Disable,Disable,Disable,Disable,Disable,Disable,Disable,Disablevvvvvvvv,Disable,Disable,Disable,Disable,Disable,Disable,Disable,Disable,Disable,Disable,Disable,Disable,Disable,Disable,Disable,Disable,Disable,
26.04.2022 9:25:40,91,0,53400,53,9190,8420,48000,56000,50000,-100000,3321,3325,3325,3325,3325,3325,3325,3325,3326,3325,3326,3326,3325,3325,3326,3325,3326,9,3321,1,5,21,21,21,21,22,22,31,21,1,21,1,Disable,Disable,Disable,Disable,Disable,Disable,Disable,Disable,Disable,Disable,Disable,Disable,Disable,Disable,Disable,Disable,Disable,Disable,Disable,Disablevvvvvvvv,Disable,Disable,Disable,Disable,Disable,Disable,Disable,Disable,Disable,Disable,Disable,Disable,Disable,Disable,Disable,Disable,Disable,
26.04.2022 9:25:42,91,0,53400,53,9190,8420,48000,56000,50000,-100000,3321,3325,3325,3325,3325,3325,3325,3325,3326,3325,3326,3326,3325,3325,3326,3325,3326,9,3321,1,5,21,21,21,21,22,22,31,21,1,21,1,Disable,Disable,Disable,Disable,Disable,Disable,Disable,Disable,Disable,Disable,Disable,Disable,Disable,Disable,Disable,Disable,Disable,Disable,Disable,Disablevvvvvvvv,Disable,Disable,Disable,Disable,Disable,Disable,Disable,Disable,Disable,Disable,Disable,Disable,Disable,Disable,Disable,Disable,Disable,
26.04.2022 9:25:42,91,0,53400,53,9190,8420,48000,56000,50000,-100000,3321,3325,3325,3325,3325,3325,3325,3325,3326,3325,3326,3326,3325,3325,3326,3325,3326,9,3321,1,5,21,21,21,21,22,22,31,21,1,21,1,Disable,Disable,Disable,Disable,Disable,Disable,Disable,Disable,Disable,Disable,Disable,Disable,Disable,Disable,Disable,Disable,Disable,Disable,Disable,Disablevvvvvvvv,Disable,Disable,Disable,Disable,Disable,Disable,Disable,Disable,Disable,Disable,Disable,Disable,Disable,Disable,Disable,Disable,Disable,
26.04.2022 9:25:43,91,0,53400,53,9190,8420,48000,56000,50000,-100000,3321,3325,3325,3325,3325,3325,3325,3325,3326,3325,3326,3326,3325,3325,3326,3325,3326,9,3321,1,5,21,21,21,21,22,22,31,21,1,21,1,Disable,Disable,Disable,Disable,Disable,Disable,Disable,Disable,Disable,Disable,Disable,Disable,Disable,Disable,Disable,Disable,Disable,Disable,Disable,Disablevvvvvvvv,Disable,Disable,Disable,Disable,Disable,Disable,Disable,Disable,Disable,Disable,Disable,Disable,Disable,Disable,Disable,Disable,Disable,
26.04.2022 9:25:44,91,0,53400,53,9190,8420,48000,56000,50000,-100000,3321,3325,3325,3325,3325,3325,3325,3325,3326,3325,3326,3326,3325,3325,3326,3325,3326,9,3321,1,5,21,21,21,21,22,22,31,21,1,21,1,Disable,Disable,Disable,Disable,Disable,Disable,Disable,Disable,Disable,Disable,Disable,Disable,Disable,Disable,Disable,Disable,Disable,Disable,Disable,Disablevvvvvvvv,Disable,Disable,Disable,Disable,Disable,Disable,Disable,Disable,Disable,Disable,Disable,Disable,Disable,Disable,Disable,Disable,Disable,
26.04.2022 9:25:45,91,0,53400,53,9190,8420,48000,56000,50000,-100000,3321,3325,3325,3325,3325,3325,3325,3325,3326,3325,3326,3326,3325,3325,3326,3325,3326,9,3321,1,5,21,21,21,21,22,22,31,21,1,21,1,Disable,Disable,Disable,Disable,Disable,Disable,Disable,Disable,Disable,Disable,Disable,Disable,Disable,Disable,Disable,Disable,Disable,Disable,Disable,Disablevvvvvvvv,Disable,Disable,Disable,Disable,Disable,Disable,Disable,Disable,Disable,Disable,Disable,Disable,Disable,Disable,Disable,Disable,Disable,
