﻿时间,SOC(%),电池电流(A),电池电压(mV),堆包电压(V),总容量(mAh),剩余容量(mAh),放电电压(mV),充电电压(mV),充电请求电流(mA),放电请求电流(mA),电芯电压1(mv),电芯电压2(mv),电芯电压3(mv),电芯电压4(mv),电芯电压5(mv),电芯电压6(mv),电芯电压7(mv),电芯电压8(mv),电芯电压9(mv),电芯电压10(mv),电芯电压11(mv),电芯电压12(mv),电芯电压13(mv),电芯电压14(mv),电芯电压15(mv),电芯电压16(mv),最大电芯电压(mv),最大电芯序列,最小电芯电压(mv),最小电芯序列,电芯压差(mv),电芯温度(℃),电芯温度(℃),电芯温度(℃),电芯温度(℃),MOS温度(℃),MOS温度(℃),环境温度(℃),最大温度(℃),最大温度序列,最小温度(℃),最小温度序列,电芯过压告警,电芯欠压告警,总压过压告警,总压欠压告警,充电过温告警,充电欠温告警,放电过温告警,放电欠温告警,环境过温告警,环境欠温告警,MOS过温,充电过流告警,放电过流告警,压差告警,温差告警,电芯过压故障,电芯欠压故障,总压过压故障,总压欠压故障,充电过温故障,充电欠温故障,放电过温故障,放电欠温故障,环境过温故障,环境欠温故障,MOS过温故障,充电过流故障,放电过流故障,压差故障,温差故障,预充故障,禁止充电故障,硬件充电过流故障,硬件放电过流故障,硬件电芯过压故障,充电保护丢失,放电保护丢失
08.06.2022 16:14:18,5,-41,50400,49,9890,490,48000,56000,10000,0,3118,3121,3121,3121,3121,3120,3126,3119,3105,3125,3126,3126,3121,3121,3119,3122,3126,7,3105,9,21,37,36,37,36,33,32,39,37,1,36,2,Disable,Disable,Disable,Disable,Disable,Disable,Disable,Disable,Disable,Disable,Disable,Disable,Disable,Disable,Disable,Disable,Disable,Disable,Disable,Disablevvvvvvvv,Disable,Disable,Disable,Disable,Disable,Disable,Disable,Disable,Disable,Disable,Disable,Disable,Disable,Disable,Disable,Disable,Disable,
08.06.2022 16:14:19,5,-42,50200,49,9890,490,48000,56000,10000,0,3104,3107,3109,3109,3107,3105,3111,3103,3096,3111,3112,3114,3110,3114,3116,3119,3119,16,3096,9,23,37,37,38,37,33,32,39,38,3,37,1,Disable,Disable,Disable,Disable,Disable,Disable,Disable,Disable,Disable,Disable,Disable,Disable,Disable,Disable,Disable,Disable,Disable,Disable,Disable,Disablevvvvvvvv,Disable,Disable,Disable,Disable,Disable,Disable,Disable,Disable,Disable,Disable,Disable,Disable,Disable,Disable,Disable,Disable,Disable,
08.06.2022 16:14:20,5,-42,50200,49,9890,490,48000,56000,10000,0,3104,3107,3109,3109,3107,3105,3111,3103,3096,3111,3112,3114,3110,3114,3116,3119,3119,16,3096,9,23,37,37,38,37,33,32,39,38,3,37,1,Disable,Disable,Disable,Disable,Disable,Disable,Disable,Disable,Disable,Disable,Disable,Disable,Disable,Disable,Disable,Disable,Disable,Disable,Disable,Disablevvvvvvvv,Disable,Disable,Disable,Disable,Disable,Disable,Disable,Disable,Disable,Disable,Disable,Disable,Disable,Disable,Disable,Disable,Disable,
08.06.2022 16:14:21,5,-42,50200,49,9890,490,48000,56000,10000,0,3104,3107,3109,3109,3107,3105,3111,3103,3096,3111,3112,3114,3110,3114,3116,3119,3119,16,3096,9,23,37,37,38,37,33,32,39,38,3,37,1,Disable,Disable,Disable,Disable,Disable,Disable,Disable,Disable,Disable,Disable,Disable,Disable,Disable,Disable,Disable,Disable,Disable,Disable,Disable,Disablevvvvvvvv,Disable,Disable,Disable,Disable,Disable,Disable,Disable,Disable,Disable,Disable,Disable,Disable,Disable,Disable,Disable,Disable,Disable,
08.06.2022 16:14:22,5,-41,50200,49,9890,490,48000,56000,10000,0,3098,3100,3102,3103,3101,3099,3105,3096,3088,3105,3105,3108,3103,3107,3110,3114,3119,16,3096,9,23,37,37,38,37,33,32,39,38,3,37,1,Disable,Disable,Disable,Disable,Disable,Disable,Disable,Disable,Disable,Disable,Disable,Disable,Disable,Disable,Disable,Disable,Disable,Disable,Disable,Disablevvvvvvvv,Disable,Disable,Disable,Disable,Disable,Disable,Disable,Disable,Disable,Disable,Disable,Disable,Disable,Disable,Disable,Disable,Disable,
08.06.2022 16:14:23,5,-41,50200,49,9890,490,48000,56000,10000,0,3098,3100,3102,3103,3101,3099,3105,3096,3088,3105,3105,3108,3103,3107,3110,3114,3114,16,3088,9,26,37,37,38,37,33,32,39,38,3,37,1,Disable,Disable,Disable,Disable,Disable,Disable,Disable,Disable,Disable,Disable,Disable,Disable,Disable,Disable,Disable,Disable,Disable,Disable,Disable,Disablevvvvvvvv,Disable,Disable,Disable,Disable,Disable,Disable,Disable,Disable,Disable,Disable,Disable,Disable,Disable,Disable,Disable,Disable,Disable,
08.06.2022 16:14:24,5,-41,50200,49,9890,490,48000,56000,10000,0,3098,3100,3102,3103,3101,3099,3105,3096,3088,3105,3105,3108,3103,3107,3110,3114,3114,16,3088,9,26,37,37,38,37,33,32,39,38,3,37,1,Disable,Disable,Disable,Disable,Disable,Disable,Disable,Disable,Disable,Disable,Disable,Disable,Disable,Disable,Disable,Disable,Disable,Disable,Disable,Disablevvvvvvvv,Disable,Disable,Disable,Disable,Disable,Disable,Disable,Disable,Disable,Disable,Disable,Disable,Disable,Disable,Disable,Disable,Disable,
08.06.2022 16:14:25,5,-41,50200,49,9890,490,48000,56000,10000,0,3098,3100,3102,3103,3101,3099,3105,3096,3088,3105,3105,3108,3103,3107,3110,3114,3114,16,3088,9,26,37,37,38,37,33,32,39,38,3,37,1,Disable,Disable,Disable,Disable,Disable,Disable,Disable,Disable,Disable,Disable,Disable,Disable,Disable,Disable,Disable,Disable,Disable,Disable,Disable,Disablevvvvvvvv,Disable,Disable,Disable,Disable,Disable,Disable,Disable,Disable,Disable,Disable,Disable,Disable,Disable,Disable,Disable,Disable,Disable,
08.06.2022 16:14:26,5,-41,50200,49,9890,490,48000,56000,10000,0,3094,3097,3099,3099,3097,3095,3101,3092,3083,3101,3102,3105,3099,3102,3105,3110,3110,16,3083,9,27,37,37,38,37,33,32,39,38,3,37,1,Disable,Disable,Disable,Disable,Disable,Disable,Disable,Disable,Disable,Disable,Disable,Disable,Disable,Disable,Disable,Disable,Disable,Disable,Disable,Disablevvvvvvvv,Disable,Disable,Disable,Disable,Disable,Disable,Disable,Disable,Disable,Disable,Disable,Disable,Disable,Disable,Disable,Disable,Disable,
08.06.2022 16:14:27,5,-41,50200,49,9890,490,48000,56000,10000,0,3094,3097,3099,3099,3097,3095,3101,3092,3083,3101,3102,3105,3099,3102,3105,3110,3110,16,3083,9,27,37,37,38,37,33,32,39,38,3,37,1,Disable,Disable,Disable,Disable,Disable,Disable,Disable,Disable,Disable,Disable,Disable,Disable,Disable,Disable,Disable,Disable,Disable,Disable,Disable,Disablevvvvvvvv,Disable,Disable,Disable,Disable,Disable,Disable,Disable,Disable,Disable,Disable,Disable,Disable,Disable,Disable,Disable,Disable,Disable,
08.06.2022 16:14:29,5,-41,50200,49,9890,490,48000,56000,10000,0,3094,3097,3099,3099,3097,3095,3101,3092,3083,3101,3102,3105,3099,3102,3105,3110,3110,16,3083,9,27,37,37,38,37,33,32,39,38,3,37,1,Disable,Disable,Disable,Disable,Disable,Disable,Disable,Disable,Disable,Disable,Disable,Disable,Disable,Disable,Disable,Disable,Disable,Disable,Disable,Disablevvvvvvvv,Disable,Disable,Disable,Disable,Disable,Disable,Disable,Disable,Disable,Disable,Disable,Disable,Disable,Disable,Disable,Disable,Disable,
08.06.2022 16:14:29,5,-41,50200,49,9890,490,48000,56000,10000,0,3092,3095,3097,3097,3095,3093,3100,3091,3080,3099,3101,3103,3097,3099,3101,3107,3107,16,3080,9,27,37,37,38,37,33,32,39,38,3,37,1,Disable,Disable,Disable,Disable,Disable,Disable,Disable,Disable,Disable,Disable,Disable,Disable,Disable,Disable,Disable,Disable,Disable,Disable,Disable,Disablevvvvvvvv,Disable,Disable,Disable,Disable,Disable,Disable,Disable,Disable,Disable,Disable,Disable,Disable,Disable,Disable,Disable,Disable,Disable,
08.06.2022 16:14:31,5,-41,50200,49,9890,490,48000,56000,10000,0,3092,3095,3097,3097,3095,3093,3100,3091,3080,3099,3101,3103,3097,3099,3101,3107,3107,16,3080,9,27,37,37,38,37,33,32,39,38,3,37,1,Disable,Disable,Disable,Disable,Disable,Disable,Disable,Disable,Disable,Disable,Disable,Disable,Disable,Disable,Disable,Disable,Disable,Disable,Disable,Disablevvvvvvvv,Disable,Disable,Disable,Disable,Disable,Disable,Disable,Disable,Disable,Disable,Disable,Disable,Disable,Disable,Disable,Disable,Disable,
08.06.2022 16:14:31,5,-41,50200,49,9890,490,48000,56000,10000,0,3092,3095,3097,3097,3095,3093,3100,3091,3080,3099,3101,3103,3097,3099,3101,3107,3107,16,3080,9,27,37,37,38,37,33,32,39,38,3,37,1,Disable,Disable,Disable,Disable,Disable,Disable,Disable,Disable,Disable,Disable,Disable,Disable,Disable,Disable,Disable,Disable,Disable,Disable,Disable,Disablevvvvvvvv,Disable,Disable,Disable,Disable,Disable,Disable,Disable,Disable,Disable,Disable,Disable,Disable,Disable,Disable,Disable,Disable,Disable,
08.06.2022 16:14:32,5,-41,50200,49,9890,490,48000,56000,10000,0,3093,3095,3097,3097,3096,3093,3100,3091,3080,3100,3102,3103,3097,3098,3099,3105,3105,12,3080,9,25,37,37,38,37,33,32,39,38,3,37,1,Disable,Disable,Disable,Disable,Disable,Disable,Disable,Disable,Disable,Disable,Disable,Disable,Disable,Disable,Disable,Disable,Disable,Disable,Disable,Disablevvvvvvvv,Disable,Disable,Disable,Disable,Disable,Disable,Disable,Disable,Disable,Disable,Disable,Disable,Disable,Disable,Disable,Disable,Disable,
08.06.2022 16:14:33,5,-41,50200,49,9890,490,48000,56000,10000,0,3093,3095,3097,3097,3096,3093,3100,3091,3080,3100,3102,3103,3097,3098,3099,3105,3105,12,3080,9,25,37,37,38,37,33,32,39,38,3,37,1,Disable,Disable,Disable,Disable,Disable,Disable,Disable,Disable,Disable,Disable,Disable,Disable,Disable,Disable,Disable,Disable,Disable,Disable,Disable,Disablevvvvvvvv,Disable,Disable,Disable,Disable,Disable,Disable,Disable,Disable,Disable,Disable,Disable,Disable,Disable,Disable,Disable,Disable,Disable,
08.06.2022 16:14:34,5,-41,50200,49,9890,490,48000,56000,10000,0,3093,3095,3097,3097,3096,3093,3100,3091,3080,3100,3102,3103,3097,3098,3099,3105,3105,12,3080,9,25,37,37,38,37,33,32,39,38,3,37,1,Disable,Disable,Disable,Disable,Disable,Disable,Disable,Disable,Disable,Disable,Disable,Disable,Disable,Disable,Disable,Disable,Disable,Disable,Disable,Disablevvvvvvvv,Disable,Disable,Disable,Disable,Disable,Disable,Disable,Disable,Disable,Disable,Disable,Disable,Disable,Disable,Disable,Disable,Disable,
08.06.2022 16:14:36,5,-41,50200,49,9890,490,48000,56000,10000,0,3095,3098,3099,3100,3098,3096,3103,3095,3083,3104,3105,3106,3099,3100,3100,3104,3106,12,3083,9,23,37,37,38,37,33,32,39,38,3,37,1,Disable,Disable,Disable,Disable,Disable,Disable,Disable,Disable,Disable,Disable,Disable,Disable,Disable,Disable,Disable,Disable,Disable,Disable,Disable,Disablevvvvvvvv,Disable,Disable,Disable,Disable,Disable,Disable,Disable,Disable,Disable,Disable,Disable,Disable,Disable,Disable,Disable,Disable,Disable,
08.06.2022 16:14:36,5,-41,50200,49,9890,490,48000,56000,10000,0,3095,3098,3099,3100,3098,3096,3103,3095,3083,3104,3105,3106,3099,3100,3100,3104,3106,12,3083,9,23,37,37,38,37,33,32,39,38,3,37,1,Disable,Disable,Disable,Disable,Disable,Disable,Disable,Disable,Disable,Disable,Disable,Disable,Disable,Disable,Disable,Disable,Disable,Disable,Disable,Disablevvvvvvvv,Disable,Disable,Disable,Disable,Disable,Disable,Disable,Disable,Disable,Disable,Disable,Disable,Disable,Disable,Disable,Disable,Disable,
08.06.2022 16:14:38,5,-41,50200,49,9890,490,48000,56000,10000,0,3095,3098,3099,3100,3098,3096,3103,3095,3083,3104,3105,3106,3099,3100,3100,3104,3106,12,3083,9,23,37,37,38,37,33,32,39,38,3,37,1,Disable,Disable,Disable,Disable,Disable,Disable,Disable,Disable,Disable,Disable,Disable,Disable,Disable,Disable,Disable,Disable,Disable,Disable,Disable,Disablevvvvvvvv,Disable,Disable,Disable,Disable,Disable,Disable,Disable,Disable,Disable,Disable,Disable,Disable,Disable,Disable,Disable,Disable,Disable,
08.06.2022 16:14:38,5,-41,50200,49,9890,490,48000,56000,10000,0,3101,3103,3105,3105,3103,3101,3109,3101,3090,3110,3111,3112,3104,3104,3103,3105,3112,12,3090,9,22,37,37,38,37,33,32,39,38,3,37,1,Disable,Disable,Disable,Disable,Disable,Disable,Disable,Disable,Disable,Disable,Disable,Disable,Disable,Disable,Disable,Disable,Disable,Disable,Disable,Disablevvvvvvvv,Disable,Disable,Disable,Disable,Disable,Disable,Disable,Disable,Disable,Disable,Disable,Disable,Disable,Disable,Disable,Disable,Disable,
08.06.2022 16:14:39,5,-41,50200,49,9890,490,48000,56000,10000,0,3101,3103,3105,3105,3103,3101,3109,3101,3090,3110,3111,3112,3104,3104,3103,3105,3112,12,3090,9,22,37,37,38,37,33,32,39,38,3,37,1,Disable,Disable,Disable,Disable,Disable,Disable,Disable,Disable,Disable,Disable,Disable,Disable,Disable,Disable,Disable,Disable,Disable,Disable,Disable,Disablevvvvvvvv,Disable,Disable,Disable,Disable,Disable,Disable,Disable,Disable,Disable,Disable,Disable,Disable,Disable,Disable,Disable,Disable,Disable,
08.06.2022 16:14:40,5,-41,50200,49,9890,490,48000,56000,10000,0,3101,3103,3105,3105,3103,3101,3109,3101,3090,3110,3111,3112,3104,3104,3103,3105,3112,12,3090,9,22,37,37,38,37,33,32,39,38,3,37,1,Disable,Disable,Disable,Disable,Disable,Disable,Disable,Disable,Disable,Disable,Disable,Disable,Disable,Disable,Disable,Disable,Disable,Disable,Disable,Disablevvvvvvvv,Disable,Disable,Disable,Disable,Disable,Disable,Disable,Disable,Disable,Disable,Disable,Disable,Disable,Disable,Disable,Disable,Disable,
08.06.2022 16:14:41,5,-41,50200,49,9890,490,48000,56000,10000,0,3107,3108,3110,3111,3109,3107,3115,3107,3097,3117,3118,3118,3110,3110,3107,3107,3118,10,3097,9,21,37,37,38,37,33,32,39,38,3,37,1,Disable,Disable,Disable,Disable,Disable,Disable,Disable,Disable,Disable,Disable,Disable,Disable,Disable,Disable,Disable,Disable,Disable,Disable,Disable,Disablevvvvvvvv,Disable,Disable,Disable,Disable,Disable,Disable,Disable,Disable,Disable,Disable,Disable,Disable,Disable,Disable,Disable,Disable,Disable,
08.06.2022 16:14:42,5,-41,50200,49,9890,490,48000,56000,10000,0,3107,3108,3110,3111,3109,3107,3115,3107,3097,3117,3118,3118,3110,3110,3107,3107,3118,10,3097,9,21,37,37,38,37,33,32,39,38,3,37,1,Disable,Disable,Disable,Disable,Disable,Disable,Disable,Disable,Disable,Disable,Disable,Disable,Disable,Disable,Disable,Disable,Disable,Disable,Disable,Disablevvvvvvvv,Disable,Disable,Disable,Disable,Disable,Disable,Disable,Disable,Disable,Disable,Disable,Disable,Disable,Disable,Disable,Disable,Disable,
08.06.2022 16:14:44,5,-41,50200,49,9890,490,48000,56000,10000,0,3107,3108,3110,3111,3109,3107,3115,3107,3097,3117,3118,3118,3110,3110,3107,3107,3118,10,3097,9,21,37,37,38,37,33,32,39,38,3,37,1,Disable,Disable,Disable,Disable,Disable,Disable,Disable,Disable,Disable,Disable,Disable,Disable,Disable,Disable,Disable,Disable,Disable,Disable,Disable,Disablevvvvvvvv,Disable,Disable,Disable,Disable,Disable,Disable,Disable,Disable,Disable,Disable,Disable,Disable,Disable,Disable,Disable,Disable,Disable,
08.06.2022 16:14:45,5,-41,50100,49,9890,490,48000,56000,10000,0,3114,3116,3118,3118,3116,3114,3122,3116,3107,3126,3125,3125,3117,3117,3113,3111,3126,10,3107,9,19,37,37,38,37,33,32,39,38,3,37,1,Disable,Disable,Disable,Disable,Disable,Disable,Disable,Disable,Disable,Disable,Disable,Disable,Disable,Disable,Disable,Disable,Disable,Disable,Disable,Disablevvvvvvvv,Disable,Disable,Disable,Disable,Disable,Disable,Disable,Disable,Disable,Disable,Disable,Disable,Disable,Disable,Disable,Disable,Disable,
08.06.2022 16:14:46,5,-41,50100,49,9890,490,48000,56000,10000,0,3114,3116,3118,3118,3116,3114,3122,3116,3107,3126,3125,3125,3117,3117,3113,3111,3126,10,3107,9,19,37,37,38,37,33,32,39,38,3,37,1,Disable,Disable,Disable,Disable,Disable,Disable,Disable,Disable,Disable,Disable,Disable,Disable,Disable,Disable,Disable,Disable,Disable,Disable,Disable,Disablevvvvvvvv,Disable,Disable,Disable,Disable,Disable,Disable,Disable,Disable,Disable,Disable,Disable,Disable,Disable,Disable,Disable,Disable,Disable,
08.06.2022 16:14:46,5,-41,50100,49,9890,490,48000,56000,10000,0,3114,3116,3118,3118,3116,3114,3122,3116,3107,3126,3125,3125,3117,3117,3113,3111,3126,10,3107,9,19,37,37,38,37,33,32,39,38,3,37,1,Disable,Disable,Disable,Disable,Disable,Disable,Disable,Disable,Disable,Disable,Disable,Disable,Disable,Disable,Disable,Disable,Disable,Disable,Disable,Disablevvvvvvvv,Disable,Disable,Disable,Disable,Disable,Disable,Disable,Disable,Disable,Disable,Disable,Disable,Disable,Disable,Disable,Disable,Disable,
08.06.2022 16:14:48,5,-41,50100,49,9890,490,48000,56000,10000,0,3120,3122,3124,3124,3122,3120,3129,3123,3115,3132,3132,3132,3124,3123,3119,3115,3132,10,3115,9,17,37,37,38,37,33,32,39,38,3,37,1,Disable,Disable,Disable,Disable,Disable,Disable,Disable,Disable,Disable,Disable,Disable,Disable,Disable,Disable,Disable,Disable,Disable,Disable,Disable,Disablevvvvvvvv,Disable,Disable,Disable,Disable,Disable,Disable,Disable,Disable,Disable,Disable,Disable,Disable,Disable,Disable,Disable,Disable,Disable,
08.06.2022 16:14:48,5,-41,50100,49,9890,490,48000,56000,10000,0,3120,3122,3124,3124,3122,3120,3129,3123,3115,3132,3132,3132,3124,3123,3119,3115,3132,10,3115,9,17,37,37,38,37,33,32,39,38,3,37,1,Disable,Disable,Disable,Disable,Disable,Disable,Disable,Disable,Disable,Disable,Disable,Disable,Disable,Disable,Disable,Disable,Disable,Disable,Disable,Disablevvvvvvvv,Disable,Disable,Disable,Disable,Disable,Disable,Disable,Disable,Disable,Disable,Disable,Disable,Disable,Disable,Disable,Disable,Disable,
08.06.2022 16:14:50,5,-41,50100,49,9890,490,48000,56000,10000,0,3120,3122,3124,3124,3122,3120,3129,3123,3115,3132,3132,3132,3124,3123,3119,3115,3132,10,3115,9,17,37,37,38,37,33,32,39,38,3,37,1,Disable,Disable,Disable,Disable,Disable,Disable,Disable,Disable,Disable,Disable,Disable,Disable,Disable,Disable,Disable,Disable,Disable,Disable,Disable,Disablevvvvvvvv,Disable,Disable,Disable,Disable,Disable,Disable,Disable,Disable,Disable,Disable,Disable,Disable,Disable,Disable,Disable,Disable,Disable,
08.06.2022 16:14:50,5,-41,50100,49,9890,490,48000,56000,10000,0,3120,3122,3124,3124,3122,3120,3129,3123,3115,3132,3132,3132,3124,3123,3119,3115,3132,10,3115,9,17,37,37,38,37,33,32,39,38,3,37,1,Disable,Disable,Disable,Disable,Disable,Disable,Disable,Disable,Disable,Disable,Disable,Disable,Disable,Disable,Disable,Disable,Disable,Disable,Disable,Disablevvvvvvvv,Disable,Disable,Disable,Disable,Disable,Disable,Disable,Disable,Disable,Disable,Disable,Disable,Disable,Disable,Disable,Disable,Disable,
08.06.2022 16:14:52,5,-41,50200,50,9890,490,48000,56000,10000,0,3126,3127,3129,3130,3128,3126,3134,3129,3123,3139,3138,3137,3130,3130,3125,3120,3139,10,3120,16,19,37,37,38,37,33,32,39,38,3,37,1,Disable,Disable,Disable,Disable,Disable,Disable,Disable,Disable,Disable,Disable,Disable,Disable,Disable,Disable,Disable,Disable,Disable,Disable,Disable,Disablevvvvvvvv,Disable,Disable,Disable,Disable,Disable,Disable,Disable,Disable,Disable,Disable,Disable,Disable,Disable,Disable,Disable,Disable,Disable,
08.06.2022 16:14:52,5,-41,50200,50,9890,490,48000,56000,10000,0,3126,3127,3129,3130,3128,3126,3134,3129,3123,3139,3138,3137,3130,3130,3125,3120,3139,10,3120,16,19,37,37,38,37,33,32,39,38,3,37,1,Disable,Disable,Disable,Disable,Disable,Disable,Disable,Disable,Disable,Disable,Disable,Disable,Disable,Disable,Disable,Disable,Disable,Disable,Disable,Disablevvvvvvvv,Disable,Disable,Disable,Disable,Disable,Disable,Disable,Disable,Disable,Disable,Disable,Disable,Disable,Disable,Disable,Disable,Disable,
08.06.2022 16:14:53,5,-41,50200,50,9890,490,48000,56000,10000,0,3126,3127,3129,3130,3128,3126,3134,3129,3123,3139,3138,3137,3130,3130,3125,3120,3139,10,3120,16,19,37,37,38,37,33,32,39,38,3,37,1,Disable,Disable,Disable,Disable,Disable,Disable,Disable,Disable,Disable,Disable,Disable,Disable,Disable,Disable,Disable,Disable,Disable,Disable,Disable,Disablevvvvvvvv,Disable,Disable,Disable,Disable,Disable,Disable,Disable,Disable,Disable,Disable,Disable,Disable,Disable,Disable,Disable,Disable,Disable,
08.06.2022 16:14:55,5,-41,50200,50,9890,490,48000,56000,10000,0,3129,3131,3133,3133,3131,3130,3138,3133,3128,3142,3141,3141,3134,3134,3130,3123,3142,10,3123,16,19,37,37,38,36,33,32,39,38,3,36,4,Disable,Disable,Disable,Disable,Disable,Disable,Disable,Disable,Disable,Disable,Disable,Disable,Disable,Disable,Disable,Disable,Disable,Disable,Disable,Disablevvvvvvvv,Disable,Disable,Disable,Disable,Disable,Disable,Disable,Disable,Disable,Disable,Disable,Disable,Disable,Disable,Disable,Disable,Disable,
08.06.2022 16:14:56,5,-41,50200,50,9890,490,48000,56000,10000,0,3129,3131,3133,3133,3131,3130,3138,3133,3128,3142,3141,3141,3134,3134,3130,3123,3142,10,3123,16,19,37,37,38,36,33,32,39,38,3,36,4,Disable,Disable,Disable,Disable,Disable,Disable,Disable,Disable,Disable,Disable,Disable,Disable,Disable,Disable,Disable,Disable,Disable,Disable,Disable,Disablevvvvvvvv,Disable,Disable,Disable,Disable,Disable,Disable,Disable,Disable,Disable,Disable,Disable,Disable,Disable,Disable,Disable,Disable,Disable,
08.06.2022 16:14:57,5,-41,50200,50,9890,490,48000,56000,10000,0,3129,3131,3133,3133,3131,3130,3138,3133,3128,3142,3141,3141,3134,3134,3130,3123,3142,10,3123,16,19,37,37,38,36,33,32,39,38,3,36,4,Disable,Disable,Disable,Disable,Disable,Disable,Disable,Disable,Disable,Disable,Disable,Disable,Disable,Disable,Disable,Disable,Disable,Disable,Disable,Disablevvvvvvvv,Disable,Disable,Disable,Disable,Disable,Disable,Disable,Disable,Disable,Disable,Disable,Disable,Disable,Disable,Disable,Disable,Disable,
08.06.2022 16:14:58,5,-41,50200,50,9890,490,48000,56000,10000,0,3130,3132,3134,3134,3132,3131,3138,3134,3130,3143,3142,3142,3135,3137,3133,3126,3143,10,3126,16,17,37,37,38,36,33,32,39,38,3,36,4,Disable,Disable,Disable,Disable,Disable,Disable,Disable,Disable,Disable,Disable,Disable,Disable,Disable,Disable,Disable,Disable,Disable,Disable,Disable,Disablevvvvvvvv,Disable,Disable,Disable,Disable,Disable,Disable,Disable,Disable,Disable,Disable,Disable,Disable,Disable,Disable,Disable,Disable,Disable,
08.06.2022 16:14:59,5,-41,50200,50,9890,490,48000,56000,10000,0,3130,3132,3134,3134,3132,3131,3138,3134,3130,3143,3142,3142,3135,3137,3133,3126,3143,10,3126,16,17,37,37,38,36,33,32,39,38,3,36,4,Disable,Disable,Disable,Disable,Disable,Disable,Disable,Disable,Disable,Disable,Disable,Disable,Disable,Disable,Disable,Disable,Disable,Disable,Disable,Disablevvvvvvvv,Disable,Disable,Disable,Disable,Disable,Disable,Disable,Disable,Disable,Disable,Disable,Disable,Disable,Disable,Disable,Disable,Disable,
08.06.2022 16:15:00,5,-41,50200,50,9890,490,48000,56000,10000,0,3130,3132,3134,3134,3132,3131,3138,3134,3130,3143,3142,3142,3135,3137,3133,3126,3143,10,3126,16,17,37,37,38,36,33,32,39,38,3,36,4,Disable,Disable,Disable,Disable,Disable,Disable,Disable,Disable,Disable,Disable,Disable,Disable,Disable,Disable,Disable,Disable,Disable,Disable,Disable,Disablevvvvvvvv,Disable,Disable,Disable,Disable,Disable,Disable,Disable,Disable,Disable,Disable,Disable,Disable,Disable,Disable,Disable,Disable,Disable,
08.06.2022 16:15:01,5,-42,50100,50,9890,490,48000,56000,10000,0,3129,3131,3133,3133,3131,3129,3137,3132,3129,3142,3140,3141,3135,3137,3134,3127,3142,10,3127,16,15,37,37,38,36,33,32,39,38,3,36,4,Disable,Disable,Disable,Disable,Disable,Disable,Disable,Disable,Disable,Disable,Disable,Disable,Disable,Disable,Disable,Disable,Disable,Disable,Disable,Disablevvvvvvvv,Disable,Disable,Disable,Disable,Disable,Disable,Disable,Disable,Disable,Disable,Disable,Disable,Disable,Disable,Disable,Disable,Disable,
08.06.2022 16:15:02,5,-42,50100,50,9890,490,48000,56000,10000,0,3129,3131,3133,3133,3131,3129,3137,3132,3129,3142,3140,3141,3135,3137,3134,3127,3142,10,3127,16,15,37,37,38,36,33,32,39,38,3,36,4,Disable,Disable,Disable,Disable,Disable,Disable,Disable,Disable,Disable,Disable,Disable,Disable,Disable,Disable,Disable,Disable,Disable,Disable,Disable,Disablevvvvvvvv,Disable,Disable,Disable,Disable,Disable,Disable,Disable,Disable,Disable,Disable,Disable,Disable,Disable,Disable,Disable,Disable,Disable,
08.06.2022 16:15:03,5,-42,50100,50,9890,490,48000,56000,10000,0,3129,3131,3133,3133,3131,3129,3137,3132,3129,3142,3140,3141,3135,3137,3134,3127,3142,10,3127,16,15,37,37,38,36,33,32,39,38,3,36,4,Disable,Disable,Disable,Disable,Disable,Disable,Disable,Disable,Disable,Disable,Disable,Disable,Disable,Disable,Disable,Disable,Disable,Disable,Disable,Disablevvvvvvvv,Disable,Disable,Disable,Disable,Disable,Disable,Disable,Disable,Disable,Disable,Disable,Disable,Disable,Disable,Disable,Disable,Disable,
08.06.2022 16:15:04,5,-42,50100,50,9890,490,48000,56000,10000,0,3125,3127,3130,3130,3128,3126,3133,3128,3125,3137,3136,3137,3132,3134,3133,3127,3137,10,3125,1,12,37,37,38,36,33,32,39,38,3,36,4,Disable,Disable,Disable,Disable,Disable,Disable,Disable,Disable,Disable,Disable,Disable,Disable,Disable,Disable,Disable,Disable,Disable,Disable,Disable,Disablevvvvvvvv,Disable,Disable,Disable,Disable,Disable,Disable,Disable,Disable,Disable,Disable,Disable,Disable,Disable,Disable,Disable,Disable,Disable,
08.06.2022 16:15:05,5,-42,50100,50,9890,490,48000,56000,10000,0,3125,3127,3130,3130,3128,3126,3133,3128,3125,3137,3136,3137,3132,3134,3133,3127,3137,10,3125,1,12,37,37,38,36,33,32,39,38,3,36,4,Disable,Disable,Disable,Disable,Disable,Disable,Disable,Disable,Disable,Disable,Disable,Disable,Disable,Disable,Disable,Disable,Disable,Disable,Disable,Disablevvvvvvvv,Disable,Disable,Disable,Disable,Disable,Disable,Disable,Disable,Disable,Disable,Disable,Disable,Disable,Disable,Disable,Disable,Disable,
08.06.2022 16:15:06,5,-42,50100,50,9890,490,48000,56000,10000,0,3125,3127,3130,3130,3128,3126,3133,3128,3125,3137,3136,3137,3132,3134,3133,3127,3137,10,3125,1,12,37,37,38,36,33,32,39,38,3,36,4,Disable,Disable,Disable,Disable,Disable,Disable,Disable,Disable,Disable,Disable,Disable,Disable,Disable,Disable,Disable,Disable,Disable,Disable,Disable,Disablevvvvvvvv,Disable,Disable,Disable,Disable,Disable,Disable,Disable,Disable,Disable,Disable,Disable,Disable,Disable,Disable,Disable,Disable,Disable,
08.06.2022 16:15:07,5,-41,50100,49,9890,490,48000,56000,10000,0,3119,3121,3123,3124,3122,3119,3126,3121,3117,3130,3129,3131,3125,3128,3128,3124,3131,10,3117,9,14,37,37,38,36,33,32,39,38,3,36,4,Disable,Disable,Disable,Disable,Disable,Disable,Disable,Disable,Disable,Disable,Disable,Disable,Disable,Disable,Disable,Disable,Disable,Disable,Disable,Disablevvvvvvvv,Disable,Disable,Disable,Disable,Disable,Disable,Disable,Disable,Disable,Disable,Disable,Disable,Disable,Disable,Disable,Disable,Disable,
08.06.2022 16:15:08,5,-41,50100,49,9890,490,48000,56000,10000,0,3119,3121,3123,3124,3122,3119,3126,3121,3117,3130,3129,3131,3125,3128,3128,3124,3131,10,3117,9,14,37,37,38,36,33,32,39,38,3,36,4,Disable,Disable,Disable,Disable,Disable,Disable,Disable,Disable,Disable,Disable,Disable,Disable,Disable,Disable,Disable,Disable,Disable,Disable,Disable,Disablevvvvvvvv,Disable,Disable,Disable,Disable,Disable,Disable,Disable,Disable,Disable,Disable,Disable,Disable,Disable,Disable,Disable,Disable,Disable,
08.06.2022 16:15:09,5,-41,50100,49,9890,490,48000,56000,10000,0,3119,3121,3123,3124,3122,3119,3126,3121,3117,3130,3129,3131,3125,3128,3128,3124,3131,10,3117,9,14,37,37,38,36,33,32,39,38,3,36,4,Disable,Disable,Disable,Disable,Disable,Disable,Disable,Disable,Disable,Disable,Disable,Disable,Disable,Disable,Disable,Disable,Disable,Disable,Disable,Disablevvvvvvvv,Disable,Disable,Disable,Disable,Disable,Disable,Disable,Disable,Disable,Disable,Disable,Disable,Disable,Disable,Disable,Disable,Disable,
08.06.2022 16:15:10,5,-42,50100,49,9890,490,48000,56000,10000,0,3117,3118,3121,3121,3119,3117,3125,3119,3112,3129,3128,3129,3121,3120,3116,3112,3129,10,3112,9,17,37,37,38,36,33,32,39,38,3,36,4,Disable,Disable,Disable,Disable,Disable,Disable,Disable,Disable,Disable,Disable,Disable,Disable,Disable,Disable,Disable,Disable,Disable,Disable,Disable,Disablevvvvvvvv,Disable,Disable,Disable,Disable,Disable,Disable,Disable,Disable,Disable,Disable,Disable,Disable,Disable,Disable,Disable,Disable,Disable,
08.06.2022 16:15:11,5,-42,50100,49,9890,490,48000,56000,10000,0,3117,3118,3121,3121,3119,3117,3125,3119,3112,3129,3128,3129,3121,3120,3116,3112,3129,10,3112,9,17,37,37,38,36,33,32,39,38,3,36,4,Disable,Disable,Disable,Disable,Disable,Disable,Disable,Disable,Disable,Disable,Disable,Disable,Disable,Disable,Disable,Disable,Disable,Disable,Disable,Disablevvvvvvvv,Disable,Disable,Disable,Disable,Disable,Disable,Disable,Disable,Disable,Disable,Disable,Disable,Disable,Disable,Disable,Disable,Disable,
08.06.2022 16:15:12,5,-42,50100,49,9890,490,48000,56000,10000,0,3117,3118,3121,3121,3119,3117,3125,3119,3112,3129,3128,3129,3121,3120,3116,3112,3129,10,3112,9,17,37,37,38,36,33,32,39,38,3,36,4,Disable,Disable,Disable,Disable,Disable,Disable,Disable,Disable,Disable,Disable,Disable,Disable,Disable,Disable,Disable,Disable,Disable,Disable,Disable,Disablevvvvvvvv,Disable,Disable,Disable,Disable,Disable,Disable,Disable,Disable,Disable,Disable,Disable,Disable,Disable,Disable,Disable,Disable,Disable,
08.06.2022 16:15:12,5,-42,50100,49,9890,490,48000,56000,10000,0,3121,3123,3125,3126,3124,3122,3130,3124,3118,3135,3134,3134,3126,3125,3121,3115,3129,10,3112,9,17,37,37,38,36,33,32,39,38,3,36,4,Disable,Disable,Disable,Disable,Disable,Disable,Disable,Disable,Disable,Disable,Disable,Disable,Disable,Disable,Disable,Disable,Disable,Disable,Disable,Disablevvvvvvvv,Disable,Disable,Disable,Disable,Disable,Disable,Disable,Disable,Disable,Disable,Disable,Disable,Disable,Disable,Disable,Disable,Disable,
08.06.2022 16:15:13,5,-41,50100,50,9890,490,48000,56000,10000,0,3121,3123,3125,3126,3124,3122,3130,3124,3118,3135,3134,3134,3126,3125,3121,3115,3135,10,3115,16,20,37,37,38,36,33,32,39,38,3,36,4,Disable,Disable,Disable,Disable,Disable,Disable,Disable,Disable,Disable,Disable,Disable,Disable,Disable,Disable,Disable,Disable,Disable,Disable,Disable,Disablevvvvvvvv,Disable,Disable,Disable,Disable,Disable,Disable,Disable,Disable,Disable,Disable,Disable,Disable,Disable,Disable,Disable,Disable,Disable,
08.06.2022 16:15:14,5,-41,50100,50,9890,490,48000,56000,10000,0,3121,3123,3125,3126,3124,3122,3130,3124,3118,3135,3134,3134,3126,3125,3121,3115,3135,10,3115,16,20,37,37,38,36,33,32,39,38,3,36,4,Disable,Disable,Disable,Disable,Disable,Disable,Disable,Disable,Disable,Disable,Disable,Disable,Disable,Disable,Disable,Disable,Disable,Disable,Disable,Disablevvvvvvvv,Disable,Disable,Disable,Disable,Disable,Disable,Disable,Disable,Disable,Disable,Disable,Disable,Disable,Disable,Disable,Disable,Disable,
08.06.2022 16:15:15,5,-41,50100,50,9890,490,48000,56000,10000,0,3121,3123,3125,3126,3124,3122,3130,3124,3118,3135,3134,3134,3126,3125,3121,3115,3135,10,3115,16,20,37,37,38,36,33,32,39,38,3,36,4,Disable,Disable,Disable,Disable,Disable,Disable,Disable,Disable,Disable,Disable,Disable,Disable,Disable,Disable,Disable,Disable,Disable,Disable,Disable,Disablevvvvvvvv,Disable,Disable,Disable,Disable,Disable,Disable,Disable,Disable,Disable,Disable,Disable,Disable,Disable,Disable,Disable,Disable,Disable,
08.06.2022 16:15:16,5,-42,50100,50,9890,490,48000,56000,10000,0,3126,3127,3130,3130,3128,3126,3134,3129,3125,3140,3138,3138,3131,3131,3126,3120,3140,10,3120,16,20,37,37,38,36,33,32,39,38,3,36,4,Disable,Disable,Disable,Disable,Disable,Disable,Disable,Disable,Disable,Disable,Disable,Disable,Disable,Disable,Disable,Disable,Disable,Disable,Disable,Disablevvvvvvvv,Disable,Disable,Disable,Disable,Disable,Disable,Disable,Disable,Disable,Disable,Disable,Disable,Disable,Disable,Disable,Disable,Disable,
08.06.2022 16:15:17,5,-42,50100,50,9890,490,48000,56000,10000,0,3126,3127,3130,3130,3128,3126,3134,3129,3125,3140,3138,3138,3131,3131,3126,3120,3140,10,3120,16,20,37,37,38,36,33,32,39,38,3,36,4,Disable,Disable,Disable,Disable,Disable,Disable,Disable,Disable,Disable,Disable,Disable,Disable,Disable,Disable,Disable,Disable,Disable,Disable,Disable,Disablevvvvvvvv,Disable,Disable,Disable,Disable,Disable,Disable,Disable,Disable,Disable,Disable,Disable,Disable,Disable,Disable,Disable,Disable,Disable,
08.06.2022 16:15:19,5,-42,50100,50,9890,490,48000,56000,10000,0,3126,3127,3130,3130,3128,3126,3134,3129,3125,3140,3138,3138,3131,3131,3126,3120,3140,10,3120,16,20,37,37,38,36,33,32,39,38,3,36,4,Disable,Disable,Disable,Disable,Disable,Disable,Disable,Disable,Disable,Disable,Disable,Disable,Disable,Disable,Disable,Disable,Disable,Disable,Disable,Disablevvvvvvvv,Disable,Disable,Disable,Disable,Disable,Disable,Disable,Disable,Disable,Disable,Disable,Disable,Disable,Disable,Disable,Disable,Disable,
08.06.2022 16:15:19,5,-41,50100,50,9890,490,48000,56000,10000,0,3127,3129,3131,3132,3129,3128,3135,3131,3127,3141,3139,3140,3133,3133,3130,3122,3141,10,3122,16,19,37,37,38,36,33,32,39,38,3,36,4,Disable,Disable,Disable,Disable,Disable,Disable,Disable,Disable,Disable,Disable,Disable,Disable,Disable,Disable,Disable,Disable,Disable,Disable,Disable,Disablevvvvvvvv,Disable,Disable,Disable,Disable,Disable,Disable,Disable,Disable,Disable,Disable,Disable,Disable,Disable,Disable,Disable,Disable,Disable,
08.06.2022 16:15:20,5,-41,50100,50,9890,490,48000,56000,10000,0,3127,3129,3131,3132,3129,3128,3135,3131,3127,3141,3139,3140,3133,3133,3130,3122,3141,10,3122,16,19,37,37,38,36,33,32,39,38,3,36,4,Disable,Disable,Disable,Disable,Disable,Disable,Disable,Disable,Disable,Disable,Disable,Disable,Disable,Disable,Disable,Disable,Disable,Disable,Disable,Disablevvvvvvvv,Disable,Disable,Disable,Disable,Disable,Disable,Disable,Disable,Disable,Disable,Disable,Disable,Disable,Disable,Disable,Disable,Disable,
08.06.2022 16:15:21,5,-41,50100,50,9890,490,48000,56000,10000,0,3127,3129,3131,3132,3129,3128,3135,3131,3127,3141,3139,3140,3133,3133,3130,3122,3141,10,3122,16,19,37,37,38,36,33,32,39,38,3,36,4,Disable,Disable,Disable,Disable,Disable,Disable,Disable,Disable,Disable,Disable,Disable,Disable,Disable,Disable,Disable,Disable,Disable,Disable,Disable,Disablevvvvvvvv,Disable,Disable,Disable,Disable,Disable,Disable,Disable,Disable,Disable,Disable,Disable,Disable,Disable,Disable,Disable,Disable,Disable,
08.06.2022 16:15:22,5,-41,50100,50,9890,490,48000,56000,10000,0,3126,3128,3131,3131,3129,3127,3134,3130,3127,3140,3138,3139,3132,3134,3131,3124,3140,10,3124,16,16,37,37,38,36,33,32,39,38,3,36,4,Disable,Disable,Disable,Disable,Disable,Disable,Disable,Disable,Disable,Disable,Disable,Disable,Disable,Disable,Disable,Disable,Disable,Disable,Disable,Disablevvvvvvvv,Disable,Disable,Disable,Disable,Disable,Disable,Disable,Disable,Disable,Disable,Disable,Disable,Disable,Disable,Disable,Disable,Disable,
08.06.2022 16:15:23,5,-41,50100,50,9890,490,48000,56000,10000,0,3126,3128,3131,3131,3129,3127,3134,3130,3127,3140,3138,3139,3132,3134,3131,3124,3140,10,3124,16,16,37,37,38,36,33,32,39,38,3,36,4,Disable,Disable,Disable,Disable,Disable,Disable,Disable,Disable,Disable,Disable,Disable,Disable,Disable,Disable,Disable,Disable,Disable,Disable,Disable,Disablevvvvvvvv,Disable,Disable,Disable,Disable,Disable,Disable,Disable,Disable,Disable,Disable,Disable,Disable,Disable,Disable,Disable,Disable,Disable,
08.06.2022 16:15:25,5,-41,50100,50,9890,490,48000,56000,10000,0,3126,3128,3131,3131,3129,3127,3134,3130,3127,3140,3138,3139,3132,3134,3131,3124,3140,10,3124,16,16,37,37,38,36,33,32,39,38,3,36,4,Disable,Disable,Disable,Disable,Disable,Disable,Disable,Disable,Disable,Disable,Disable,Disable,Disable,Disable,Disable,Disable,Disable,Disable,Disable,Disablevvvvvvvv,Disable,Disable,Disable,Disable,Disable,Disable,Disable,Disable,Disable,Disable,Disable,Disable,Disable,Disable,Disable,Disable,Disable,
08.06.2022 16:15:26,5,-41,50100,50,9890,490,48000,56000,10000,0,3123,3125,3128,3128,3125,3123,3130,3126,3123,3136,3134,3135,3130,3132,3130,3124,3136,10,3123,1,13,37,37,38,36,33,32,39,38,3,36,4,Disable,Disable,Disable,Disable,Disable,Disable,Disable,Disable,Disable,Disable,Disable,Disable,Disable,Disable,Disable,Disable,Disable,Disable,Disable,Disablevvvvvvvv,Disable,Disable,Disable,Disable,Disable,Disable,Disable,Disable,Disable,Disable,Disable,Disable,Disable,Disable,Disable,Disable,Disable,
08.06.2022 16:15:27,5,-41,50100,50,9890,490,48000,56000,10000,0,3123,3125,3128,3128,3125,3123,3130,3126,3123,3136,3134,3135,3130,3132,3130,3124,3136,10,3123,1,13,37,37,38,36,33,32,39,38,3,36,4,Disable,Disable,Disable,Disable,Disable,Disable,Disable,Disable,Disable,Disable,Disable,Disable,Disable,Disable,Disable,Disable,Disable,Disable,Disable,Disablevvvvvvvv,Disable,Disable,Disable,Disable,Disable,Disable,Disable,Disable,Disable,Disable,Disable,Disable,Disable,Disable,Disable,Disable,Disable,
08.06.2022 16:15:27,5,-41,50100,50,9890,490,48000,56000,10000,0,3123,3125,3128,3128,3125,3123,3130,3126,3123,3136,3134,3135,3130,3132,3130,3124,3136,10,3123,1,13,37,37,38,36,33,32,39,38,3,36,4,Disable,Disable,Disable,Disable,Disable,Disable,Disable,Disable,Disable,Disable,Disable,Disable,Disable,Disable,Disable,Disable,Disable,Disable,Disable,Disablevvvvvvvv,Disable,Disable,Disable,Disable,Disable,Disable,Disable,Disable,Disable,Disable,Disable,Disable,Disable,Disable,Disable,Disable,Disable,
08.06.2022 16:15:28,5,-41,50100,49,9890,490,48000,56000,10000,0,3117,3120,3123,3123,3120,3118,3125,3120,3117,3130,3128,3130,3125,3128,3127,3123,3130,12,3117,1,13,37,37,38,36,33,32,39,38,3,36,4,Disable,Disable,Disable,Disable,Disable,Disable,Disable,Disable,Disable,Disable,Disable,Disable,Disable,Disable,Disable,Disable,Disable,Disable,Disable,Disablevvvvvvvv,Disable,Disable,Disable,Disable,Disable,Disable,Disable,Disable,Disable,Disable,Disable,Disable,Disable,Disable,Disable,Disable,Disable,
08.06.2022 16:15:29,5,-41,50100,49,9890,490,48000,56000,10000,0,3117,3120,3123,3123,3120,3118,3125,3120,3117,3130,3128,3130,3125,3128,3127,3123,3130,12,3117,1,13,37,37,38,36,33,32,39,38,3,36,4,Disable,Disable,Disable,Disable,Disable,Disable,Disable,Disable,Disable,Disable,Disable,Disable,Disable,Disable,Disable,Disable,Disable,Disable,Disable,Disablevvvvvvvv,Disable,Disable,Disable,Disable,Disable,Disable,Disable,Disable,Disable,Disable,Disable,Disable,Disable,Disable,Disable,Disable,Disable,
08.06.2022 16:15:31,5,-41,50100,49,9890,490,48000,56000,10000,0,3117,3120,3123,3123,3120,3118,3125,3120,3117,3130,3128,3130,3125,3128,3127,3123,3130,12,3117,1,13,37,37,38,36,33,32,39,38,3,36,4,Disable,Disable,Disable,Disable,Disable,Disable,Disable,Disable,Disable,Disable,Disable,Disable,Disable,Disable,Disable,Disable,Disable,Disable,Disable,Disablevvvvvvvv,Disable,Disable,Disable,Disable,Disable,Disable,Disable,Disable,Disable,Disable,Disable,Disable,Disable,Disable,Disable,Disable,Disable,
08.06.2022 16:15:31,5,-42,50100,49,9890,490,48000,56000,10000,0,3110,3112,3115,3116,3113,3111,3117,3111,3108,3121,3121,3123,3117,3121,3122,3119,3123,12,3108,9,15,37,37,38,36,33,32,39,38,3,36,4,Disable,Disable,Disable,Disable,Disable,Disable,Disable,Disable,Disable,Disable,Disable,Disable,Disable,Disable,Disable,Disable,Disable,Disable,Disable,Disablevvvvvvvv,Disable,Disable,Disable,Disable,Disable,Disable,Disable,Disable,Disable,Disable,Disable,Disable,Disable,Disable,Disable,Disable,Disable,
08.06.2022 16:15:33,5,-42,50100,49,9890,490,48000,56000,10000,0,3110,3112,3115,3116,3113,3111,3117,3111,3108,3121,3121,3123,3117,3121,3122,3119,3123,12,3108,9,15,37,37,38,36,33,32,39,38,3,36,4,Disable,Disable,Disable,Disable,Disable,Disable,Disable,Disable,Disable,Disable,Disable,Disable,Disable,Disable,Disable,Disable,Disable,Disable,Disable,Disablevvvvvvvv,Disable,Disable,Disable,Disable,Disable,Disable,Disable,Disable,Disable,Disable,Disable,Disable,Disable,Disable,Disable,Disable,Disable,
08.06.2022 16:15:34,5,-42,50100,49,9890,490,48000,56000,10000,0,3110,3112,3115,3116,3113,3111,3117,3111,3108,3121,3121,3123,3117,3121,3122,3119,3123,12,3108,9,15,37,37,38,36,33,32,39,38,3,36,4,Disable,Disable,Disable,Disable,Disable,Disable,Disable,Disable,Disable,Disable,Disable,Disable,Disable,Disable,Disable,Disable,Disable,Disable,Disable,Disablevvvvvvvv,Disable,Disable,Disable,Disable,Disable,Disable,Disable,Disable,Disable,Disable,Disable,Disable,Disable,Disable,Disable,Disable,Disable,
08.06.2022 16:15:35,5,-42,50100,49,9890,490,48000,56000,10000,0,3103,3105,3108,3109,3106,3104,3110,3103,3099,3113,3113,3115,3110,3114,3115,3115,3115,12,3099,9,16,37,37,38,36,33,32,39,38,3,36,4,Disable,Disable,Disable,Disable,Disable,Disable,Disable,Disable,Disable,Disable,Disable,Disable,Disable,Disable,Disable,Disable,Disable,Disable,Disable,Disablevvvvvvvv,Disable,Disable,Disable,Disable,Disable,Disable,Disable,Disable,Disable,Disable,Disable,Disable,Disable,Disable,Disable,Disable,Disable,
08.06.2022 16:15:35,5,-42,50100,49,9890,490,48000,56000,10000,0,3103,3105,3108,3109,3106,3104,3110,3103,3099,3113,3113,3115,3110,3114,3115,3115,3115,12,3099,9,16,37,37,38,36,33,32,39,38,3,36,4,Disable,Disable,Disable,Disable,Disable,Disable,Disable,Disable,Disable,Disable,Disable,Disable,Disable,Disable,Disable,Disable,Disable,Disable,Disable,Disablevvvvvvvv,Disable,Disable,Disable,Disable,Disable,Disable,Disable,Disable,Disable,Disable,Disable,Disable,Disable,Disable,Disable,Disable,Disable,
08.06.2022 16:15:36,5,-42,50100,49,9890,490,48000,56000,10000,0,3103,3105,3108,3109,3106,3104,3110,3103,3099,3113,3113,3115,3110,3114,3115,3115,3115,12,3099,9,16,37,37,38,36,33,32,39,38,3,36,4,Disable,Disable,Disable,Disable,Disable,Disable,Disable,Disable,Disable,Disable,Disable,Disable,Disable,Disable,Disable,Disable,Disable,Disable,Disable,Disablevvvvvvvv,Disable,Disable,Disable,Disable,Disable,Disable,Disable,Disable,Disable,Disable,Disable,Disable,Disable,Disable,Disable,Disable,Disable,
08.06.2022 16:15:38,5,-41,50100,49,9890,490,48000,56000,10000,0,3095,3097,3100,3101,3098,3096,3102,3094,3089,3104,3105,3108,3102,3105,3108,3110,3110,16,3089,9,21,37,37,38,36,33,32,39,38,3,36,4,Disable,Disable,Disable,Disable,Disable,Disable,Disable,Disable,Disable,Disable,Disable,Disable,Disable,Disable,Disable,Disable,Disable,Disable,Disable,Disablevvvvvvvv,Disable,Disable,Disable,Disable,Disable,Disable,Disable,Disable,Disable,Disable,Disable,Disable,Disable,Disable,Disable,Disable,Disable,
08.06.2022 16:15:38,5,-41,50100,49,9890,490,48000,56000,10000,0,3095,3097,3100,3101,3098,3096,3102,3094,3089,3104,3105,3108,3102,3105,3108,3110,3110,16,3089,9,21,37,37,38,36,33,32,39,38,3,36,4,Disable,Disable,Disable,Disable,Disable,Disable,Disable,Disable,Disable,Disable,Disable,Disable,Disable,Disable,Disable,Disable,Disable,Disable,Disable,Disablevvvvvvvv,Disable,Disable,Disable,Disable,Disable,Disable,Disable,Disable,Disable,Disable,Disable,Disable,Disable,Disable,Disable,Disable,Disable,
08.06.2022 16:15:40,5,-41,50100,49,9890,490,48000,56000,10000,0,3095,3097,3100,3101,3098,3096,3102,3094,3089,3104,3105,3108,3102,3105,3108,3110,3110,16,3089,9,21,37,37,38,36,33,32,39,38,3,36,4,Disable,Disable,Disable,Disable,Disable,Disable,Disable,Disable,Disable,Disable,Disable,Disable,Disable,Disable,Disable,Disable,Disable,Disable,Disable,Disablevvvvvvvv,Disable,Disable,Disable,Disable,Disable,Disable,Disable,Disable,Disable,Disable,Disable,Disable,Disable,Disable,Disable,Disable,Disable,
08.06.2022 16:15:41,5,-41,50100,49,9890,490,48000,56000,10000,0,3095,3097,3100,3101,3098,3096,3102,3094,3089,3104,3105,3108,3102,3105,3108,3110,3110,16,3089,9,21,37,37,38,36,33,32,39,38,3,36,4,Disable,Disable,Disable,Disable,Disable,Disable,Disable,Disable,Disable,Disable,Disable,Disable,Disable,Disable,Disable,Disable,Disable,Disable,Disable,Disablevvvvvvvv,Disable,Disable,Disable,Disable,Disable,Disable,Disable,Disable,Disable,Disable,Disable,Disable,Disable,Disable,Disable,Disable,Disable,
08.06.2022 16:15:41,5,-41,50000,49,9890,490,48000,56000,10000,0,3089,3091,3094,3095,3092,3090,3095,3088,3081,3098,3098,3101,3095,3098,3101,3105,3105,16,3081,9,24,37,37,38,36,33,32,39,38,3,36,4,Disable,Disable,Disable,Disable,Disable,Disable,Disable,Disable,Disable,Disable,Disable,Disable,Disable,Disable,Disable,Disable,Disable,Disable,Disable,Disablevvvvvvvv,Disable,Disable,Disable,Disable,Disable,Disable,Disable,Disable,Disable,Disable,Disable,Disable,Disable,Disable,Disable,Disable,Disable,
08.06.2022 16:15:42,5,-41,50000,49,9890,490,48000,56000,10000,0,3089,3091,3094,3095,3092,3090,3095,3088,3081,3098,3098,3101,3095,3098,3101,3105,3105,16,3081,9,24,37,37,38,36,33,32,39,38,3,36,4,Disable,Disable,Disable,Disable,Disable,Disable,Disable,Disable,Disable,Disable,Disable,Disable,Disable,Disable,Disable,Disable,Disable,Disable,Disable,Disablevvvvvvvv,Disable,Disable,Disable,Disable,Disable,Disable,Disable,Disable,Disable,Disable,Disable,Disable,Disable,Disable,Disable,Disable,Disable,
08.06.2022 16:15:43,5,-41,50000,49,9890,490,48000,56000,10000,0,3089,3091,3094,3095,3092,3090,3095,3088,3081,3098,3098,3101,3095,3098,3101,3105,3105,16,3081,9,24,37,37,38,36,33,32,39,38,3,36,4,Disable,Disable,Disable,Disable,Disable,Disable,Disable,Disable,Disable,Disable,Disable,Disable,Disable,Disable,Disable,Disable,Disable,Disable,Disable,Disablevvvvvvvv,Disable,Disable,Disable,Disable,Disable,Disable,Disable,Disable,Disable,Disable,Disable,Disable,Disable,Disable,Disable,Disable,Disable,
08.06.2022 16:15:44,5,-41,50000,49,9890,490,48000,56000,10000,0,3084,3086,3090,3090,3088,3085,3091,3083,3076,3093,3094,3097,3090,3093,3096,3101,3101,16,3076,9,25,37,37,38,36,33,32,39,38,3,36,4,Disable,Disable,Disable,Disable,Disable,Disable,Disable,Disable,Disable,Disable,Disable,Disable,Disable,Disable,Disable,Disable,Disable,Disable,Disable,Disablevvvvvvvv,Disable,Disable,Disable,Disable,Disable,Disable,Disable,Disable,Disable,Disable,Disable,Disable,Disable,Disable,Disable,Disable,Disable,
08.06.2022 16:15:46,5,-41,50000,49,9890,490,48000,56000,10000,0,3084,3086,3090,3090,3088,3085,3091,3083,3076,3093,3094,3097,3090,3093,3096,3101,3101,16,3076,9,25,37,37,38,36,33,32,39,38,3,36,4,Disable,Disable,Disable,Disable,Disable,Disable,Disable,Disable,Disable,Disable,Disable,Disable,Disable,Disable,Disable,Disable,Disable,Disable,Disable,Disablevvvvvvvv,Disable,Disable,Disable,Disable,Disable,Disable,Disable,Disable,Disable,Disable,Disable,Disable,Disable,Disable,Disable,Disable,Disable,
08.06.2022 16:15:47,5,-41,50000,49,9890,490,48000,56000,10000,0,3084,3086,3090,3090,3088,3085,3091,3083,3076,3093,3094,3097,3090,3093,3096,3101,3101,16,3076,9,25,37,37,38,36,33,32,39,38,3,36,4,Disable,Disable,Disable,Disable,Disable,Disable,Disable,Disable,Disable,Disable,Disable,Disable,Disable,Disable,Disable,Disable,Disable,Disable,Disable,Disablevvvvvvvv,Disable,Disable,Disable,Disable,Disable,Disable,Disable,Disable,Disable,Disable,Disable,Disable,Disable,Disable,Disable,Disable,Disable,
08.06.2022 16:15:47,5,-41,50000,49,9890,490,48000,56000,10000,0,3082,3084,3087,3088,3085,3082,3089,3080,3072,3091,3092,3095,3087,3089,3091,3097,3097,16,3072,9,25,37,37,38,36,33,32,39,38,3,36,4,Disable,Disable,Disable,Disable,Disable,Disable,Disable,Disable,Disable,Disable,Disable,Disable,Disable,Disable,Disable,Disable,Disable,Disable,Disable,Disablevvvvvvvv,Disable,Disable,Disable,Disable,Disable,Disable,Disable,Disable,Disable,Disable,Disable,Disable,Disable,Disable,Disable,Disable,Disable,
08.06.2022 16:15:48,5,-41,50000,49,9890,490,48000,56000,10000,0,3082,3084,3087,3088,3085,3082,3089,3080,3072,3091,3092,3095,3087,3089,3091,3097,3097,16,3072,9,25,37,37,38,36,33,32,39,38,3,36,4,Disable,Disable,Disable,Disable,Disable,Disable,Disable,Disable,Disable,Disable,Disable,Disable,Disable,Disable,Disable,Disable,Disable,Disable,Disable,Disablevvvvvvvv,Disable,Disable,Disable,Disable,Disable,Disable,Disable,Disable,Disable,Disable,Disable,Disable,Disable,Disable,Disable,Disable,Disable,
08.06.2022 16:15:49,5,-41,50000,49,9890,490,48000,56000,10000,0,3082,3084,3087,3088,3085,3082,3089,3080,3072,3091,3092,3095,3087,3089,3091,3097,3097,16,3072,9,25,37,37,38,36,33,32,39,38,3,36,4,Disable,Disable,Disable,Disable,Disable,Disable,Disable,Disable,Disable,Disable,Disable,Disable,Disable,Disable,Disable,Disable,Disable,Disable,Disable,Disablevvvvvvvv,Disable,Disable,Disable,Disable,Disable,Disable,Disable,Disable,Disable,Disable,Disable,Disable,Disable,Disable,Disable,Disable,Disable,
08.06.2022 16:15:50,5,-42,50000,49,9890,490,48000,56000,10000,0,3081,3083,3087,3087,3084,3082,3089,3080,3071,3091,3092,3095,3086,3088,3089,3094,3095,12,3071,9,24,37,37,38,36,33,32,39,38,3,36,4,Disable,Disable,Disable,Disable,Disable,Disable,Disable,Disable,Disable,Disable,Disable,Disable,Disable,Disable,Disable,Disable,Disable,Disable,Disable,Disablevvvvvvvv,Disable,Disable,Disable,Disable,Disable,Disable,Disable,Disable,Disable,Disable,Disable,Disable,Disable,Disable,Disable,Disable,Disable,
08.06.2022 16:15:51,5,-42,50000,49,9890,490,48000,56000,10000,0,3081,3083,3087,3087,3084,3082,3089,3080,3071,3091,3092,3095,3086,3088,3089,3094,3095,12,3071,9,24,37,37,38,36,33,32,39,38,3,36,4,Disable,Disable,Disable,Disable,Disable,Disable,Disable,Disable,Disable,Disable,Disable,Disable,Disable,Disable,Disable,Disable,Disable,Disable,Disable,Disablevvvvvvvv,Disable,Disable,Disable,Disable,Disable,Disable,Disable,Disable,Disable,Disable,Disable,Disable,Disable,Disable,Disable,Disable,Disable,
08.06.2022 16:15:53,5,-42,50000,49,9890,490,48000,56000,10000,0,3081,3083,3087,3087,3084,3082,3089,3080,3071,3091,3092,3095,3086,3088,3089,3094,3095,12,3071,9,24,37,37,38,36,33,32,39,38,3,36,4,Disable,Disable,Disable,Disable,Disable,Disable,Disable,Disable,Disable,Disable,Disable,Disable,Disable,Disable,Disable,Disable,Disable,Disable,Disable,Disablevvvvvvvv,Disable,Disable,Disable,Disable,Disable,Disable,Disable,Disable,Disable,Disable,Disable,Disable,Disable,Disable,Disable,Disable,Disable,
08.06.2022 16:15:54,5,-41,50000,49,9890,490,48000,56000,10000,0,3083,3085,3089,3089,3086,3084,3091,3083,3074,3094,3095,3097,3088,3088,3089,3093,3097,12,3074,9,23,37,37,38,36,33,32,39,38,3,36,4,Disable,Disable,Disable,Disable,Disable,Disable,Disable,Disable,Disable,Disable,Disable,Disable,Disable,Disable,Disable,Disable,Disable,Disable,Disable,Disablevvvvvvvv,Disable,Disable,Disable,Disable,Disable,Disable,Disable,Disable,Disable,Disable,Disable,Disable,Disable,Disable,Disable,Disable,Disable,
08.06.2022 16:15:54,5,-41,50000,49,9890,490,48000,56000,10000,0,3083,3085,3089,3089,3086,3084,3091,3083,3074,3094,3095,3097,3088,3088,3089,3093,3097,12,3074,9,23,37,37,38,36,33,32,39,38,3,36,4,Disable,Disable,Disable,Disable,Disable,Disable,Disable,Disable,Disable,Disable,Disable,Disable,Disable,Disable,Disable,Disable,Disable,Disable,Disable,Disablevvvvvvvv,Disable,Disable,Disable,Disable,Disable,Disable,Disable,Disable,Disable,Disable,Disable,Disable,Disable,Disable,Disable,Disable,Disable,
08.06.2022 16:15:55,5,-41,50000,49,9890,490,48000,56000,10000,0,3083,3085,3089,3089,3086,3084,3091,3083,3074,3094,3095,3097,3088,3088,3089,3093,3097,12,3074,9,23,37,37,38,36,33,32,39,38,3,36,4,Disable,Disable,Disable,Disable,Disable,Disable,Disable,Disable,Disable,Disable,Disable,Disable,Disable,Disable,Disable,Disable,Disable,Disable,Disable,Disablevvvvvvvv,Disable,Disable,Disable,Disable,Disable,Disable,Disable,Disable,Disable,Disable,Disable,Disable,Disable,Disable,Disable,Disable,Disable,
08.06.2022 16:15:56,5,-41,50000,49,9890,490,48000,56000,10000,0,3088,3089,3093,3093,3090,3088,3095,3087,3079,3099,3100,3101,3092,3092,3091,3094,3101,12,3079,9,22,37,37,38,36,33,32,39,38,3,36,4,Disable,Disable,Disable,Disable,Disable,Disable,Disable,Disable,Disable,Disable,Disable,Disable,Disable,Disable,Disable,Disable,Disable,Disable,Disable,Disablevvvvvvvv,Disable,Disable,Disable,Disable,Disable,Disable,Disable,Disable,Disable,Disable,Disable,Disable,Disable,Disable,Disable,Disable,Disable,
08.06.2022 16:15:57,5,-41,50000,49,9890,490,48000,56000,10000,0,3088,3089,3093,3093,3090,3088,3095,3087,3079,3099,3100,3101,3092,3092,3091,3094,3101,12,3079,9,22,37,37,38,36,33,32,39,38,3,36,4,Disable,Disable,Disable,Disable,Disable,Disable,Disable,Disable,Disable,Disable,Disable,Disable,Disable,Disable,Disable,Disable,Disable,Disable,Disable,Disablevvvvvvvv,Disable,Disable,Disable,Disable,Disable,Disable,Disable,Disable,Disable,Disable,Disable,Disable,Disable,Disable,Disable,Disable,Disable,
08.06.2022 16:15:59,5,-41,50000,49,9890,490,48000,56000,10000,0,3088,3089,3093,3093,3090,3088,3095,3087,3079,3099,3100,3101,3092,3092,3091,3094,3101,12,3079,9,22,37,37,38,36,33,32,39,38,3,36,4,Disable,Disable,Disable,Disable,Disable,Disable,Disable,Disable,Disable,Disable,Disable,Disable,Disable,Disable,Disable,Disable,Disable,Disable,Disable,Disablevvvvvvvv,Disable,Disable,Disable,Disable,Disable,Disable,Disable,Disable,Disable,Disable,Disable,Disable,Disable,Disable,Disable,Disable,Disable,
08.06.2022 16:16:00,5,-41,50000,49,9890,490,48000,56000,10000,0,3094,3095,3099,3099,3096,3094,3101,3095,3087,3107,3107,3108,3098,3097,3095,3096,3108,12,3087,9,21,37,37,38,36,33,32,39,38,3,36,4,Disable,Disable,Disable,Disable,Disable,Disable,Disable,Disable,Disable,Disable,Disable,Disable,Disable,Disable,Disable,Disable,Disable,Disable,Disable,Disablevvvvvvvv,Disable,Disable,Disable,Disable,Disable,Disable,Disable,Disable,Disable,Disable,Disable,Disable,Disable,Disable,Disable,Disable,Disable,
08.06.2022 16:16:01,5,-41,50000,49,9890,490,48000,56000,10000,0,3094,3095,3099,3099,3096,3094,3101,3095,3087,3107,3107,3108,3098,3097,3095,3096,3108,12,3087,9,21,37,37,38,36,33,32,39,38,3,36,4,Disable,Disable,Disable,Disable,Disable,Disable,Disable,Disable,Disable,Disable,Disable,Disable,Disable,Disable,Disable,Disable,Disable,Disable,Disable,Disablevvvvvvvv,Disable,Disable,Disable,Disable,Disable,Disable,Disable,Disable,Disable,Disable,Disable,Disable,Disable,Disable,Disable,Disable,Disable,
08.06.2022 16:16:02,5,-41,50000,49,9890,490,48000,56000,10000,0,3094,3095,3099,3099,3096,3094,3101,3095,3087,3107,3107,3108,3098,3097,3095,3096,3108,12,3087,9,21,37,37,38,36,33,32,39,38,3,36,4,Disable,Disable,Disable,Disable,Disable,Disable,Disable,Disable,Disable,Disable,Disable,Disable,Disable,Disable,Disable,Disable,Disable,Disable,Disable,Disablevvvvvvvv,Disable,Disable,Disable,Disable,Disable,Disable,Disable,Disable,Disable,Disable,Disable,Disable,Disable,Disable,Disable,Disable,Disable,
08.06.2022 16:16:03,5,-41,50000,49,9890,490,48000,56000,10000,0,3100,3101,3105,3105,3102,3100,3108,3102,3095,3114,3114,3114,3104,3103,3100,3099,3108,12,3087,9,21,37,37,38,37,33,32,39,38,3,36,4,Disable,Disable,Disable,Disable,Disable,Disable,Disable,Disable,Disable,Disable,Disable,Disable,Disable,Disable,Disable,Disable,Disable,Disable,Disable,Disablevvvvvvvv,Disable,Disable,Disable,Disable,Disable,Disable,Disable,Disable,Disable,Disable,Disable,Disable,Disable,Disable,Disable,Disable,Disable,
08.06.2022 16:16:04,5,-41,50000,49,9890,490,48000,56000,10000,0,3100,3101,3105,3105,3102,3100,3108,3102,3095,3114,3114,3114,3104,3103,3100,3099,3114,12,3095,9,19,37,37,38,37,33,32,39,38,3,37,1,Disable,Disable,Disable,Disable,Disable,Disable,Disable,Disable,Disable,Disable,Disable,Disable,Disable,Disable,Disable,Disable,Disable,Disable,Disable,Disablevvvvvvvv,Disable,Disable,Disable,Disable,Disable,Disable,Disable,Disable,Disable,Disable,Disable,Disable,Disable,Disable,Disable,Disable,Disable,
08.06.2022 16:16:05,5,-41,50000,49,9890,490,48000,56000,10000,0,3100,3101,3105,3105,3102,3100,3108,3102,3095,3114,3114,3114,3104,3103,3100,3099,3114,12,3095,9,19,37,37,38,37,33,32,39,38,3,37,1,Disable,Disable,Disable,Disable,Disable,Disable,Disable,Disable,Disable,Disable,Disable,Disable,Disable,Disable,Disable,Disable,Disable,Disable,Disable,Disablevvvvvvvv,Disable,Disable,Disable,Disable,Disable,Disable,Disable,Disable,Disable,Disable,Disable,Disable,Disable,Disable,Disable,Disable,Disable,
08.06.2022 16:16:06,5,-41,50000,49,9890,490,48000,56000,10000,0,3100,3101,3105,3105,3102,3100,3108,3102,3095,3114,3114,3114,3104,3103,3100,3099,3114,12,3095,9,19,37,37,38,37,33,32,39,38,3,37,1,Disable,Disable,Disable,Disable,Disable,Disable,Disable,Disable,Disable,Disable,Disable,Disable,Disable,Disable,Disable,Disable,Disable,Disable,Disable,Disablevvvvvvvv,Disable,Disable,Disable,Disable,Disable,Disable,Disable,Disable,Disable,Disable,Disable,Disable,Disable,Disable,Disable,Disable,Disable,
08.06.2022 16:16:07,5,-42,50000,49,9890,490,48000,56000,10000,0,3105,3106,3109,3110,3107,3105,3113,3107,3101,3119,3119,3119,3109,3108,3104,3101,3119,10,3101,9,18,37,37,38,37,33,32,39,38,3,37,1,Disable,Disable,Disable,Disable,Disable,Disable,Disable,Disable,Disable,Disable,Disable,Disable,Disable,Disable,Disable,Disable,Disable,Disable,Disable,Disablevvvvvvvv,Disable,Disable,Disable,Disable,Disable,Disable,Disable,Disable,Disable,Disable,Disable,Disable,Disable,Disable,Disable,Disable,Disable,
08.06.2022 16:16:08,5,-42,50000,49,9890,490,48000,56000,10000,0,3105,3106,3109,3110,3107,3105,3113,3107,3101,3119,3119,3119,3109,3108,3104,3101,3119,10,3101,9,18,37,37,38,37,33,32,39,38,3,37,1,Disable,Disable,Disable,Disable,Disable,Disable,Disable,Disable,Disable,Disable,Disable,Disable,Disable,Disable,Disable,Disable,Disable,Disable,Disable,Disablevvvvvvvv,Disable,Disable,Disable,Disable,Disable,Disable,Disable,Disable,Disable,Disable,Disable,Disable,Disable,Disable,Disable,Disable,Disable,
