﻿时间,SOC(%),电池电流(A),电池电压(mV),堆包电压(V),总容量(mAh),剩余容量(mAh),放电电压(mV),充电电压(mV),充电请求电流(mA),放电请求电流(mA),电芯电压1(mv),电芯电压2(mv),电芯电压3(mv),电芯电压4(mv),电芯电压5(mv),电芯电压6(mv),电芯电压7(mv),电芯电压8(mv),电芯电压9(mv),电芯电压10(mv),电芯电压11(mv),电芯电压12(mv),电芯电压13(mv),电芯电压14(mv),电芯电压15(mv),电芯电压16(mv),最大电芯电压(mv),最大电芯序列,最小电芯电压(mv),最小电芯序列,电芯压差(mv),电芯温度(℃),电芯温度(℃),电芯温度(℃),电芯温度(℃),MOS温度(℃),MOS温度(℃),环境温度(℃),最大温度(℃),最大温度序列,最小温度(℃),最小温度序列,电芯过压告警,电芯欠压告警,总压过压告警,总压欠压告警,充电过温告警,充电欠温告警,放电过温告警,放电欠温告警,环境过温告警,环境欠温告警,MOS过温,充电过流告警,放电过流告警,压差告警,温差告警,电芯过压故障,电芯欠压故障,总压过压故障,总压欠压故障,充电过温故障,充电欠温故障,放电过温故障,放电欠温故障,环境过温故障,环境欠温故障,MOS过温故障,充电过流故障,放电过流故障,压差故障,温差故障,预充故障,禁止充电故障,硬件充电过流故障,硬件放电过流故障,硬件电芯过压故障,充电保护丢失,放电保护丢失
25.04.2022 14:08:41,91,0,53400,53,9190,8420,48000,56000,50000,-100000,3320,3324,3324,3323,3323,3324,3324,3323,3324,3324,3324,3324,3324,3324,3324,3323,3324,2,3320,1,4,21,21,22,22,23,22,29,22,3,21,1,Disable,Disable,Disable,Disable,Disable,Disable,Disable,Disable,Disable,Disable,Disable,Disable,Disable,Disable,Disable,Disable,Disable,Disable,Disable,Disablevvvvvvvv,Disable,Disable,Disable,Disable,Disable,Disable,Disable,Disable,Disable,Disable,Disable,Disable,Disable,Disable,Disable,Disable,Disable,
25.04.2022 14:08:42,91,0,53400,53,9190,8420,48000,56000,50000,-100000,3320,3324,3324,3323,3323,3324,3324,3323,3324,3324,3324,3324,3324,3324,3324,3323,3324,2,3320,1,4,21,21,22,22,23,22,29,22,3,21,1,Disable,Disable,Disable,Disable,Disable,Disable,Disable,Disable,Disable,Disable,Disable,Disable,Disable,Disable,Disable,Disable,Disable,Disable,Disable,Disablevvvvvvvv,Disable,Disable,Disable,Disable,Disable,Disable,Disable,Disable,Disable,Disable,Disable,Disable,Disable,Disable,Disable,Disable,Disable,
25.04.2022 14:08:43,91,0,53400,53,9190,8420,48000,56000,50000,-100000,3320,3324,3324,3323,3323,3324,3324,3323,3324,3324,3324,3324,3324,3324,3324,3323,3324,2,3320,1,4,21,21,22,22,23,22,29,22,3,21,1,Disable,Disable,Disable,Disable,Disable,Disable,Disable,Disable,Disable,Disable,Disable,Disable,Disable,Disable,Disable,Disable,Disable,Disable,Disable,Disablevvvvvvvv,Disable,Disable,Disable,Disable,Disable,Disable,Disable,Disable,Disable,Disable,Disable,Disable,Disable,Disable,Disable,Disable,Disable,
25.04.2022 14:08:44,91,0,53400,53,9190,8420,48000,56000,50000,-100000,3320,3324,3324,3323,3323,3324,3324,3323,3324,3324,3324,3324,3324,3324,3324,3323,3324,2,3320,1,4,21,21,22,22,23,22,29,22,3,21,1,Disable,Disable,Disable,Disable,Disable,Disable,Disable,Disable,Disable,Disable,Disable,Disable,Disable,Disable,Disable,Disable,Disable,Disable,Disable,Disablevvvvvvvv,Disable,Disable,Disable,Disable,Disable,Disable,Disable,Disable,Disable,Disable,Disable,Disable,Disable,Disable,Disable,Disable,Disable,
25.04.2022 14:08:45,91,0,53400,53,9190,8420,48000,56000,50000,-100000,3320,3324,3324,3323,3323,3324,3324,3323,3324,3324,3324,3324,3324,3324,3324,3323,3324,2,3320,1,4,21,21,22,22,23,22,29,22,3,21,1,Disable,Disable,Disable,Disable,Disable,Disable,Disable,Disable,Disable,Disable,Disable,Disable,Disable,Disable,Disable,Disable,Disable,Disable,Disable,Disablevvvvvvvv,Disable,Disable,Disable,Disable,Disable,Disable,Disable,Disable,Disable,Disable,Disable,Disable,Disable,Disable,Disable,Disable,Disable,
25.04.2022 14:08:46,91,0,53400,53,9190,8420,48000,56000,50000,-100000,3320,3324,3324,3323,3323,3324,3324,3323,3324,3324,3324,3324,3324,3324,3324,3323,3324,2,3320,1,4,21,21,22,22,23,22,29,22,3,21,1,Disable,Disable,Disable,Disable,Disable,Disable,Disable,Disable,Disable,Disable,Disable,Disable,Disable,Disable,Disable,Disable,Disable,Disable,Disable,Disablevvvvvvvv,Disable,Disable,Disable,Disable,Disable,Disable,Disable,Disable,Disable,Disable,Disable,Disable,Disable,Disable,Disable,Disable,Disable,
25.04.2022 14:08:47,91,0,53400,53,9190,8420,48000,56000,50000,-100000,3320,3324,3324,3323,3323,3324,3324,3323,3324,3324,3324,3324,3324,3324,3324,3323,3324,2,3320,1,4,21,21,22,22,23,22,29,22,3,21,1,Disable,Disable,Disable,Disable,Disable,Disable,Disable,Disable,Disable,Disable,Disable,Disable,Disable,Disable,Disable,Disable,Disable,Disable,Disable,Disablevvvvvvvv,Disable,Disable,Disable,Disable,Disable,Disable,Disable,Disable,Disable,Disable,Disable,Disable,Disable,Disable,Disable,Disable,Disable,
25.04.2022 14:08:48,91,0,53400,53,9190,8420,48000,56000,50000,-100000,3320,3324,3324,3323,3323,3324,3324,3323,3324,3324,3324,3324,3324,3324,3324,3323,3324,2,3320,1,4,21,21,22,22,23,22,29,22,3,21,1,Disable,Disable,Disable,Disable,Disable,Disable,Disable,Disable,Disable,Disable,Disable,Disable,Disable,Disable,Disable,Disable,Disable,Disable,Disable,Disablevvvvvvvv,Disable,Disable,Disable,Disable,Disable,Disable,Disable,Disable,Disable,Disable,Disable,Disable,Disable,Disable,Disable,Disable,Disable,
25.04.2022 14:08:49,91,0,53400,53,9190,8420,48000,56000,50000,-100000,3320,3324,3324,3323,3323,3324,3324,3323,3324,3324,3324,3324,3324,3324,3324,3323,3324,2,3320,1,4,21,21,22,22,23,22,29,22,3,21,1,Disable,Disable,Disable,Disable,Disable,Disable,Disable,Disable,Disable,Disable,Disable,Disable,Disable,Disable,Disable,Disable,Disable,Disable,Disable,Disablevvvvvvvv,Disable,Disable,Disable,Disable,Disable,Disable,Disable,Disable,Disable,Disable,Disable,Disable,Disable,Disable,Disable,Disable,Disable,
25.04.2022 14:08:50,91,0,53400,53,9190,8420,48000,56000,50000,-100000,3320,3324,3324,3323,3323,3324,3324,3323,3324,3324,3324,3324,3324,3324,3324,3323,3324,2,3320,1,4,21,21,22,22,23,22,29,22,3,21,1,Disable,Disable,Disable,Disable,Disable,Disable,Disable,Disable,Disable,Disable,Disable,Disable,Disable,Disable,Disable,Disable,Disable,Disable,Disable,Disablevvvvvvvv,Disable,Disable,Disable,Disable,Disable,Disable,Disable,Disable,Disable,Disable,Disable,Disable,Disable,Disable,Disable,Disable,Disable,
25.04.2022 14:08:51,91,0,53400,53,9190,8420,48000,56000,50000,-100000,3320,3324,3324,3323,3323,3324,3324,3323,3324,3324,3324,3324,3324,3324,3324,3323,3324,2,3320,1,4,21,21,22,22,23,22,30,22,3,21,1,Disable,Disable,Disable,Disable,Disable,Disable,Disable,Disable,Disable,Disable,Disable,Disable,Disable,Disable,Disable,Disable,Disable,Disable,Disable,Disablevvvvvvvv,Disable,Disable,Disable,Disable,Disable,Disable,Disable,Disable,Disable,Disable,Disable,Disable,Disable,Disable,Disable,Disable,Disable,
25.04.2022 14:08:52,91,0,53400,53,9190,8420,48000,56000,50000,-100000,3320,3324,3324,3323,3323,3324,3324,3323,3324,3324,3324,3324,3324,3324,3324,3323,3324,2,3320,1,4,21,21,22,22,23,22,30,22,3,21,1,Disable,Disable,Disable,Disable,Disable,Disable,Disable,Disable,Disable,Disable,Disable,Disable,Disable,Disable,Disable,Disable,Disable,Disable,Disable,Disablevvvvvvvv,Disable,Disable,Disable,Disable,Disable,Disable,Disable,Disable,Disable,Disable,Disable,Disable,Disable,Disable,Disable,Disable,Disable,
25.04.2022 14:08:53,91,0,53400,53,9190,8420,48000,56000,50000,-100000,3320,3324,3324,3323,3323,3324,3324,3323,3324,3324,3324,3324,3324,3324,3324,3323,3324,2,3320,1,4,21,21,22,22,23,22,30,22,3,21,1,Disable,Disable,Disable,Disable,Disable,Disable,Disable,Disable,Disable,Disable,Disable,Disable,Disable,Disable,Disable,Disable,Disable,Disable,Disable,Disablevvvvvvvv,Disable,Disable,Disable,Disable,Disable,Disable,Disable,Disable,Disable,Disable,Disable,Disable,Disable,Disable,Disable,Disable,Disable,
25.04.2022 14:08:54,91,0,53400,53,9190,8420,48000,56000,50000,-100000,3320,3324,3324,3323,3323,3324,3324,3323,3324,3324,3324,3324,3324,3324,3324,3323,3324,2,3320,1,4,21,21,22,22,23,22,30,22,3,21,1,Disable,Disable,Disable,Disable,Disable,Disable,Disable,Disable,Disable,Disable,Disable,Disable,Disable,Disable,Disable,Disable,Disable,Disable,Disable,Disablevvvvvvvv,Disable,Disable,Disable,Disable,Disable,Disable,Disable,Disable,Disable,Disable,Disable,Disable,Disable,Disable,Disable,Disable,Disable,
25.04.2022 14:08:55,91,0,53400,53,9190,8420,48000,56000,50000,-100000,3320,3324,3324,3323,3323,3324,3324,3323,3324,3324,3324,3324,3324,3324,3324,3323,3324,2,3320,1,4,21,21,22,22,23,22,30,22,3,21,1,Disable,Disable,Disable,Disable,Disable,Disable,Disable,Disable,Disable,Disable,Disable,Disable,Disable,Disable,Disable,Disable,Disable,Disable,Disable,Disablevvvvvvvv,Disable,Disable,Disable,Disable,Disable,Disable,Disable,Disable,Disable,Disable,Disable,Disable,Disable,Disable,Disable,Disable,Disable,
25.04.2022 14:08:56,91,0,53400,53,9190,8420,48000,56000,50000,-100000,3320,3324,3324,3323,3323,3324,3324,3323,3324,3324,3324,3324,3324,3324,3324,3323,3324,2,3320,1,4,21,21,22,22,23,22,30,22,3,21,1,Disable,Disable,Disable,Disable,Disable,Disable,Disable,Disable,Disable,Disable,Disable,Disable,Disable,Disable,Disable,Disable,Disable,Disable,Disable,Disablevvvvvvvv,Disable,Disable,Disable,Disable,Disable,Disable,Disable,Disable,Disable,Disable,Disable,Disable,Disable,Disable,Disable,Disable,Disable,
25.04.2022 14:08:57,91,0,53400,53,9190,8420,48000,56000,50000,-100000,3320,3324,3324,3323,3323,3324,3324,3323,3324,3324,3324,3324,3324,3324,3324,3323,3324,2,3320,1,4,21,21,22,22,23,22,30,22,3,21,1,Disable,Disable,Disable,Disable,Disable,Disable,Disable,Disable,Disable,Disable,Disable,Disable,Disable,Disable,Disable,Disable,Disable,Disable,Disable,Disablevvvvvvvv,Disable,Disable,Disable,Disable,Disable,Disable,Disable,Disable,Disable,Disable,Disable,Disable,Disable,Disable,Disable,Disable,Disable,
25.04.2022 14:08:58,91,0,53400,53,9190,8420,48000,56000,50000,-100000,3320,3324,3324,3323,3323,3324,3324,3323,3324,3324,3324,3324,3324,3324,3324,3323,3324,2,3320,1,4,21,21,22,22,23,22,30,22,3,21,1,Disable,Disable,Disable,Disable,Disable,Disable,Disable,Disable,Disable,Disable,Disable,Disable,Disable,Disable,Disable,Disable,Disable,Disable,Disable,Disablevvvvvvvv,Disable,Disable,Disable,Disable,Disable,Disable,Disable,Disable,Disable,Disable,Disable,Disable,Disable,Disable,Disable,Disable,Disable,
25.04.2022 14:08:59,91,0,53400,53,9190,8420,48000,56000,50000,-100000,3320,3324,3324,3323,3323,3324,3324,3323,3324,3324,3324,3324,3324,3324,3324,3323,3324,2,3320,1,4,21,21,22,22,23,22,30,22,3,21,1,Disable,Disable,Disable,Disable,Disable,Disable,Disable,Disable,Disable,Disable,Disable,Disable,Disable,Disable,Disable,Disable,Disable,Disable,Disable,Disablevvvvvvvv,Disable,Disable,Disable,Disable,Disable,Disable,Disable,Disable,Disable,Disable,Disable,Disable,Disable,Disable,Disable,Disable,Disable,
25.04.2022 14:09:00,91,0,53400,53,9190,8420,48000,56000,50000,-100000,3320,3324,3324,3323,3323,3324,3324,3323,3324,3324,3324,3324,3324,3324,3324,3323,3324,2,3320,1,4,21,21,22,22,23,22,30,22,3,21,1,Disable,Disable,Disable,Disable,Disable,Disable,Disable,Disable,Disable,Disable,Disable,Disable,Disable,Disable,Disable,Disable,Disable,Disable,Disable,Disablevvvvvvvv,Disable,Disable,Disable,Disable,Disable,Disable,Disable,Disable,Disable,Disable,Disable,Disable,Disable,Disable,Disable,Disable,Disable,
25.04.2022 14:09:01,91,0,53400,53,9190,8420,48000,56000,50000,-100000,3320,3324,3324,3323,3323,3324,3324,3323,3324,3324,3324,3324,3324,3324,3324,3323,3324,2,3320,1,4,21,21,22,22,23,22,30,22,3,21,1,Disable,Disable,Disable,Disable,Disable,Disable,Disable,Disable,Disable,Disable,Disable,Disable,Disable,Disable,Disable,Disable,Disable,Disable,Disable,Disablevvvvvvvv,Disable,Disable,Disable,Disable,Disable,Disable,Disable,Disable,Disable,Disable,Disable,Disable,Disable,Disable,Disable,Disable,Disable,
25.04.2022 14:09:02,91,0,53400,53,9190,8420,48000,56000,50000,-100000,3320,3324,3324,3323,3323,3324,3324,3323,3324,3324,3324,3324,3324,3324,3324,3323,3324,2,3320,1,4,21,21,22,22,23,22,30,22,3,21,1,Disable,Disable,Disable,Disable,Disable,Disable,Disable,Disable,Disable,Disable,Disable,Disable,Disable,Disable,Disable,Disable,Disable,Disable,Disable,Disablevvvvvvvv,Disable,Disable,Disable,Disable,Disable,Disable,Disable,Disable,Disable,Disable,Disable,Disable,Disable,Disable,Disable,Disable,Disable,
25.04.2022 14:09:03,91,0,53400,53,9190,8420,48000,56000,50000,-100000,3320,3324,3324,3323,3323,3324,3324,3323,3324,3324,3324,3324,3324,3324,3324,3323,3324,2,3320,1,4,21,21,22,22,23,22,30,22,3,21,1,Disable,Disable,Disable,Disable,Disable,Disable,Disable,Disable,Disable,Disable,Disable,Disable,Disable,Disable,Disable,Disable,Disable,Disable,Disable,Disablevvvvvvvv,Disable,Disable,Disable,Disable,Disable,Disable,Disable,Disable,Disable,Disable,Disable,Disable,Disable,Disable,Disable,Disable,Disable,
25.04.2022 14:09:04,91,0,53400,53,9190,8420,48000,56000,50000,-100000,3320,3324,3324,3323,3323,3324,3324,3323,3324,3324,3324,3324,3324,3324,3324,3323,3324,2,3320,1,4,21,21,22,22,23,22,30,22,3,21,1,Disable,Disable,Disable,Disable,Disable,Disable,Disable,Disable,Disable,Disable,Disable,Disable,Disable,Disable,Disable,Disable,Disable,Disable,Disable,Disablevvvvvvvv,Disable,Disable,Disable,Disable,Disable,Disable,Disable,Disable,Disable,Disable,Disable,Disable,Disable,Disable,Disable,Disable,Disable,
25.04.2022 14:09:05,91,0,53400,53,9190,8420,48000,56000,50000,-100000,3320,3324,3324,3323,3323,3324,3324,3323,3324,3324,3324,3324,3324,3324,3324,3323,3324,2,3320,1,4,21,21,22,22,23,22,30,22,3,21,1,Disable,Disable,Disable,Disable,Disable,Disable,Disable,Disable,Disable,Disable,Disable,Disable,Disable,Disable,Disable,Disable,Disable,Disable,Disable,Disablevvvvvvvv,Disable,Disable,Disable,Disable,Disable,Disable,Disable,Disable,Disable,Disable,Disable,Disable,Disable,Disable,Disable,Disable,Disable,
25.04.2022 14:09:06,91,0,53400,53,9190,8420,48000,56000,50000,-100000,3320,3324,3324,3323,3323,3324,3324,3323,3324,3324,3324,3324,3324,3324,3324,3323,3324,2,3320,1,4,21,21,22,22,23,22,30,22,3,21,1,Disable,Disable,Disable,Disable,Disable,Disable,Disable,Disable,Disable,Disable,Disable,Disable,Disable,Disable,Disable,Disable,Disable,Disable,Disable,Disablevvvvvvvv,Disable,Disable,Disable,Disable,Disable,Disable,Disable,Disable,Disable,Disable,Disable,Disable,Disable,Disable,Disable,Disable,Disable,
25.04.2022 14:09:07,91,0,53400,53,9190,8420,48000,56000,50000,-100000,3320,3324,3324,3323,3323,3324,3324,3323,3324,3324,3324,3324,3324,3324,3324,3323,3324,2,3320,1,4,21,21,22,22,23,22,30,22,3,21,1,Disable,Disable,Disable,Disable,Disable,Disable,Disable,Disable,Disable,Disable,Disable,Disable,Disable,Disable,Disable,Disable,Disable,Disable,Disable,Disablevvvvvvvv,Disable,Disable,Disable,Disable,Disable,Disable,Disable,Disable,Disable,Disable,Disable,Disable,Disable,Disable,Disable,Disable,Disable,
25.04.2022 14:09:08,91,0,53400,53,9190,8420,48000,56000,50000,-100000,3320,3324,3324,3323,3323,3324,3324,3323,3324,3324,3324,3324,3324,3324,3324,3323,3324,2,3320,1,4,21,21,22,22,23,22,30,22,3,21,1,Disable,Disable,Disable,Disable,Disable,Disable,Disable,Disable,Disable,Disable,Disable,Disable,Disable,Disable,Disable,Disable,Disable,Disable,Disable,Disablevvvvvvvv,Disable,Disable,Disable,Disable,Disable,Disable,Disable,Disable,Disable,Disable,Disable,Disable,Disable,Disable,Disable,Disable,Disable,
25.04.2022 14:09:09,91,0,53400,53,9190,8420,48000,56000,50000,-100000,3320,3324,3324,3323,3323,3324,3324,3323,3324,3324,3324,3324,3324,3324,3324,3323,3324,2,3320,1,4,21,21,22,22,23,22,30,22,3,21,1,Disable,Disable,Disable,Disable,Disable,Disable,Disable,Disable,Disable,Disable,Disable,Disable,Disable,Disable,Disable,Disable,Disable,Disable,Disable,Disablevvvvvvvv,Disable,Disable,Disable,Disable,Disable,Disable,Disable,Disable,Disable,Disable,Disable,Disable,Disable,Disable,Disable,Disable,Disable,
25.04.2022 14:09:10,91,0,53400,53,9190,8420,48000,56000,50000,-100000,3320,3324,3324,3323,3323,3324,3324,3323,3324,3324,3324,3324,3324,3324,3324,3323,3324,2,3320,1,4,21,21,22,22,23,22,30,22,3,21,1,Disable,Disable,Disable,Disable,Disable,Disable,Disable,Disable,Disable,Disable,Disable,Disable,Disable,Disable,Disable,Disable,Disable,Disable,Disable,Disablevvvvvvvv,Disable,Disable,Disable,Disable,Disable,Disable,Disable,Disable,Disable,Disable,Disable,Disable,Disable,Disable,Disable,Disable,Disable,
25.04.2022 14:09:11,91,0,53400,53,9190,8420,48000,56000,50000,-100000,3320,3324,3324,3323,3323,3324,3324,3323,3324,3324,3324,3324,3324,3324,3324,3323,3324,2,3320,1,4,21,21,22,22,23,22,30,22,3,21,1,Disable,Disable,Disable,Disable,Disable,Disable,Disable,Disable,Disable,Disable,Disable,Disable,Disable,Disable,Disable,Disable,Disable,Disable,Disable,Disablevvvvvvvv,Disable,Disable,Disable,Disable,Disable,Disable,Disable,Disable,Disable,Disable,Disable,Disable,Disable,Disable,Disable,Disable,Disable,
25.04.2022 14:09:12,91,0,53400,53,9190,8420,48000,56000,50000,-100000,3320,3324,3324,3323,3323,3324,3324,3323,3324,3324,3324,3324,3324,3324,3324,3323,3324,2,3320,1,4,21,21,22,22,23,22,30,22,3,21,1,Disable,Disable,Disable,Disable,Disable,Disable,Disable,Disable,Disable,Disable,Disable,Disable,Disable,Disable,Disable,Disable,Disable,Disable,Disable,Disablevvvvvvvv,Disable,Disable,Disable,Disable,Disable,Disable,Disable,Disable,Disable,Disable,Disable,Disable,Disable,Disable,Disable,Disable,Disable,
25.04.2022 14:09:13,91,0,53400,53,9190,8420,48000,56000,50000,-100000,3320,3324,3324,3323,3323,3324,3324,3323,3324,3324,3324,3324,3324,3324,3324,3323,3324,2,3320,1,4,21,21,22,22,23,22,30,22,3,21,1,Disable,Disable,Disable,Disable,Disable,Disable,Disable,Disable,Disable,Disable,Disable,Disable,Disable,Disable,Disable,Disable,Disable,Disable,Disable,Disablevvvvvvvv,Disable,Disable,Disable,Disable,Disable,Disable,Disable,Disable,Disable,Disable,Disable,Disable,Disable,Disable,Disable,Disable,Disable,
25.04.2022 14:09:14,91,0,53400,53,9190,8420,48000,56000,50000,-100000,3320,3324,3324,3323,3323,3324,3324,3323,3324,3324,3324,3324,3324,3324,3324,3323,3324,2,3320,1,4,21,21,22,22,23,22,30,22,3,21,1,Disable,Disable,Disable,Disable,Disable,Disable,Disable,Disable,Disable,Disable,Disable,Disable,Disable,Disable,Disable,Disable,Disable,Disable,Disable,Disablevvvvvvvv,Disable,Disable,Disable,Disable,Disable,Disable,Disable,Disable,Disable,Disable,Disable,Disable,Disable,Disable,Disable,Disable,Disable,
25.04.2022 14:09:15,91,0,53400,53,9190,8420,48000,56000,50000,-100000,3320,3324,3324,3323,3323,3324,3324,3323,3324,3324,3324,3324,3324,3324,3324,3323,3324,2,3320,1,4,21,21,22,22,23,22,30,22,3,21,1,Disable,Disable,Disable,Disable,Disable,Disable,Disable,Disable,Disable,Disable,Disable,Disable,Disable,Disable,Disable,Disable,Disable,Disable,Disable,Disablevvvvvvvv,Disable,Disable,Disable,Disable,Disable,Disable,Disable,Disable,Disable,Disable,Disable,Disable,Disable,Disable,Disable,Disable,Disable,
25.04.2022 14:09:16,91,0,53400,53,9190,8420,48000,56000,50000,-100000,3320,3324,3324,3323,3323,3324,3324,3323,3324,3324,3324,3324,3324,3324,3324,3323,3324,2,3320,1,4,21,21,22,22,23,22,30,22,3,21,1,Disable,Disable,Disable,Disable,Disable,Disable,Disable,Disable,Disable,Disable,Disable,Disable,Disable,Disable,Disable,Disable,Disable,Disable,Disable,Disablevvvvvvvv,Disable,Disable,Disable,Disable,Disable,Disable,Disable,Disable,Disable,Disable,Disable,Disable,Disable,Disable,Disable,Disable,Disable,
25.04.2022 14:09:17,91,0,53400,53,9190,8420,48000,56000,50000,-100000,3320,3324,3324,3323,3323,3324,3324,3323,3324,3324,3324,3324,3324,3324,3324,3323,3324,2,3320,1,4,21,21,22,22,23,22,30,22,3,21,1,Disable,Disable,Disable,Disable,Disable,Disable,Disable,Disable,Disable,Disable,Disable,Disable,Disable,Disable,Disable,Disable,Disable,Disable,Disable,Disablevvvvvvvv,Disable,Disable,Disable,Disable,Disable,Disable,Disable,Disable,Disable,Disable,Disable,Disable,Disable,Disable,Disable,Disable,Disable,
25.04.2022 14:09:18,91,0,53400,53,9190,8420,48000,56000,50000,-100000,3320,3324,3324,3323,3323,3324,3324,3323,3324,3324,3324,3324,3324,3324,3324,3323,3324,2,3320,1,4,21,21,22,22,23,22,30,22,3,21,1,Disable,Disable,Disable,Disable,Disable,Disable,Disable,Disable,Disable,Disable,Disable,Disable,Disable,Disable,Disable,Disable,Disable,Disable,Disable,Disablevvvvvvvv,Disable,Disable,Disable,Disable,Disable,Disable,Disable,Disable,Disable,Disable,Disable,Disable,Disable,Disable,Disable,Disable,Disable,
25.04.2022 14:09:19,91,0,53400,53,9190,8420,48000,56000,50000,-100000,3320,3324,3324,3323,3323,3324,3324,3323,3324,3324,3324,3324,3324,3324,3324,3323,3324,2,3320,1,4,21,21,22,22,23,22,30,22,3,21,1,Disable,Disable,Disable,Disable,Disable,Disable,Disable,Disable,Disable,Disable,Disable,Disable,Disable,Disable,Disable,Disable,Disable,Disable,Disable,Disablevvvvvvvv,Disable,Disable,Disable,Disable,Disable,Disable,Disable,Disable,Disable,Disable,Disable,Disable,Disable,Disable,Disable,Disable,Disable,
25.04.2022 14:09:20,91,0,53400,53,9190,8420,48000,56000,50000,-100000,3320,3324,3324,3323,3323,3324,3324,3323,3324,3324,3324,3324,3324,3324,3324,3323,3324,2,3320,1,4,21,21,22,22,23,22,30,22,3,21,1,Disable,Disable,Disable,Disable,Disable,Disable,Disable,Disable,Disable,Disable,Disable,Disable,Disable,Disable,Disable,Disable,Disable,Disable,Disable,Disablevvvvvvvv,Disable,Disable,Disable,Disable,Disable,Disable,Disable,Disable,Disable,Disable,Disable,Disable,Disable,Disable,Disable,Disable,Disable,
25.04.2022 14:09:21,91,0,53400,53,9190,8420,48000,56000,50000,-100000,3320,3324,3324,3323,3323,3324,3324,3323,3324,3324,3324,3324,3324,3324,3324,3323,3324,2,3320,1,4,21,21,22,22,23,22,30,22,3,21,1,Disable,Disable,Disable,Disable,Disable,Disable,Disable,Disable,Disable,Disable,Disable,Disable,Disable,Disable,Disable,Disable,Disable,Disable,Disable,Disablevvvvvvvv,Disable,Disable,Disable,Disable,Disable,Disable,Disable,Disable,Disable,Disable,Disable,Disable,Disable,Disable,Disable,Disable,Disable,
25.04.2022 14:09:22,91,0,53400,53,9190,8420,48000,56000,50000,-100000,3320,3324,3324,3323,3323,3324,3324,3323,3324,3324,3324,3324,3324,3324,3324,3323,3324,2,3320,1,4,21,21,22,22,23,22,30,22,3,21,1,Disable,Disable,Disable,Disable,Disable,Disable,Disable,Disable,Disable,Disable,Disable,Disable,Disable,Disable,Disable,Disable,Disable,Disable,Disable,Disablevvvvvvvv,Disable,Disable,Disable,Disable,Disable,Disable,Disable,Disable,Disable,Disable,Disable,Disable,Disable,Disable,Disable,Disable,Disable,
25.04.2022 14:09:23,91,0,53400,53,9190,8420,48000,56000,50000,-100000,3320,3324,3324,3323,3323,3324,3324,3323,3324,3324,3324,3324,3324,3324,3324,3323,3324,2,3320,1,4,21,21,22,22,23,22,30,22,3,21,1,Disable,Disable,Disable,Disable,Disable,Disable,Disable,Disable,Disable,Disable,Disable,Disable,Disable,Disable,Disable,Disable,Disable,Disable,Disable,Disablevvvvvvvv,Disable,Disable,Disable,Disable,Disable,Disable,Disable,Disable,Disable,Disable,Disable,Disable,Disable,Disable,Disable,Disable,Disable,
25.04.2022 14:09:24,91,0,53400,53,9190,8420,48000,56000,50000,-100000,3320,3324,3324,3323,3323,3324,3324,3323,3324,3324,3324,3324,3324,3324,3324,3323,3324,2,3320,1,4,21,21,22,22,23,22,30,22,3,21,1,Disable,Disable,Disable,Disable,Disable,Disable,Disable,Disable,Disable,Disable,Disable,Disable,Disable,Disable,Disable,Disable,Disable,Disable,Disable,Disablevvvvvvvv,Disable,Disable,Disable,Disable,Disable,Disable,Disable,Disable,Disable,Disable,Disable,Disable,Disable,Disable,Disable,Disable,Disable,
25.04.2022 14:09:25,91,0,53400,53,9190,8420,48000,56000,50000,-100000,3320,3324,3324,3323,3323,3324,3324,3323,3324,3324,3324,3324,3324,3324,3324,3323,3324,2,3320,1,4,21,21,22,22,23,22,30,22,3,21,1,Disable,Disable,Disable,Disable,Disable,Disable,Disable,Disable,Disable,Disable,Disable,Disable,Disable,Disable,Disable,Disable,Disable,Disable,Disable,Disablevvvvvvvv,Disable,Disable,Disable,Disable,Disable,Disable,Disable,Disable,Disable,Disable,Disable,Disable,Disable,Disable,Disable,Disable,Disable,
25.04.2022 14:09:26,91,0,53400,53,9190,8420,48000,56000,50000,-100000,3320,3324,3324,3323,3323,3324,3324,3323,3324,3324,3324,3324,3324,3324,3324,3323,3324,2,3320,1,4,21,21,22,22,23,22,30,22,3,21,1,Disable,Disable,Disable,Disable,Disable,Disable,Disable,Disable,Disable,Disable,Disable,Disable,Disable,Disable,Disable,Disable,Disable,Disable,Disable,Disablevvvvvvvv,Disable,Disable,Disable,Disable,Disable,Disable,Disable,Disable,Disable,Disable,Disable,Disable,Disable,Disable,Disable,Disable,Disable,
25.04.2022 14:09:27,91,0,53400,53,9190,8420,48000,56000,50000,-100000,3320,3324,3324,3323,3323,3324,3324,3323,3324,3324,3324,3324,3324,3324,3324,3323,3324,2,3320,1,4,21,21,22,22,23,22,30,22,3,21,1,Disable,Disable,Disable,Disable,Disable,Disable,Disable,Disable,Disable,Disable,Disable,Disable,Disable,Disable,Disable,Disable,Disable,Disable,Disable,Disablevvvvvvvv,Disable,Disable,Disable,Disable,Disable,Disable,Disable,Disable,Disable,Disable,Disable,Disable,Disable,Disable,Disable,Disable,Disable,
25.04.2022 14:09:28,91,0,53400,53,9190,8420,48000,56000,50000,-100000,3320,3324,3324,3323,3323,3324,3324,3323,3324,3324,3324,3324,3324,3324,3324,3323,3324,2,3320,1,4,21,21,22,22,23,22,30,22,3,21,1,Disable,Disable,Disable,Disable,Disable,Disable,Disable,Disable,Disable,Disable,Disable,Disable,Disable,Disable,Disable,Disable,Disable,Disable,Disable,Disablevvvvvvvv,Disable,Disable,Disable,Disable,Disable,Disable,Disable,Disable,Disable,Disable,Disable,Disable,Disable,Disable,Disable,Disable,Disable,
25.04.2022 14:09:29,91,0,53400,53,9190,8420,48000,56000,50000,-100000,3320,3324,3324,3323,3323,3324,3324,3323,3324,3324,3324,3324,3324,3324,3324,3323,3324,2,3320,1,4,21,21,22,22,23,22,30,22,3,21,1,Disable,Disable,Disable,Disable,Disable,Disable,Disable,Disable,Disable,Disable,Disable,Disable,Disable,Disable,Disable,Disable,Disable,Disable,Disable,Disablevvvvvvvv,Disable,Disable,Disable,Disable,Disable,Disable,Disable,Disable,Disable,Disable,Disable,Disable,Disable,Disable,Disable,Disable,Disable,
25.04.2022 14:09:30,91,0,53400,53,9190,8420,48000,56000,50000,-100000,3320,3324,3324,3323,3323,3324,3324,3323,3324,3324,3324,3324,3324,3324,3324,3323,3324,2,3320,1,4,21,21,22,22,23,22,30,22,3,21,1,Disable,Disable,Disable,Disable,Disable,Disable,Disable,Disable,Disable,Disable,Disable,Disable,Disable,Disable,Disable,Disable,Disable,Disable,Disable,Disablevvvvvvvv,Disable,Disable,Disable,Disable,Disable,Disable,Disable,Disable,Disable,Disable,Disable,Disable,Disable,Disable,Disable,Disable,Disable,
25.04.2022 14:09:31,91,0,53400,53,9190,8420,48000,56000,50000,-100000,3320,3324,3324,3323,3323,3324,3324,3323,3324,3324,3324,3324,3324,3324,3324,3323,3324,2,3320,1,4,21,21,22,22,23,22,30,22,3,21,1,Disable,Disable,Disable,Disable,Disable,Disable,Disable,Disable,Disable,Disable,Disable,Disable,Disable,Disable,Disable,Disable,Disable,Disable,Disable,Disablevvvvvvvv,Disable,Disable,Disable,Disable,Disable,Disable,Disable,Disable,Disable,Disable,Disable,Disable,Disable,Disable,Disable,Disable,Disable,
25.04.2022 14:09:32,91,0,53400,53,9190,8420,48000,56000,50000,-100000,3320,3324,3324,3323,3323,3324,3324,3323,3324,3324,3324,3324,3324,3324,3324,3323,3324,2,3320,1,4,21,21,22,22,23,22,30,22,3,21,1,Disable,Disable,Disable,Disable,Disable,Disable,Disable,Disable,Disable,Disable,Disable,Disable,Disable,Disable,Disable,Disable,Disable,Disable,Disable,Disablevvvvvvvv,Disable,Disable,Disable,Disable,Disable,Disable,Disable,Disable,Disable,Disable,Disable,Disable,Disable,Disable,Disable,Disable,Disable,
25.04.2022 14:09:33,91,0,53400,53,9190,8420,48000,56000,50000,-100000,3320,3324,3324,3323,3323,3324,3324,3323,3324,3324,3324,3324,3324,3324,3324,3323,3324,2,3320,1,4,21,21,22,22,23,22,30,22,3,21,1,Disable,Disable,Disable,Disable,Disable,Disable,Disable,Disable,Disable,Disable,Disable,Disable,Disable,Disable,Disable,Disable,Disable,Disable,Disable,Disablevvvvvvvv,Disable,Disable,Disable,Disable,Disable,Disable,Disable,Disable,Disable,Disable,Disable,Disable,Disable,Disable,Disable,Disable,Disable,
25.04.2022 14:09:34,91,0,53400,53,9190,8420,48000,56000,50000,-100000,3320,3324,3324,3323,3323,3324,3324,3323,3324,3324,3324,3324,3324,3324,3324,3323,3324,2,3320,1,4,21,21,22,22,23,22,30,22,3,21,1,Disable,Disable,Disable,Disable,Disable,Disable,Disable,Disable,Disable,Disable,Disable,Disable,Disable,Disable,Disable,Disable,Disable,Disable,Disable,Disablevvvvvvvv,Disable,Disable,Disable,Disable,Disable,Disable,Disable,Disable,Disable,Disable,Disable,Disable,Disable,Disable,Disable,Disable,Disable,
25.04.2022 14:09:35,91,0,53400,53,9190,8420,48000,56000,50000,-100000,3320,3324,3324,3323,3323,3324,3324,3323,3324,3324,3324,3324,3324,3324,3324,3323,3324,2,3320,1,4,21,21,22,22,23,22,30,22,3,21,1,Disable,Disable,Disable,Disable,Disable,Disable,Disable,Disable,Disable,Disable,Disable,Disable,Disable,Disable,Disable,Disable,Disable,Disable,Disable,Disablevvvvvvvv,Disable,Disable,Disable,Disable,Disable,Disable,Disable,Disable,Disable,Disable,Disable,Disable,Disable,Disable,Disable,Disable,Disable,
25.04.2022 14:09:36,91,0,53400,53,9190,8420,48000,56000,50000,-100000,3320,3324,3324,3323,3323,3324,3324,3323,3324,3324,3324,3324,3324,3324,3324,3323,3324,2,3320,1,4,21,21,22,22,23,22,30,22,3,21,1,Disable,Disable,Disable,Disable,Disable,Disable,Disable,Disable,Disable,Disable,Disable,Disable,Disable,Disable,Disable,Disable,Disable,Disable,Disable,Disablevvvvvvvv,Disable,Disable,Disable,Disable,Disable,Disable,Disable,Disable,Disable,Disable,Disable,Disable,Disable,Disable,Disable,Disable,Disable,
25.04.2022 14:09:37,91,0,53400,53,9190,8420,48000,56000,50000,-100000,3320,3324,3324,3323,3323,3324,3324,3323,3324,3324,3324,3324,3324,3324,3324,3323,3324,2,3320,1,4,21,21,22,22,23,22,30,22,3,21,1,Disable,Disable,Disable,Disable,Disable,Disable,Disable,Disable,Disable,Disable,Disable,Disable,Disable,Disable,Disable,Disable,Disable,Disable,Disable,Disablevvvvvvvv,Disable,Disable,Disable,Disable,Disable,Disable,Disable,Disable,Disable,Disable,Disable,Disable,Disable,Disable,Disable,Disable,Disable,
25.04.2022 14:09:38,91,0,53400,53,9190,8420,48000,56000,50000,-100000,3320,3324,3324,3323,3323,3324,3324,3323,3324,3324,3324,3324,3324,3324,3324,3323,3324,2,3320,1,4,21,21,22,22,23,22,30,22,3,21,1,Disable,Disable,Disable,Disable,Disable,Disable,Disable,Disable,Disable,Disable,Disable,Disable,Disable,Disable,Disable,Disable,Disable,Disable,Disable,Disablevvvvvvvv,Disable,Disable,Disable,Disable,Disable,Disable,Disable,Disable,Disable,Disable,Disable,Disable,Disable,Disable,Disable,Disable,Disable,
25.04.2022 14:09:39,91,0,53400,53,9190,8420,48000,56000,50000,-100000,3320,3324,3324,3323,3323,3324,3324,3323,3324,3324,3324,3324,3324,3324,3324,3323,3324,2,3320,1,4,21,21,22,22,23,22,30,22,3,21,1,Disable,Disable,Disable,Disable,Disable,Disable,Disable,Disable,Disable,Disable,Disable,Disable,Disable,Disable,Disable,Disable,Disable,Disable,Disable,Disablevvvvvvvv,Disable,Disable,Disable,Disable,Disable,Disable,Disable,Disable,Disable,Disable,Disable,Disable,Disable,Disable,Disable,Disable,Disable,
25.04.2022 14:09:40,91,0,53400,53,9190,8420,48000,56000,50000,-100000,3320,3324,3324,3323,3323,3324,3324,3323,3324,3324,3324,3324,3324,3324,3324,3323,3324,2,3320,1,4,21,21,22,22,23,22,30,22,3,21,1,Disable,Disable,Disable,Disable,Disable,Disable,Disable,Disable,Disable,Disable,Disable,Disable,Disable,Disable,Disable,Disable,Disable,Disable,Disable,Disablevvvvvvvv,Disable,Disable,Disable,Disable,Disable,Disable,Disable,Disable,Disable,Disable,Disable,Disable,Disable,Disable,Disable,Disable,Disable,
25.04.2022 14:09:41,91,0,53400,53,9190,8420,48000,56000,50000,-100000,3320,3324,3324,3323,3323,3324,3324,3323,3324,3324,3324,3324,3324,3324,3324,3323,3324,2,3320,1,4,21,21,22,22,23,22,30,22,3,21,1,Disable,Disable,Disable,Disable,Disable,Disable,Disable,Disable,Disable,Disable,Disable,Disable,Disable,Disable,Disable,Disable,Disable,Disable,Disable,Disablevvvvvvvv,Disable,Disable,Disable,Disable,Disable,Disable,Disable,Disable,Disable,Disable,Disable,Disable,Disable,Disable,Disable,Disable,Disable,
25.04.2022 14:09:42,91,0,53400,53,9190,8420,48000,56000,50000,-100000,3320,3324,3324,3323,3323,3324,3324,3323,3324,3324,3324,3324,3324,3324,3324,3323,3324,2,3320,1,4,21,21,22,22,23,22,30,22,3,21,1,Disable,Disable,Disable,Disable,Disable,Disable,Disable,Disable,Disable,Disable,Disable,Disable,Disable,Disable,Disable,Disable,Disable,Disable,Disable,Disablevvvvvvvv,Disable,Disable,Disable,Disable,Disable,Disable,Disable,Disable,Disable,Disable,Disable,Disable,Disable,Disable,Disable,Disable,Disable,
25.04.2022 14:09:43,91,0,53400,53,9190,8420,48000,56000,50000,-100000,3320,3324,3324,3323,3323,3324,3324,3323,3324,3324,3324,3324,3324,3324,3324,3323,3324,2,3320,1,4,21,21,22,22,23,22,30,22,3,21,1,Disable,Disable,Disable,Disable,Disable,Disable,Disable,Disable,Disable,Disable,Disable,Disable,Disable,Disable,Disable,Disable,Disable,Disable,Disable,Disablevvvvvvvv,Disable,Disable,Disable,Disable,Disable,Disable,Disable,Disable,Disable,Disable,Disable,Disable,Disable,Disable,Disable,Disable,Disable,
25.04.2022 14:09:44,91,0,53400,53,9190,8420,48000,56000,50000,-100000,3320,3324,3324,3323,3323,3324,3324,3323,3324,3324,3324,3324,3324,3324,3324,3323,3324,2,3320,1,4,21,21,22,22,23,22,30,22,3,21,1,Disable,Disable,Disable,Disable,Disable,Disable,Disable,Disable,Disable,Disable,Disable,Disable,Disable,Disable,Disable,Disable,Disable,Disable,Disable,Disablevvvvvvvv,Disable,Disable,Disable,Disable,Disable,Disable,Disable,Disable,Disable,Disable,Disable,Disable,Disable,Disable,Disable,Disable,Disable,
25.04.2022 14:09:45,91,0,53400,53,9190,8420,48000,56000,50000,-100000,3320,3324,3324,3323,3323,3324,3324,3323,3324,3324,3324,3324,3324,3324,3324,3323,3324,2,3320,1,4,21,21,22,22,23,22,30,22,3,21,1,Disable,Disable,Disable,Disable,Disable,Disable,Disable,Disable,Disable,Disable,Disable,Disable,Disable,Disable,Disable,Disable,Disable,Disable,Disable,Disablevvvvvvvv,Disable,Disable,Disable,Disable,Disable,Disable,Disable,Disable,Disable,Disable,Disable,Disable,Disable,Disable,Disable,Disable,Disable,
25.04.2022 14:09:46,91,0,53400,53,9190,8420,48000,56000,50000,-100000,3320,3324,3324,3323,3323,3324,3324,3323,3324,3324,3324,3324,3324,3324,3324,3323,3324,2,3320,1,4,21,21,22,22,23,22,30,22,3,21,1,Disable,Disable,Disable,Disable,Disable,Disable,Disable,Disable,Disable,Disable,Disable,Disable,Disable,Disable,Disable,Disable,Disable,Disable,Disable,Disablevvvvvvvv,Disable,Disable,Disable,Disable,Disable,Disable,Disable,Disable,Disable,Disable,Disable,Disable,Disable,Disable,Disable,Disable,Disable,
25.04.2022 14:09:47,91,0,53400,53,9190,8420,48000,56000,50000,-100000,3320,3324,3324,3323,3323,3324,3324,3323,3324,3324,3324,3324,3324,3324,3324,3323,3324,2,3320,1,4,21,21,22,22,23,22,30,22,3,21,1,Disable,Disable,Disable,Disable,Disable,Disable,Disable,Disable,Disable,Disable,Disable,Disable,Disable,Disable,Disable,Disable,Disable,Disable,Disable,Disablevvvvvvvv,Disable,Disable,Disable,Disable,Disable,Disable,Disable,Disable,Disable,Disable,Disable,Disable,Disable,Disable,Disable,Disable,Disable,
25.04.2022 14:09:48,91,0,53400,53,9190,8420,48000,56000,50000,-100000,3320,3324,3324,3323,3323,3324,3324,3323,3324,3324,3324,3324,3324,3324,3324,3323,3324,2,3320,1,4,21,21,22,22,23,22,30,22,3,21,1,Disable,Disable,Disable,Disable,Disable,Disable,Disable,Disable,Disable,Disable,Disable,Disable,Disable,Disable,Disable,Disable,Disable,Disable,Disable,Disablevvvvvvvv,Disable,Disable,Disable,Disable,Disable,Disable,Disable,Disable,Disable,Disable,Disable,Disable,Disable,Disable,Disable,Disable,Disable,
25.04.2022 14:09:49,91,0,53400,53,9190,8420,48000,56000,50000,-100000,3320,3324,3324,3323,3323,3324,3324,3323,3324,3324,3324,3324,3324,3324,3324,3323,3324,2,3320,1,4,21,21,22,22,23,22,30,22,3,21,1,Disable,Disable,Disable,Disable,Disable,Disable,Disable,Disable,Disable,Disable,Disable,Disable,Disable,Disable,Disable,Disable,Disable,Disable,Disable,Disablevvvvvvvv,Disable,Disable,Disable,Disable,Disable,Disable,Disable,Disable,Disable,Disable,Disable,Disable,Disable,Disable,Disable,Disable,Disable,
25.04.2022 14:09:50,91,0,53400,53,9190,8420,48000,56000,50000,-100000,3320,3324,3324,3323,3323,3324,3324,3323,3324,3324,3324,3324,3324,3324,3324,3323,3324,2,3320,1,4,21,21,22,22,23,22,30,22,3,21,1,Disable,Disable,Disable,Disable,Disable,Disable,Disable,Disable,Disable,Disable,Disable,Disable,Disable,Disable,Disable,Disable,Disable,Disable,Disable,Disablevvvvvvvv,Disable,Disable,Disable,Disable,Disable,Disable,Disable,Disable,Disable,Disable,Disable,Disable,Disable,Disable,Disable,Disable,Disable,
25.04.2022 14:09:51,91,0,53400,53,9190,8420,48000,56000,50000,-100000,3320,3324,3324,3323,3323,3324,3324,3323,3324,3324,3324,3324,3324,3324,3324,3323,3324,2,3320,1,4,21,21,22,22,23,22,30,22,3,21,1,Disable,Disable,Disable,Disable,Disable,Disable,Disable,Disable,Disable,Disable,Disable,Disable,Disable,Disable,Disable,Disable,Disable,Disable,Disable,Disablevvvvvvvv,Disable,Disable,Disable,Disable,Disable,Disable,Disable,Disable,Disable,Disable,Disable,Disable,Disable,Disable,Disable,Disable,Disable,
25.04.2022 14:09:52,91,0,53400,53,9190,8420,48000,56000,50000,-100000,3320,3324,3324,3323,3323,3324,3324,3323,3324,3324,3324,3324,3324,3324,3324,3323,3324,2,3320,1,4,21,21,22,22,23,22,30,22,3,21,1,Disable,Disable,Disable,Disable,Disable,Disable,Disable,Disable,Disable,Disable,Disable,Disable,Disable,Disable,Disable,Disable,Disable,Disable,Disable,Disablevvvvvvvv,Disable,Disable,Disable,Disable,Disable,Disable,Disable,Disable,Disable,Disable,Disable,Disable,Disable,Disable,Disable,Disable,Disable,
25.04.2022 14:09:53,91,0,53400,53,9190,8420,48000,56000,50000,-100000,3320,3324,3324,3323,3323,3324,3324,3323,3324,3324,3324,3324,3324,3324,3324,3323,3324,2,3320,1,4,21,21,22,22,23,22,30,22,3,21,1,Disable,Disable,Disable,Disable,Disable,Disable,Disable,Disable,Disable,Disable,Disable,Disable,Disable,Disable,Disable,Disable,Disable,Disable,Disable,Disablevvvvvvvv,Disable,Disable,Disable,Disable,Disable,Disable,Disable,Disable,Disable,Disable,Disable,Disable,Disable,Disable,Disable,Disable,Disable,
25.04.2022 14:09:54,91,0,53400,53,9190,8420,48000,56000,50000,-100000,3320,3324,3324,3323,3323,3324,3324,3323,3324,3324,3324,3324,3324,3324,3324,3323,3324,2,3320,1,4,21,21,22,22,23,22,30,22,3,21,1,Disable,Disable,Disable,Disable,Disable,Disable,Disable,Disable,Disable,Disable,Disable,Disable,Disable,Disable,Disable,Disable,Disable,Disable,Disable,Disablevvvvvvvv,Disable,Disable,Disable,Disable,Disable,Disable,Disable,Disable,Disable,Disable,Disable,Disable,Disable,Disable,Disable,Disable,Disable,
25.04.2022 14:09:55,91,0,53400,53,9190,8420,48000,56000,50000,-100000,3320,3324,3324,3323,3323,3324,3324,3323,3324,3324,3324,3324,3324,3324,3324,3323,3324,2,3320,1,4,21,21,22,22,23,22,30,22,3,21,1,Disable,Disable,Disable,Disable,Disable,Disable,Disable,Disable,Disable,Disable,Disable,Disable,Disable,Disable,Disable,Disable,Disable,Disable,Disable,Disablevvvvvvvv,Disable,Disable,Disable,Disable,Disable,Disable,Disable,Disable,Disable,Disable,Disable,Disable,Disable,Disable,Disable,Disable,Disable,
25.04.2022 14:09:56,91,0,53400,53,9190,8420,48000,56000,50000,-100000,3320,3324,3324,3323,3323,3324,3324,3323,3324,3324,3324,3324,3324,3324,3324,3323,3324,2,3320,1,4,21,21,22,22,23,22,30,22,3,21,1,Disable,Disable,Disable,Disable,Disable,Disable,Disable,Disable,Disable,Disable,Disable,Disable,Disable,Disable,Disable,Disable,Disable,Disable,Disable,Disablevvvvvvvv,Disable,Disable,Disable,Disable,Disable,Disable,Disable,Disable,Disable,Disable,Disable,Disable,Disable,Disable,Disable,Disable,Disable,
25.04.2022 14:09:57,91,0,53400,53,9190,8420,48000,56000,50000,-100000,3320,3324,3324,3323,3323,3324,3324,3323,3324,3324,3324,3324,3324,3324,3324,3323,3324,2,3320,1,4,21,21,22,22,23,22,30,22,3,21,1,Disable,Disable,Disable,Disable,Disable,Disable,Disable,Disable,Disable,Disable,Disable,Disable,Disable,Disable,Disable,Disable,Disable,Disable,Disable,Disablevvvvvvvv,Disable,Disable,Disable,Disable,Disable,Disable,Disable,Disable,Disable,Disable,Disable,Disable,Disable,Disable,Disable,Disable,Disable,
25.04.2022 14:09:58,91,0,53400,53,9190,8420,48000,56000,50000,-100000,3320,3324,3324,3323,3323,3324,3324,3323,3324,3324,3324,3324,3324,3324,3324,3323,3324,2,3320,1,4,21,21,22,22,23,22,30,22,3,21,1,Disable,Disable,Disable,Disable,Disable,Disable,Disable,Disable,Disable,Disable,Disable,Disable,Disable,Disable,Disable,Disable,Disable,Disable,Disable,Disablevvvvvvvv,Disable,Disable,Disable,Disable,Disable,Disable,Disable,Disable,Disable,Disable,Disable,Disable,Disable,Disable,Disable,Disable,Disable,
